Workbook

Sheet PL-CPL
A1: No | B1: Kode PL | C1: Profil Lulusan (PL) | F1: No | G1: Kode CPL | H1: Deskripsi CPL | I1: Kategori | K1: CPL/PL | L1: PL01 | M1: PL02 | N1: PL03 | O1: PL04 | P1: PL05 | Q1: PL06
A2: 1 | B2: PL01 | C2: Lulusan memiliki kemampuan pengembangan, implementasi, evaluasi, mengintegrasikan solusi berbasis komputasi yang sesuai dengan perkembangan teknologi informasi cerdas untuk mendukung layanan publik dan ekonomi digital | F2: 1 | G2: CPL01 | H2: Mampu bekerja secara mandiri ataupun dalam tim, serta menunjukkan sikap profesional dan etis dalam menjalankan tugas dan tanggung jawab untuk menyelesaikan proyek-proyek terkait teknologi informasi cerdas dalam pengembangan layanan publik dan ekonomi digital | I2: Sikap (S) | K2: CPL01 | M2: V
A3: 2 | B3: PL02 | C3: Lulusan memiliki kemampuan membangun dan diseminasi pengetahuan, merencanakan, bekerjasama, memimpin, berpikir kritis, kreatif, komunikasi dan interpersonal yang baik serta berkontribusi dalam peningkatan mutu kehidupan bermasyarakat, berbangsa dan bernegara berdasarkan Pancasila untuk mendukung layanan publik dan ekonomi digital | F3: 2 | G3: CPL02 | H3: Mampu mengembangkan kemampuan berkomunikasi lisan secara efektif, berpikir kritis, kreatif, dan profesional serta dapat menghasilkan karya ilmiah yang orisinal dalam menyelesaikan permasalahan terkait teknologi informasi cerdas melalui pemanfaatan penelitian teknologi informasi dengan berbagai pihak terkait. | K3: CPL02 | M3: V
A4: 3 | B4: PL03 | C4: Lulusan memiliki kemampuan menganalisis dan mengevaluasi penerapan teknologi informasi termasuk sistem basis data, keamanan informasi, manajemen proyek pada layanan publik dan ekonomi digital | F4: 3 | G4: CPL03 | H4: Memiliki kemampuan menganalisis, mengevaluasi, dan membuat keputusan berdasarkan pengetahuan di bidang teknologi informasi cerdas dalam konteks dukungan terhadap pengembangan layanan publik dan ekonomi digital | I4: Keterampilan Umum (KU) | K4: CPL03 | L4: V | P4: V
A5: 4 | B5: PL04 | C5: Lulusan memiliki kemampuan mengembangkan teknologi informasi cerdas, mengkaji isu-isu teknologi dan pengembangan dan pelaksanaan rencana strategis | F5: 4 | G5: CPL04 | H5: Mampu mengevaluasi, membuat kesimpulan, dan membuat keputusan berdasarkan pengetahuan teknologi informasi khususnya teknologi informasi cerdas terbaru berkaitan dengan manajemen pengembangan layanan publik dan ekonomi digital | K5: CPL04 | O5: V | P5: V
A6: 5 | B6: PL05 | C6: Lulusan mampu mengidentifikasi, menganalisis, meneliti literatur, mengevaluasi, dan memformulasi solusi-solusi algoritmik untuk masalah komputasi yang kompleks, dengan menggunakan prinsip matematika, komputasi, dan disiplin ilmu yang relevan. | D6: Kompetensi Utama bidang Informatika | F6: 5 | G6: CPL05 | H6: Memiliki kemampuan menganalisa, mengevaluasi, dan membuat keputusan berbasis kinerja solusi komputasi cerdas untuk mendukung layanan publik dan ekonomi digital | I6: Keterampilan Khusus (KK) | K6: CPL05 | N6: V | P6: V | Q6: V
A7: 6 | B7: PL06 | C7: Lulusan mampu memodelkan sistem yang kompleks dan membangun solusi berbasis komputasi yang efektif dan efisien. | D7: Kompetensi Utama bidang Informatika | F7: 6 | G7: CPL06 | H7: Memiliki pemahaman yang mendalam, menganalisis, dan mengevaluasi tentang solusi komputasi cerdas dengan sistem dan infrastruktur yang ada termasuk pertimbangan keamanan sistem informasi untuk mendukung layanan publik dan ekonomi digital | K7: CPL06 | N7: V | P7: V | Q7: V
F8: 7 | G8: CPL07 | H8: Mampu menganalisis, mengembangkan, dan mengevaluasi kebutuhan sistem antarmuka pengguna yang efektif dan memahami kebutuhan serta preferensi pengguna dalam pengembangan teknologi informasi berbasis komputasi cerdas untuk mendukung layanan publik dan ekonomi digital. | I8: Pengetahuan (P) | K8: CPL07 | L8: V | P8: V
F9: 8 | G9: CPL08 | H9: Mampu mengevaluasi, mengembangkan dan mengimplementasikan solusi komputasi cerdas dengan menggunakan teknologi terkini dalam mendukung pengembangan kota cerdas dan sistem pemerintahan berbasis elektronik | K9: CPL08 | O9: V | P9: V | Q9: V
F10: 9 | G10: CPL09 | H10: Mampu mengidentifikasi, menganalisis, meneliti literatur, mengevaluasi, dan memformulasi solusi-solusi algoritmik untuk masalah computing yang kompleks | I10: Kompetensi Utama (KT) | K10: CPL09 | P10: V
F11: 10 | G11: CPL10 | H11: Mampu menerapkan prinsip-prinsip matematika, computing, dan disiplin ilmu yang relevan untuk merumuskan solusi bagi persoalan computing yang kompleks | K11: CPL10 | P11: V | Q11: V
F12: 11 | G12: CPL11 | H12: Mampu memodelkan sistem yang kompleks dan membangun solusi berbasis computing yang efektif dan efisien | K12: CPL11 | Q12: V
A16: Kode | B16: Kategori / Sumber | C16: Deskripsi | F16: No | G16: Kode CPL Prodi | H16: Deskripsi CPL Prodi | I16: Kategori | J16: Kode Utama | K16: Kode Turunan | L16: Sumber
A17: SIKAP | F17: 1 | G17: CPL01 | H17: Mampu bekerja secara mandiri ataupun dalam tim, serta menunjukkan sikap profesional dan etis dalam menjalankan tugas dan tanggung jawab untuk menyelesaikan proyek-proyek terkait teknologi informasi cerdas dalam pengembangan layanan publik dan ekonomi digital | I17: Sikap (S) | J17: S6, S9, S10 | K17: S1, S2, S3, S4, S5, S7, S8 | L17: SNDIKTI
A18: S1 | B18: SNDIKTI | C18: Bertakwa kepada Tuhan Yang Maha Esa dan mampu menunjukkan sikap religius. | F18: 2 | G18: CPL02 | H18: Mampu mengembangkan kemampuan berkomunikasi lisan secara efektif, berpikir kritis, kreatif, dan profesional serta dapat menghasilkan karya ilmiah yang orisinal dalam menyelesaikan permasalahan terkait teknologi informasi cerdas melalui pemanfaatan penelitian teknologi informasi dengan berbagai pihak terkait. | I18: Keterampilan Umum (KU) | J18: KU1, KU3, KU4, KU6 | K18: KU2, KU8, KU9 | L18: SNDIKTI
A19: S2 | C19: Menjunjung tinggi nilai kemanusiaan dalam menjalankan tugas berdasarkan agama,moral, dan etika. | F19: 3 | G19: CPL03 | H19: Memiliki kemampuan menganalisis, mengevaluasi, dan membuat keputusan berdasarkan pengetahuan di bidang teknologi informasi cerdas dalam konteks dukungan terhadap pengembangan layanan publik dan ekonomi digital | I19: Keterampilan Umum (KU) | J19: KU1, KU5 | K19: KU2, KU6, KU7, KU8 | L19: SNDIKTI
A20: S3 | C20: Berkontribusi dalam peningkatan mutu kehidupan bermasyarakat, berbangsa, ernegara, dan kemajuan peradaban berdasarkan Pancasila. | F20: 4 | G20: CPL04 | H20: Mampu mengevaluasi, membuat kesimpulan, dan membuat keputusan berdasarkan pengetahuan teknologi informasi khususnya teknologi informasi cerdas terbaru berkaitan dengan manajemen pengembangan layanan publik dan ekonomi digital | I20: Keterampilan Khusus (KK) | J20: KK1, KK6 | K20: KU5 | L20: IT2017, Seoul Accord, SNDIKTI
A21: S4 | C21: Berperan sebagai warga negara yang bangga dan cinta tanah air, memiliki asionalisme serta rasa tanggungjawab pada negara dan bangsa. | F21: 5 | G21: CPL05 | H21: Memiliki kemampuan menganalisis, mengevaluasi, dan membuat keputusan berbasis kinerja solusi komputasi cerdas untuk mendukung layanan publik dan ekonomi digital | I21: Keterampilan Khusus (KK) | J21: KK1, KK5 | K21: KK7, KU5 | L21: IT2017, CC2020, SNDIKTI
A22: S5 | C22: Menghargai keanekaragaman budaya, pandangan, agama, dan kepercayaan, serta pendapat atau temuan orisinal orang lain. | F22: 6 | G22: CPL06 | H22: Memiliki pemahaman yang mendalam, menganalisis, dan mengevaluasi tentang solusi komputasi cerdas dengan sistem dan infrastruktur yang ada termasuk pertimbangan keamanan sistem informasi untuk mendukung layanan publik dan ekonomi digital | I22: Pengetahuan (P) | J22: P3, P5, P6 | K22: KK2, KK3, KU9 | L22: IT2017, Seoul Accord, CC2020, SNDIKTI
A23: S6 | C23: Bekerja sama dan memiliki kepekaan sosial serta kepedulian terhadap masyarakat dan lingkungan. | F23: 7 | G23: CPL07 | H23: Mampu menganalisis, mengembangkan, dan mengevaluasi kebutuhan sistem antarmuka pengguna yang efektif dan memahami kebutuhan serta preferensi pengguna dalam pengembangan teknologi informasi berbasis komputasi cerdas untuk mendukung layanan publik dan ekonomi digital | I23: Pengetahuan (P) | J23: P2, P7 | K23: KK4, KU3, KU6 | L23: IT2017, Seoul Accord, CC2020, SNDIKTI
A24: S7 | C24: Taat hukum dan disiplin dalam kehidupan bermasyarakat dan bernegara. | F24: 8 | G24: CPL08 | H24: Mampu mengevaluasi, mengembangkan dan mengimplementasikan solusi komputasi cerdas dengan menggunakan teknologi terkini dalam mendukung pengembangan kota cerdas dan sistem pemerintahan berbasis elektronik | I24: Pengetahuan (P) | J24: KK2, KK6, P4 | K24: P5, KU5, KU8 | L24: IT2017, Seoul Accord, SNDIKTI
A25: S8 | C25: Menginternalisasi nilai, norma, dan etika akademik. | F25: 9 | G25: CPL09 | H25: Mampu mengidentifikasi, menganalisis, meneliti literatur, mengevaluasi, dan memformulasi solusi-solusi algoritmik untuk masalah computing yang kompleks | I25: Kompetensi Utama (KT) | J25: P2, P7 | K25: KU1, KU3, KU9 | L25: IT2017, Seoul Accord, SNDIKTI
A26: S9 | C26: Menunjukan sikap bertanggungjawab atas pekerjaan di bidang keahliannya secara mandiri. | F26: 10 | G26: CPL10 | H26: Mampu menerapkan prinsip-prinsip matematika, computing, dan disiplin ilmu yang relevan untuk merumuskan solusi bagi persoalan computing yang kompleks | I26: Kompetensi Utama (KT) | J26: P1, P4 | K26: KU5 | L26: IT2017, Seoul Accord, SNDIKTI
A27: S10 | C27: Menginternalisasi semangat kemandirian, kejuangan dan kewirausahaan. | F27: 11 | G27: CPL11 | H27: Mampu memodelkan sistem yang kompleks dan membangun solusi berbasis computing yang efektif dan efisien | I27: Kompetensi Utama (KT) | J27: KK5, KK6 | K27: P3, P6 | L27: CC2020, Seoul Accord, IT2017
A28: Ketrampilan Umum
A29: KU1 | B29: SNDIKTI | C29: Mampu menerapkan pemikiran logis, kritis, sistematis, dan inovatif dalam konteks pengembangan atau implementasi ilmu pengetahuan dan teknologi yang emperhatikan dan menerapkan nilai humaniora yang sesuai dengan bidang keahliannya.
A30: KU2 | C30: Mampu menunjukan kinerja mandiri, bermutu, dan terukur.
A31: KU3 | C31: Mampu mengkaji implikasi pengembangan atau implementasi ilmu pengetahuan teknologi yang memperhatikan dan menerapkan nilai humaniora sesuai dengan keahliannya berdasarkan kaidah, tata cara dan etika ilmiah dalam rangka menghasilkan solusi, gagasan, desain atau kritik seni.
A32: KU4 | C32: Menyusun deskripsi saintifik hasil kajian tersebut di atas dalam bentuk skripsi atau laporan tugas akhir, dan mengunggahnya dalam laman perguruan tinggi.
A33: KU5 | C33: Mampu mengambil keputusan secara tepat dalam konteks penyelesaian masalah di bidang keahliannya, berdasarkan hasil analisis informasi dan data.
A34: KU6 | C34: Mampu memelihara dan mengembangkan jaringan kerja dengan pembimbing, kolega, sejawat baik di dalam maupun di luar lembaganya.
A35: KU7 | C35: Mampu bertanggungjawab atas pencapaian hasil kerja kelompok dan melakukan supervisi dan evaluasi terhadap penyelesaian pekerjaan yang ditugaskan kepada pekerja yang berada di bawah tanggungjawabnya.
A36: KU8 | C36: mampu melakukan proses evaluasi diri terhadap kelompok kerja yang berada dibawah tanggung jawabnya, dan mampumengelola pembelajaran secara mandiri.
A37: KU9 | C37: Mampu mendokumentasikan, menyimpan, mengamankan, dan menemukan kembali data untuk menjamin kesahihan dan mencegah plagiasi.
A38: Pengetahuan
A39: P1 | B39: IT2017, | C39: Mempunyai pengetahuan matematika, komputasi, dan ilmu pengetahuan lain yang relevan untuk menyelesaikan permasalahan komputasi yang kompleks dengan pendekatan teknologi informasi.
B40: Seoul Accord
A41: P2 | B41: IT2017, | C41: Mampu menganalisis, mengidentifikasi, dan mendefinisikan permasalahan komputasi yang kompleks, dan memberikan pendekatan teknologi informasi sebagai solusi penyelesaian permasalah tersebut.
B42: Seoul Accord
A43: P3 | B43: IT2017, | C43: Mampu mengembangkan solusi permasalahan komputasi yang kompleks dan memberikan pendekatan teknologi informasi sebagai solusi penyelesaian permasalahan tersebut.
B44: Seoul Accord
A45: P4 | B45: IT2017, | C45: Mampu menerapkan pengetahuan tentang spesialisasi komputasi, dan matematika, sains, dan domain pengetahuan yang sesuai untuk spesialisasi komputasi abstraksi dan konseptualisasi model komputasi dari yang ditentukan masalah dan persyaratan.
B46: Seoul Accord
A47: P5 | B47: IT2017, | C47: Mempunyai pengetahuan tentang bidang khusus dalam teknologi informasi yang meliputi kecerdasan buatan, Pembelajaran Mesin, Ilmu Data.
B48: Seoul Accord
A49: P6 | B49: Seoul Accord | C49: Memiliki pengetahuan untuk membuat, memilih, atau mengadaptasi dan kemudian menerapkan teknik, sumber daya, dan alat komputasi modern yang sesuai untuk aktivitas komputasi yang kompleks, dengan pemahaman akan keterbatasannya
A50: P7 | B50: Seoul Accord | C50: Mampu melakukan identifikasi, merumuskan, meneliti literatur, dan memecahkan masalah komputasi yang didefinisikan secara luas hingga mencapai kesimpulan yang dibuktikan dengan menggunakan alat analisis yang sesuai dengan disiplin atau bidang spesialisasi
A51: Ketrampilan Khusus
A52: KK1 | B52: IT2017, | C52: Mampu merancang, mengimplementasi, dan mengevaluasi solusi berbasis komputasi yang sesuai dengan kebutuhan dan solusi teknologi informasi yang diusulkan menggunakan sumberdaya, sarana, dan cara-cara komputasi modern untuk layanan publik dan teknologi keuangan
B53: Seoul Accord
A54: KK2 | B54: IT2017, | C54: Mampu memilih, mengintegrasikan, dan mengadministrasikan infrastruktur teknologi informasisebagai solusi penyelesaian permasalahan komputasi yang kompleks untuk layanan publik dan teknologi keuangan
B55: Seoul Accord
A56: KK3 | B56: CC2020 | C56: Mampu mengimplementasikan, mengelola, dan mengamankan sistem dan informasi yang didistribusikan melalui jaringan komputer untuk menjamin kerahasiaan, integritas, dan ketersediaan informasi untuk layanan publik dan teknologi keuangan
A57: KK4 | B57: CC2020 | C57: Mampu melakukan analisis masalah dan kebutuhan pengguna sesuai dengan spesifikasi persyaratan komputasi untuk layanan publik dan teknologi keuangan
A58: KK5 | B58: CC2020 | C58: Mampu merancang solusi berbasis komputasi yang berbasis komponen teknologi spesifik dan konkrit dalam konteks organisasi untuk layanan publik dan teknologi keuangan
A59: KK6 | B59: Seoul Accord | C59: Mampu berinovasi, merancang, mengimplementasikan, dan memelihara komputer, sistem komputasi, dan aplikasi komputasi untuk layanan publik dan teknologi keuangan
A60: KK7 | B60: CC2020 | C60: Mampu berkomunikasi,dan memiliki kemampuan untuk membuat penilaian berdasarkan etika, dan kemampuan untuk berfungsi secara efektif sebagai anggota tim dalam pengembangan layanan publik dan teknologi keuangan

Sheet CPL-BK
A1: No | B1: Kode BK | C1: Bahan Kajian | D1: Deskripsi | E1: Kategori | F1: Referensi | H1: No | I1: Kode CPL | J1: Deskripsi CPL | K1: Kategori | M1: CPL/BK | N1: CPL01 | O1: CPL02 | P1: CPL03 | Q1: CPL04 | R1: CPL05 | S1: CPL06 | T1: CPL07 | U1: CPL08 | V1: CPL09 | W1: CPL10 | X1: CPL11 | Y1: Total
A2: 1 | B2: BK01 | C2: Skalabilitas dan Analitik Data | D2: Bahan kajian ini membahas tentang analitik data, yang mencakup beberapa topik seperti teknologi utama yang digunakan dalam mengumpulkan, membersihkan, memanipulasi, menyimpan, menganalisis, memvisualisasikan, dan mengekstraksi informasi berguna dari kumpulan data yang besar dan beragam, algoritma penambangan data dan pembelajaran mesin untuk menganalisis sekumpulan besar data terstruktur dan tidak terstruktur, serta tantangan analitik data skalabilitas data | E2: Penciri Pendukung | F2: IT-2017 | H2: 1 | I2: CPL01 | J2: Mampu bekerja secara mandiri ataupun dalam tim, serta menunjukkan sikap profesional dan etis dalam menjalankan tugas dan tanggung jawab untuk menyelesaikan proyek-proyek terkait teknologi informasi cerdas dalam pengembangan layanan publik dan ekonomi digital | K2: Sikap (S) | M2: BK01 | R2: v | V2: V | W2: V | Y2: =COUNTIF(N2:X2,"v") -> 3
A3: 2 | B3: BK02 | C3: Prinsip-prinsip Keamanan Siber | D3: Bahan kajian ini membahas tentang disiplin berbasis computing yang melibatkan teknologi, manusia, informasi, dan proses untuk memungkinkan operasi yang terjamin. Terdapat fokus pada implementasi, operasi, analisis, dan pengujian keamanan teknologi computing. Selain itu, juga terdapat pembahasan mengenai pengakuan sifat interdisipliner dari penerapan cybersecurity termasuk aspek hukum, kebijakan, faktor manusia, etika, dan manajemen risiko dalam konteks musuh. Praktik untuk memastikan informasi dan mengelola risiko yang terkait dengan penggunaan, pemrosesan, penyimpanan, dan pengiriman informasi atau data serta sistem dan proses yang digunakan untuk tujuan tersebut juga turut dibahas. Tindakan yang melindungi dan mempertahankan informasi dan sistem informasi dengan memastikan ketersediaannya juga menjadi topik yang dibahas. | E3: Penciri Pendukung | F3: IT-2017 | H3: 2 | I3: CPL02 | J3: Mampu mengembangkan kemampuan berkomunikasi lisan secara efektif, berpikir kritis, kreatif, dan profesional serta dapat menghasilkan karya ilmiah yang orisinal dalam menyelesaikan permasalahan terkait teknologi informasi cerdas melalui pemanfaatan penelitian teknologi informasi dengan berbagai pihak terkait. | M3: BK02 | S3: v | V3: V | W3: V | Y3: =COUNTIF(N3:X3,"v") -> 3
A4: 3 | B4: BK03 | C4: Manajemen Data dan Informasi | D4: Bahan kajian ini membahas tentang alat dan teknik untuk pemodelan, pengumpulan, pengorganisasian, pengambilan, dan pengelolaan data yang efisien, mengekstrak informasi dari data untuk membuat data bermakna bagi organisasi. Selain itu melakukan mengembangkan, menyebarkan, mengelola, dan mengintegrasikan sistem data dan informasi untuk mendukung organisasi serta memberikan solusi dari masalah keselamatan dan keamanan yang terkait dengan data dan informasi. Pembahasan mengenai alat dan teknik untuk menghasilkan pengetahuan yang bermanfaat dari informasi. | E4: Penciri Utama | F4: IT-2017 | H4: 3 | I4: CPL03 | J4: Memiliki kemampuan menganalisis, mengevaluasi, dan membuat keputusan berdasarkan pengetahuan di bidang teknologi informasi cerdas dalam konteks dukungan terhadap pengembangan layanan publik dan ekonomi digital | K4: Keterampilan Umum (KU) | M4: BK03 | P4: v | Q4: v | X4: V | Y4: =COUNTIF(N4:X4,"v") -> 3
A5: 4 | B5: BK04 | C5: Desain User Experience | D5: Bahan kajian ini membahas tentang pengembangan aplikasi dan sistem TI dengan fokus pada pengguna, yang mencakup pemahaman desain bagi pengguna, pengembangan pola pikir yang mengakui pentingnya pengguna, metodologi berpusat pada pengguna, penerapan kriteria evaluasi dan standar, serta analisis pengguna dan tugas, faktor manusia, ergonomi, aksesibilitas standar, desain pengalaman, dan psikologi kognitif. | E5: Penciri Utama | F5: IT-2017 | H5: 4 | I5: CPL04 | J5: Mampu mengevaluasi, membuat kesimpulan, dan membuat keputusan berdasarkan pengetahuan teknologi informasi khususnya teknologi informasi cerdas terbaru berkaitan dengan manajemen pengembangan layanan publik dan ekonomi digital | M5: BK04 | T5: v | X5: V | Y5: =COUNTIF(N5:X5,"v") -> 2
A6: 5 | B6: BK05 | C6: Pengembangan dan Manajemen Perangkat Lunak | D6: Bahan kajian ini mencakup model proses implementasi perangkat lunak dan manajemen proyek perangkat lunak yang meliputi analisis, desain dan konstruksi, pengujian, penyebaran, operasi, dan pemeliharaan, PMBOK dan siklus hidup proyek, elemen utama manajemen untuk tim proyek kecil, aspek-aspek manajerial dalam tim proyek kecil, pengembangan dan implementasi rencana pengukuran proses perangkat lunak, serta kerja efektif dengan anggota tim lainnya dalam kegiatan manajemen proyek. | E6: Penciri Pendukung | F6: IT-2017, CC-2020 | H6: 5 | I6: CPL05 | J6: Memiliki kemampuan menganalisa, mengevaluasi, dan membuat keputusan berbasis kinerja solusi komputasi cerdas untuk mendukung layanan publik dan ekonomi digital | K6: Keterampilan Khusus (KK) | M6: BK05 | U6: v | X6: V | Y6: =COUNTIF(N6:X6,"v") -> 2
A7: 6 | B7: BK06 | C7: Pengembangan E-Goverment berbasis Teknologi Informasi | D7: Bahan kajian ini mencakup Konsep dan Teori e-Government,Manajemen Proyek dan Implementasi e-Government, Arsitektur dan Infrastruktur e-Government, Kebijakan dan Regulasi e-Government, Keamanan Informasi dan Privasi Data, Analisis Data dan Business Intelligence, Partisipasi Publik dan Layanan e-Government | E7: Penciri Utama | F7: CC-2020, IT-2017 | H7: 6 | I7: CPL06 | J7: Memiliki pemahaman yang mendalam, menganalisis, dan mengevaluasi tentang solusi komputasi cerdas dengan sistem dan infrastruktur yang ada termasuk pertimbangan keamanan sistem informasi untuk mendukung layanan publik dan ekonomi digital | M7: BK06 | S7: v | U7: v | W7: V | X7: V | Y7: =COUNTIF(N7:X7,"v") -> 4
A8: 7 | B8: BK07 | C8: Ekonomi Digital | D8: Pengantar FinTech, Big Data Analytics in Finance, Cybersecurity in Finance, Cybersecurity in Finance | E8: Penciri Utama | F8: CC-2020, IT-2017 | H8: 7 | I8: CPL07 | J8: Mampu menganalisis, mengembangkan, dan mengevaluasi kebutuhan sistem antarmuka pengguna yang efektif dan memahami kebutuhan serta preferensi pengguna dalam pengembangan teknologi informasi berbasis komputasi cerdas untuk mendukung layanan publik dan ekonomi digital. | K8: Pengetahuan (P) | M8: BK07 | R8: v | V8: V | Y8: =COUNTIF(N8:X8,"v") -> 2
A9: 8 | B9: BK08 | C9: Praktek Profesional Global | D9: Bahan kajian ini membahas pentingnya mengidentifikasi dan memahami keterampilan penting yang diperlukan untuk karier yang sukses dalam industri, termasuk keterampilan komunikasi lisan dan tertulis profesional. mengidentifikasikan cara kerja tim terintegrasi di seluruh TI dan cara TI mendukung organisasi serta konteks sosial dan profesional teknologi informasi dan computing, dan kepatuhan terhadap kode etik perilaku. | E9: Penciri Pendukung | F9: IT-2017 | H9: 8 | I9: CPL08 | J9: Mampu mengevaluasi, mengembangkan dan mengimplementasikan solusi komputasi cerdas dengan menggunakan teknologi terkini dalam mendukung pengembangan kota cerdas dan sistem pemerintahan berbasis elektronik | M9: BK08 | N9: v | O9: v | V9: V | Y9: =COUNTIF(N9:X9,"v") -> 3
A10: 9 | B10: BK09 | C10: Penelitian dan Pengembangan | D10: Bahan kajian ini memberikan peluang kepada mahasiswa untuk berlatih melakukan penelitian dan pengembangan melalui penugasan proyek. Metode Penelitian dan pengembangan teknologi informasi bertujuan mengoptimalkan penggunaan komputer dan alat digital lain untuk mengumpulkan, menganalisis, memproses data, dan membuat laporan dalam bentuk tesis. Implementasi penelitian dan pengembangan meliputi problem solving, survei, eksperimen, dan observasi. | E10: Penciri Pendukung | F10: Permen Ristek DIKTI no. 44/2015 | H10: 9 | I10: CPL09 | J10: Mampu mengidentifikasi, menganalisis, meneliti literatur, mengevaluasi, dan memformulasi solusi-solusi algoritmik untuk masalah computing yang kompleks | K10: Kompetensi Utama (KT) | M10: BK09 | O10: v | X10: V | Y10: =COUNTIF(N10:X10,"v") -> 2
H11: 10 | I11: CPL10 | J11: Mampu menerapkan prinsip-prinsip matematika, computing, dan disiplin ilmu yang relevan untuk merumuskan solusi bagi persoalan computing yang kompleks | M11: Total | N11: =COUNTIF(N2:N10, "V") -> 1 | O11: =COUNTIF(O2:O10, "V") -> 2 | P11: =COUNTIF(P2:P10, "V") -> 1 | Q11: =COUNTIF(Q2:Q10, "V") -> 1 | R11: =COUNTIF(R2:R10, "V") -> 2 | S11: =COUNTIF(S2:S10, "V") -> 2 | T11: =COUNTIF(T2:T10, "V") -> 1 | U11: =COUNTIF(U2:U10, "V") -> 2 | ... X11: =COUNTIF(X2:X10, "V") -> 5
H12: 11 | I12: CPL11 | J12: Mampu memodelkan sistem yang kompleks dan membangun solusi berbasis computing yang efektif dan efisien

Sheet BK-MK
A1: Kode MK | B1: Nama MK | D1: No | E1: Kode BK | F1: Bahan Kajian | H1: KODE MK | I1: NAMA MK | J1: BK01 | K1: BK02 | L1: BK03 | M1: BK04 | N1: BK05 | O1: BK06 | P1: BK07 | Q1: BK08 | R1: BK09
A2: P.24.01.85.1.01 | B2: MATRIKULASI | D2: 1 | E2: BK01 | F2: Skalabilitas dan Analitik Data | H2: P.24.01.85.1.02 | I2: PERMODELAN STATISTIK UNTUK BISNIS | J2: V
A3: P.24.01.85.1.02 | B3: PERMODELAN STATISTIK UNTUK BISNIS | D3: 2 | E3: BK02 | F3: Prinsip-prinsip Keamanan Siber | H3: P.24.01.85.1.03 | I3: MESIN PEMBELAJARAN UNTUK BISNIS | J3: V | N3: V
A4: P.24.01.85.1.03 | B4: MESIN PEMBELAJARAN UNTUK BISNIS | D4: 3 | E4: BK03 | F4: Manajemen Data dan Informasi | H4: P.24.01.85.1.04 | I4: ANALISIS DATA BESAR | J4: V | N4: V
A5: P.24.01.85.1.04 | B5: ANALISIS DATA BESAR | D5: 4 | E5: BK04 | F5: Desain User Experience | H5: P.24.01.85.1.05 | I5: MANAJEMEN STRATEGIS SISTEM INFORMASI | L5: V | N5: V
A6: P.24.01.85.1.05 | B6: MANAJEMEN STRATEGIS SISTEM INFORMASI | D6: 5 | E6: BK05 | F6: Pengembangan dan Manajemen Perangkat Lunak | H6: P.24.01.85.1.06 | I6: REKAYASA PERANGKAT LUNAK LANJUT | N6: V | R6: V
A7: P.24.01.85.1.06 | B7: REKAYASA PERANGKAT LUNAK LANJUT | D7: 6 | E7: BK06 | F7: Pengembangan E-Goverment berbasis Teknologi Informasi | H7: P.24.01.85.2.07 | I7: METODOLOGI PENELITIAN DAN PENULISAN ILMIAH | R7: V
A8: P.24.01.85.2.07 | B8: METODOLOGI PENELITIAN DAN PENULISAN ILMIAH | D8: 7 | E8: BK07 | F8: Ekonomi Digital | H8: P.24.01.85.2.08 | I8: REKAYASA KEBUTUHAN SISTEM | N8: V | O8: V
A9: P.24.01.85.2.08 | B9: REKAYASA KEBUTUHAN SISTEM | D9: 8 | E9: BK08 | F9: Praktek Profesional Global | H9: P.24.01.85.2.09 | I9: INTERAKSI MANUSIA DAN KOMPUTER | L9: V | M9: V
A10: P.24.01.85.2.09 | B10: INTERAKSI MANUSIA DAN KOMPUTER | D10: 9 | E10: BK09 | F10: Penelitian dan Pengembangan | H10: P.24.01.85.2.10 | I10: KEAMANAN SIBER | K10: V
A11: P.24.01.85.2.10 | B11: KEAMANAN SIBER | H11: P.24.01.85.2.11 | I11: SISTEM PENDUKUNG KEPUTUSAN CERDAS | J11: V
A12: P.24.01.85.2.11 | B12: SISTEM PENDUKUNG KEPUTUSAN CERDAS | H12: P.24.01.85.3.12 | I12: ARSITEKTUR ENTERPRISE UNTUK TEKNOLOGI INFORMASI | M12: V
A13: P.24.01.85.3.12 | B13: ARSITEKTUR ENTERPRISE UNTUK TEKNOLOGI INFORMASI | H13: P.24.01.85.3.13 | I13: TESIS | Q13: V | R13: V
A14: P.24.01.85.3.13 | B14: TESIS | I14: Pilihan 1 - Teknologi Keuangan ( FinTech )
B15: Pilihan 1 - Teknologi Keuangan ( FinTech ) | H15: P.24.01.85.3.14 | I15: TEKNOLOGI KEUANGAN ( FINTECH ) DAN RESIKO | P15: V
A16: P.24.01.85.3.14 | B16: TEKNOLOGI KEUANGAN ( FINTECH ) DAN RESIKO | H16: P.24.01.85.3.15 | I16: KECERDASAN BISNIS | L16: V
A17: P.24.01.85.3.15 | B17: KECERDASAN BISNIS | H17: P.24.01.85.3.16 | I17: TATA KELOLA DAN AUDIT BISNIS DIGITAL | K17: V | L17: V
A18: P.24.01.85.3.16 | B18: TATA KELOLA DAN AUDIT BISNIS DIGITAL | I18: Pilihan 2 - Layanan Publik
B19: Pilihan 2 - Layanan Publik | H19: P.24.01.85.3.17 | I19: SISTEM PEMERINTAHAN BERBASIS ELEKTRONIK | K19: V | O19: V
A20: P.24.01.85.3.17 | B20: SISTEM PEMERINTAHAN BERBASIS ELEKTRONIK | H20: P.24.01.85.3.18 | I20: MANAJEMEN PROYEK TEKNOLOGI INFORMASI | J20: V | O20: V
A21: P.24.01.85.3.18 | B21: MANAJEMEN PROYEK TEKNOLOGI INFORMASI | H21: P.24.01.85.3.19 | I21: KOTA CERDAS | J21: V | L21: V
A22: P.24.01.85.3.19 | B22: KOTA CERDAS | H22: P.24.01.85.4.20 | I22: PUBLIKASI | Q22: V | R22: V
A23: P.24.01.85.4.20 | B23: PUBLIKASI | H23: P.24.01.85.4.21 | I23: STRATEGI TEKNOPRENEURSHIP DAN INOVASI DIGITAL | Q23: V
A24: P.24.01.85.4.21 | B24: STRATEGI TEKNOPRENEURSHIP DAN INOVASI DIGITAL

Sheet CPL-MK
A1: Kode MK | B1: Nama MK | D1: No | E1: Kode CPL | F1: Deskripsi CPL | G1: Kategori | I1: KODE MK | J1: NAMA MK | K1: CPL01 | L1: CPL02 | M1: CPL03 | N1: CPL04 | O1: CPL05 | P1: CPL06 | Q1: CPL07 | R1: CPL08 | S1: CPL09 | T1: CPL10 | U1: CPL11
A2: P.24.01.85.1.01 | B2: MATRIKULASI | D2: 1 | E2: CPL01 | F2: Mampu bekerja secara mandiri ataupun dalam tim, serta menunjukkan sikap profesional dan etis dalam menjalankan tugas dan tanggung jawab untuk menyelesaikan proyek-proyek terkait teknologi informasi cerdas dalam pengembangan layanan publik dan ekonomi digital | G2: Sikap (S) | I2: P.24.01.85.1.02 | J2: PERMODELAN STATISTIK UNTUK BISNIS | O2: A | T2: A | V2: =COUNTIF(K2:U2,"A") -> 2 | W2: =(V2/$V$25) -> 0.040816327
A3: P.24.01.85.1.02 | B3: PERMODELAN STATISTIK UNTUK BISNIS | D3: 2 | E3: CPL02 | F3: Mampu mengembangkan kemampuan berkomunikasi lisan secara efektif, berpikir kritis, kreatif, dan profesional serta dapat menghasilkan karya ilmiah yang orisinal dalam menyelesaikan permasalahan terkait teknologi informasi cerdas melalui pemanfaatan penelitian teknologi informasi dengan berbagai pihak terkait. | I3: P.24.01.85.1.03 | J3: MESIN PEMBELAJARAN UNTUK BISNIS | O3: A | T3: A | V3: =COUNTIF(K3:U3,"A") -> 2 | W3: =(V3/$V$25) -> 0.040816327
A4: P.24.01.85.1.03 | B4: MESIN PEMBELAJARAN UNTUK BISNIS | D4: 3 | E4: CPL03 | F4: Memiliki kemampuan menganalisis, mengevaluasi, dan membuat keputusan berdasarkan pengetahuan di bidang teknologi informasi cerdas dalam konteks dukungan terhadap pengembangan layanan publik dan ekonomi digital | G4: Keterampilan Umum (KU) | I4: P.24.01.85.1.04 | J4: ANALISIS DATA BESAR | O4: A | T4: A | V4: =COUNTIF(K4:U4,"A") -> 2 | W4: =(V4/$V$25) -> 0.040816327
A5: P.24.01.85.1.04 | B5: ANALISIS DATA BESAR | D5: 4 | E5: CPL04 | F5: Mampu mengevaluasi, membuat kesimpulan, dan membuat keputusan berdasarkan pengetahuan teknologi informasi khususnya teknologi informasi cerdas terbaru berkaitan dengan manajemen pengembangan layanan publik dan ekonomi digital | I5: P.24.01.85.1.05 | J5: MANAJEMEN STRATEGIS SISTEM INFORMASI | M5: A | N5: A | U5: A | V5: =COUNTIF(K5:U5,"A") -> 3 | W5: =(V5/$V$25) -> 0.06122449
A6: P.24.01.85.1.05 | B6: MANAJEMEN STRATEGIS SISTEM INFORMASI | D6: 5 | E6: CPL05 | F6: Memiliki kemampuan menganalisa, mengevaluasi, dan membuat keputusan berbasis kinerja solusi komputasi cerdas untuk mendukung layanan publik dan ekonomi digital | G6: Keterampilan Khusus (KK) | I6: P.24.01.85.1.06 | J6: REKAYASA PERANGKAT LUNAK LANJUT | R6: A | U6: A | V6: =COUNTIF(K6:U6,"A") -> 2 | W6: =(V6/$V$25) -> 0.040816327
A7: P.24.01.85.1.06 | B7: REKAYASA PERANGKAT LUNAK LANJUT | D7: 6 | E7: CPL06 | F7: Memiliki pemahaman yang mendalam, menganalisis, dan mengevaluasi tentang solusi komputasi cerdas dengan sistem dan infrastruktur yang ada termasuk pertimbangan keamanan sistem informasi untuk mendukung layanan publik dan ekonomi digital | I7: P.24.01.85.2.07 | J7: METODOLOGI PENELITIAN DAN PENULISAN ILMIAH | M7: A | U7: A | V7: =COUNTIF(K7:U7,"A") -> 2 | W7: =(V7/$V$25) -> 0.040816327
A8: P.24.01.85.2.07 | B8: METODOLOGI PENELITIAN DAN PENULISAN ILMIAH | D8: 7 | E8: CPL07 | F8: Mampu menganalisis, mengembangkan, dan mengevaluasi kebutuhan sistem antarmuka pengguna yang efektif dan memahami kebutuhan serta preferensi pengguna dalam pengembangan teknologi informasi berbasis komputasi cerdas untuk mendukung layanan publik dan ekonomi digital. | G8: Pengetahuan (P) | I8: P.24.01.85.2.08 | J8: REKAYASA KEBUTUHAN SISTEM | P8: A | R8: A | U8: A | V8: =COUNTIF(K8:U8,"A") -> 3 | W8: =(V8/$V$25) -> 0.06122449
A9: P.24.01.85.2.08 | B9: REKAYASA KEBUTUHAN SISTEM | D9: 8 | E9: CPL08 | F9: Mampu mengevaluasi, mengembangkan dan mengimplementasikan solusi komputasi cerdas dengan menggunakan teknologi terkini dalam mendukung pengembangan kota cerdas dan sistem pemerintahan berbasis elektronik | I9: P.24.01.85.2.09 | J9: INTERAKSI MANUSIA DAN KOMPUTER | Q9: A | U9: A | V9: =COUNTIF(K9:U9,"A") -> 2 | W9: =(V9/$V$25) -> 0.040816327
A10: P.24.01.85.2.09 | B10: INTERAKSI MANUSIA DAN KOMPUTER | D10: 9 | E10: CPL09 | F10: Mampu mengidentifikasi, menganalisis, meneliti literatur, mengevaluasi, dan memformulasi solusi-solusi algoritmik untuk masalah computing yang kompleks | G10: Kompetensi Utama (KT) | I10: P.24.01.85.2.10 | J10: KEAMANAN SIBER | P10: A | T10: A | V10: =COUNTIF(K10:U10,"A") -> 2 | W10: =(V10/$V$25) -> 0.040816327
A11: P.24.01.85.2.10 | B11: KEAMANAN SIBER | D11: 10 | E11: CPL10 | F11: Mampu menerapkan prinsip-prinsip matematika, computing, dan disiplin ilmu yang relevan untuk merumuskan solusi bagi persoalan computing yang kompleks | I11: P.24.01.85.2.11 | J11: SISTEM PENDUKUNG KEPUTUSAN CERDAS | O11: A | T11: A | V11: =COUNTIF(K11:U11,"A") -> 2 | W11: =(V11/$V$25) -> 0.040816327
A12: P.24.01.85.2.11 | B12: SISTEM PENDUKUNG KEPUTUSAN CERDAS | D12: 11 | E12: CPL11 | F12: Mampu memodelkan sistem yang kompleks dan membangun solusi berbasis computing yang efektif dan efisien | I12: P.24.01.85.3.12 | J12: ARSITEKTUR ENTERPRISE UNTUK TEKNOLOGI INFORMASI | Q12: A | U12: A | V12: =COUNTIF(K12:U12,"A") -> 2 | W12: =(V12/$V$25) -> 0.040816327
A13: P.24.01.85.3.12 | B13: ARSITEKTUR ENTERPRISE UNTUK TEKNOLOGI INFORMASI | I13: P.24.01.85.3.13 | J13: TESIS | K13: A | L13: A | S13: A | U13: A | V13: =COUNTIF(K13:U13,"A") -> 4 | W13: =(V13/$V$25) -> 0.081632653
A14: P.24.01.85.3.13 | B14: TESIS | J14: Pilihan 1 - Teknologi Keuangan ( FinTech ) | V14: =COUNTIF(K14:U14,"A") -> 0 | W14: =(V14/$V$25) -> 0
B15: Pilihan 1 - Teknologi Keuangan ( FinTech ) | I15: P.24.01.85.3.14 | J15: TEKNOLOGI KEUANGAN ( FINTECH ) DAN RESIKO | O15: A | S15: A | V15: =COUNTIF(K15:U15,"A") -> 2 | W15: =(V15/$V$25) -> 0.040816327
A16: P.24.01.85.3.14 | B16: TEKNOLOGI KEUANGAN ( FINTECH ) DAN RESIKO | I16: P.24.01.85.3.15 | J16: KECERDASAN BISNIS | M16: A | U16: A | V16: =COUNTIF(K16:U16,"A") -> 2 | W16: =(V16/$V$25) -> 0.040816327
A17: P.24.01.85.3.15 | B17: KECERDASAN BISNIS | I17: P.24.01.85.3.16 | J17: TATA KELOLA DAN AUDIT BISNIS DIGITAL | M17: A | P17: A | S17: A | V17: =COUNTIF(K17:U17,"A") -> 3 | W17: =(V17/$V$25) -> 0.06122449
A18: P.24.01.85.3.16 | B18: TATA KELOLA DAN AUDIT BISNIS DIGITAL | J18: Pilihan 2 - Layanan Publik | V18: =COUNTIF(K18:U18,"A") -> 0 | W18: =(V18/$V$25) -> 0
B19: Pilihan 2 - Layanan Publik | I19: P.24.01.85.3.17 | J19: SISTEM PEMERINTAHAN BERBASIS ELEKTRONIK | R19: A | S19: A | T19: A | U19: A | V19: =COUNTIF(K19:U19,"A") -> 4 | W19: =(V19/$V$25) -> 0.081632653
A20: P.24.01.85.3.17 | B20: SISTEM PEMERINTAHAN BERBASIS ELEKTRONIK | I20: P.24.01.85.3.18 | J20: MANAJEMEN PROYEK TEKNOLOGI INFORMASI | O20: A | P20: A | S20: A | V20: =COUNTIF(K20:U20,"A") -> 3 | W20: =(V20/$V$25) -> 0.06122449
A21: P.24.01.85.3.18 | B21: MANAJEMEN PROYEK TEKNOLOGI INFORMASI | I21: P.24.01.85.3.19 | J21: KOTA CERDAS | M21: A | S21: A | V21: =COUNTIF(K21:U21,"A") -> 2 | W21: =(V21/$V$25) -> 0.040816327
A22: P.24.01.85.3.19 | B22: KOTA CERDAS | I22: P.24.01.85.4.20 | J22: PUBLIKASI | K22: A | L22: A | S22: A | V22: =COUNTIF(K22:U22,"A") -> 3 | W22: =(V22/$V$25) -> 0.06122449
A23: P.24.01.85.4.20 | B23: PUBLIKASI | I23: P.24.01.85.4.21 | J23: STRATEGI TEKNOPRENEURSHIP DAN INOVASI DIGITAL | K23: A | L23: A | V23: =COUNTIF(K23:U23,"A") -> 2 | W23: =(V23/$V$25) -> 0.040816327
A24: P.24.01.85.4.21 | B24: STRATEGI TEKNOPRENEURSHIP DAN INOVASI DIGITAL | K24: =COUNTIF(K2:K23,"A") -> 3 | L24: =COUNTIF(L2:L23,"A") -> 3 | M24: =COUNTIF(M2:M23,"A") -> 5 | N24: =COUNTIF(N2:N23,"A") -> 1 | O24: =COUNTIF(O2:O23,"A") -> 6 | P24: =COUNTIF(P2:P23,"A") -> 4 | Q24: =COUNTIF(Q2:Q23,"A") -> 2 | R24: =COUNTIF(R2:R23,"A") -> 3 | ... U24: =COUNTIF(U2:U23,"A") -> 9
U25: =SUM(K24:U24) -> 49 | V25: =SUM(V2:V23) -> 49
K26: =(K24/$U$25) -> 0.06122449 | L26: =(L24/$U$25) -> 0.06122449 | M26: =(M24/$U$25) -> 0.10204082 | N26: =(N24/$U$25) -> 0.020408163 | O26: =(O24/$U$25) -> 0.12244898 | P26: =(P24/$U$25) -> 0.081632653 | Q26: =(Q24/$U$25) -> 0.040816327 | R26: =(R24/$U$25) -> 0.06122449 | ... U26: =(U24/$U$25) -> 0.18367347
U27: =SUM(K26:U26) -> 1

Sheet CPL-MK-BK
A1: Kode MK | B1: Nama MK | D1: No | E1: Kode CPL | F1: Deskripsi CPL | G1: Kategori | I1: No | J1: Kode BK | K1: Bahan Kajian | M1: Kode BK | N1: CPL01 | O1: CPL02 | P1: CPL03 | Q1: CPL04 | R1: CPL05 | S1: CPL06 | T1: CPL07 | U1: CPL08 | V1: CPL09 | W1: CPL10 | X1: CPL11 | Z1: Kode BK | AA1: CPL01 | AB1: CPL02 | AC1: CPL03 | AD1: CPL04 | AE1: CPL05 | AF1: CPL06 | AG1: CPL07 | AH1: CPL08 | AI1: CPL09 | AJ1: CPL10 | AK1: CPL11
A2: P.24.01.85.1.01 | B2: MATRIKULASI | D2: 1 | E2: CPL01 | F2: Mampu bekerja secara mandiri ataupun dalam tim, serta menunjukkan sikap profesional dan etis dalam menjalankan tugas dan tanggung jawab untuk menyelesaikan proyek-proyek terkait teknologi informasi cerdas dalam pengembangan layanan publik dan ekonomi digital | G2: Sikap (S) | I2: 1 | J2: BK01 | K2: Skalabilitas dan Analitik Data | M2: BK01 | R2: P.24.01.85.1.02; | W2: P.24.01.85.1.02 | Z2: BK01 | AE2: =VLOOKUP(R2,$A$2:$B$24,2) -> PERMODELAN STATISTIK UNTUK BISNIS | AI2: =VLOOKUP(V2,$A$2:$B$24,2) -> #N/A | AJ2: =VLOOKUP(W2,$A$2:$B$24,2) -> PERMODELAN STATISTIK UNTUK BISNIS
A3: P.24.01.85.1.02 | B3: PERMODELAN STATISTIK UNTUK BISNIS | D3: 2 | E3: CPL02 | F3: Mampu mengembangkan kemampuan berkomunikasi lisan secara efektif, berpikir kritis, kreatif, dan profesional serta dapat menghasilkan karya ilmiah yang orisinal dalam menyelesaikan permasalahan terkait teknologi informasi cerdas melalui pemanfaatan penelitian teknologi informasi dengan berbagai pihak terkait. | I3: 2 | J3: BK02 | K3: Prinsip-prinsip Keamanan Siber | R3: P.24.01.85.1.03 | W3: P.24.01.85.1.03 | AE3: =VLOOKUP(R3,$A$2:$B$24,2) -> MESIN PEMBELAJARAN UNTUK BISNIS | AH3: =VLOOKUP(U3,$A$2:$B$24,2) -> #N/A | AI3: =VLOOKUP(V3,$A$2:$B$24,2) -> #N/A | AJ3: =VLOOKUP(W3,$A$2:$B$24,2) -> MESIN PEMBELAJARAN UNTUK BISNIS | AK3: =VLOOKUP(X3,$A$2:$B$24,2) -> #N/A
A4: P.24.01.85.1.03 | B4: MESIN PEMBELAJARAN UNTUK BISNIS | D4: 3 | E4: CPL03 | F4: Memiliki kemampuan menganalisis, mengevaluasi, dan membuat keputusan berdasarkan pengetahuan di bidang teknologi informasi cerdas dalam konteks dukungan terhadap pengembangan layanan publik dan ekonomi digital | G4: Keterampilan Umum (KU) | I4: 3 | J4: BK03 | K4: Manajemen Data dan Informasi | R4: P.24.01.85.1.04 | W4: P.24.01.85.1.04 | AE4: =VLOOKUP(R4,$A$2:$B$24,2) -> ANALISIS DATA BESAR | AH4: =VLOOKUP(U4,$A$2:$B$24,2) -> #N/A | AI4: =VLOOKUP(V4,$A$2:$B$24,2) -> #N/A | AJ4: =VLOOKUP(W4,$A$2:$B$24,2) -> ANALISIS DATA BESAR | AK4: =VLOOKUP(X4,$A$2:$B$24,2) -> #N/A
A5: P.24.01.85.1.04 | B5: ANALISIS DATA BESAR | D5: 4 | E5: CPL04 | F5: Mampu mengevaluasi, membuat kesimpulan, dan membuat keputusan berdasarkan pengetahuan teknologi informasi khususnya teknologi informasi cerdas terbaru berkaitan dengan manajemen pengembangan layanan publik dan ekonomi digital | I5: 4 | J5: BK04 | K5: Desain User Experience | R5: P.24.01.85.2.11 | W5: P.24.01.85.2.11 | AE5: =VLOOKUP(R5,$A$2:$B$24,2) -> SISTEM PENDUKUNG KEPUTUSAN CERDAS | AI5: =VLOOKUP(V5,$A$2:$B$24,2) -> #N/A | AJ5: =VLOOKUP(W5,$A$2:$B$24,2) -> SISTEM PENDUKUNG KEPUTUSAN CERDAS
A6: P.24.01.85.1.05 | B6: MANAJEMEN STRATEGIS SISTEM INFORMASI | D6: 5 | E6: CPL05 | F6: Memiliki kemampuan menganalisa, mengevaluasi, dan membuat keputusan berbasis kinerja solusi komputasi cerdas untuk mendukung layanan publik dan ekonomi digital | G6: Keterampilan Khusus (KK) | I6: 5 | J6: BK05 | K6: Pengembangan dan Manajemen Perangkat Lunak | U6: P.24.01.85.3.18 | V6: P.24.01.85.3.18 | W6: P.24.01.85.3.18 | X6: P.24.01.85.3.18 | AE6: =VLOOKUP(R6,$A$2:$B$24,2) -> #N/A | AF6: =VLOOKUP(S6,$A$2:$B$24,2) -> #N/A | AH6: =VLOOKUP(U6,$A$2:$B$24,2) -> MANAJEMEN PROYEK TEKNOLOGI INFORMASI | AI6: =VLOOKUP(V6,$A$2:$B$24,2) -> MANAJEMEN PROYEK TEKNOLOGI INFORMASI | AJ6: =VLOOKUP(W6,$A$2:$B$24,2) -> MANAJEMEN PROYEK TEKNOLOGI INFORMASI | AK6: =VLOOKUP(X6,$A$2:$B$24,2) -> MANAJEMEN PROYEK TEKNOLOGI INFORMASI
A7: P.24.01.85.1.06 | B7: REKAYASA PERANGKAT LUNAK LANJUT | D7: 6 | E7: CPL06 | F7: Memiliki pemahaman yang mendalam, menganalisis, dan mengevaluasi tentang solusi komputasi cerdas dengan sistem dan infrastruktur yang ada termasuk pertimbangan keamanan sistem informasi untuk mendukung layanan publik dan ekonomi digital | I7: 6 | J7: BK06 | K7: Pengembangan E-Goverment berbasis Teknologi Informasi | P7: P.24.01.85.3.19 | V7: P.24.01.85.3.19 | AC7: =VLOOKUP(P7,$A$2:$B$24,2) -> KOTA CERDAS | AD7: =VLOOKUP(Q7,$A$2:$B$24,2) -> #N/A | AE7: =VLOOKUP(R7,$A$2:$B$24,2) -> #N/A | AI7: =VLOOKUP(V7,$A$2:$B$24,2) -> KOTA CERDAS | AJ7: =VLOOKUP(W7,$A$2:$B$24,2) -> #N/A | AK7: =VLOOKUP(X7,$A$2:$B$24,2) -> #N/A
A8: P.24.01.85.2.07 | B8: METODOLOGI PENELITIAN DAN PENULISAN ILMIAH | D8: 7 | E8: CPL07 | F8: Mampu menganalisis, mengembangkan, dan mengevaluasi kebutuhan sistem antarmuka pengguna yang efektif dan memahami kebutuhan serta preferensi pengguna dalam pengembangan teknologi informasi berbasis komputasi cerdas untuk mendukung layanan publik dan ekonomi digital. | G8: Pengetahuan (P) | I8: 7 | J8: BK07 | K8: Ekonomi Digital | M8: BK02 | S8: P.24.01.85.2.10 | W8: P.24.01.85.2.10 | Z8: BK02 | AF8: =VLOOKUP(S8,$A$2:$B$24,2) -> KEAMANAN SIBER | AI8: =VLOOKUP(V8,$A$2:$B$24,2) -> #N/A | AJ8: =VLOOKUP(W8,$A$2:$B$24,2) -> KEAMANAN SIBER
A9: P.24.01.85.2.08 | B9: REKAYASA KEBUTUHAN SISTEM | D9: 8 | E9: CPL08 | F9: Mampu mengevaluasi, mengembangkan dan mengimplementasikan solusi komputasi cerdas dengan menggunakan teknologi terkini dalam mendukung pengembangan kota cerdas dan sistem pemerintahan berbasis elektronik | I9: 8 | J9: BK08 | K9: Praktek Profesional Global | P9: P.24.01.85.3.16 | S9: P.24.01.85.3.16 | V9: P.24.01.85.3.16 | AC9: =VLOOKUP(P9,$A$2:$B$24,2) -> TATA KELOLA DAN AUDIT BISNIS DIGITAL | AD9: =VLOOKUP(Q9,$A$2:$B$24,2) -> #N/A | AF9: =VLOOKUP(S9,$A$2:$B$24,2) -> TATA KELOLA DAN AUDIT BISNIS DIGITAL | AI9: =VLOOKUP(V9,$A$2:$B$24,2) -> TATA KELOLA DAN AUDIT BISNIS DIGITAL | AJ9: =VLOOKUP(W9,$A$2:$B$24,2) -> #N/A | AK9: =VLOOKUP(X9,$A$2:$B$24,2) -> #N/A
B10: INTERAKSI MANUSIA DAN KOMPUTER | D10: 9 | E10: CPL09 | F10: Mampu mengidentifikasi, menganalisis, meneliti literatur, mengevaluasi, dan memformulasi solusi-solusi algoritmik untuk masalah computing yang kompleks | G10: Kompetensi Utama (KT) | I10: 9 | J10: BK09 | K10: Penelitian dan Pengembangan | U10: P.24.01.85.3.17 | V10: P.24.01.85.3.17 | W10: P.24.01.85.3.17 | X10: P.24.01.85.3.17 | AF10: =VLOOKUP(S10,$A$2:$B$24,2) -> #N/A | AH10: =VLOOKUP(U10,$A$2:$B$24,2) -> SISTEM PEMERINTAHAN BERBASIS ELEKTRONIK | AI10: =VLOOKUP(V10,$A$2:$B$24,2) -> SISTEM PEMERINTAHAN BERBASIS ELEKTRONIK | AJ10: =VLOOKUP(W10,$A$2:$B$24,2) -> SISTEM PEMERINTAHAN BERBASIS ELEKTRONIK | AK10: =VLOOKUP(X10,$A$2:$B$24,2) -> SISTEM PEMERINTAHAN BERBASIS ELEKTRONIK
A11: P.24.01.85.2.10 | B11: KEAMANAN SIBER | D11: 10 | E11: CPL10 | F11: Mampu menerapkan prinsip-prinsip matematika, computing, dan disiplin ilmu yang relevan untuk merumuskan solusi bagi persoalan computing yang kompleks | M11: BK03 | P11: P.24.01.85.1.05 | Q11: P.24.01.85.1.05 | X11: P.24.01.85.1.05 | Z11: BK03 | AC11: =VLOOKUP(P11,$A$2:$B$24,2) -> MANAJEMEN STRATEGIS SISTEM INFORMASI | AD11: =VLOOKUP(Q11,$A$2:$B$24,2) -> MANAJEMEN STRATEGIS SISTEM INFORMASI | AH11: =VLOOKUP(U11,$A$2:$B$24,2) -> #N/A | AK11: =VLOOKUP(X11,$A$2:$B$24,2) -> MANAJEMEN STRATEGIS SISTEM INFORMASI
A12: P.24.01.85.2.11 | B12: SISTEM PENDUKUNG KEPUTUSAN CERDAS | D12: 11 | E12: CPL11 | F12: Mampu memodelkan sistem yang kompleks dan membangun solusi berbasis computing yang efektif dan efisien | T12: P.24.01.85.2.09 | X12: P.24.01.85.2.09 | AC12: =VLOOKUP(P12,$A$2:$B$24,2) -> #N/A | AD12: =VLOOKUP(Q12,$A$2:$B$24,2) -> #N/A | AG12: =VLOOKUP(T12,$A$2:$B$24,2) -> INTERAKSI MANUSIA DAN KOMPUTER | AK12: =VLOOKUP(X12,$A$2:$B$24,2) -> INTERAKSI MANUSIA DAN KOMPUTER
A13: P.24.01.85.3.12 | B13: ARSITEKTUR ENTERPRISE UNTUK TEKNOLOGI INFORMASI | P13: P.24.01.85.3.15 | X13: P.24.01.85.3.15 | AC13: =VLOOKUP(P13,$A$2:$B$24,2) -> KECERDASAN BISNIS | AD13: =VLOOKUP(Q13,$A$2:$B$24,2) -> #N/A | AK13: =VLOOKUP(X13,$A$2:$B$24,2) -> KECERDASAN BISNIS
A14: P.24.01.85.3.13 | B14: TESIS | P14: P.24.01.85.3.16 | S14: P.24.01.85.3.16 | V14: P.24.01.85.3.16 | AC14: =VLOOKUP(P14,$A$2:$B$24,2) -> TATA KELOLA DAN AUDIT BISNIS DIGITAL | AD14: =VLOOKUP(Q14,$A$2:$B$24,2) -> #N/A | AF14: =VLOOKUP(S14,$A$2:$B$24,2) -> TATA KELOLA DAN AUDIT BISNIS DIGITAL | AI14: =VLOOKUP(V14,$A$2:$B$24,2) -> TATA KELOLA DAN AUDIT BISNIS DIGITAL | AJ14: =VLOOKUP(W14,$A$2:$B$24,2) -> #N/A | AK14: =VLOOKUP(X14,$A$2:$B$24,2) -> #N/A
B15: Pilihan 1 - Teknologi Keuangan ( FinTech ) | P15: P.24.01.85.3.19 | V15: P.24.01.85.3.19 | AC15: =VLOOKUP(P15,$A$2:$B$24,2) -> KOTA CERDAS | AD15: =VLOOKUP(Q15,$A$2:$B$24,2) -> #N/A | AE15: =VLOOKUP(R15,$A$2:$B$24,2) -> #N/A | AI15: =VLOOKUP(V15,$A$2:$B$24,2) -> KOTA CERDAS | AJ15: =VLOOKUP(W15,$A$2:$B$24,2) -> #N/A | AK15: =VLOOKUP(X15,$A$2:$B$24,2) -> #N/A
A16: P.24.01.85.3.14 | B16: TEKNOLOGI KEUANGAN ( FINTECH ) DAN RESIKO | M16: BK04 | T16: P.24.01.85.2.09 | X16: P.24.01.85.2.09 | Z16: BK04 | AC16: =VLOOKUP(P16,$A$2:$B$24,2) -> #N/A | AD16: =VLOOKUP(Q16,$A$2:$B$24,2) -> #N/A | AG16: =VLOOKUP(T16,$A$2:$B$24,2) -> INTERAKSI MANUSIA DAN KOMPUTER | AK16: =VLOOKUP(X16,$A$2:$B$24,2) -> INTERAKSI MANUSIA DAN KOMPUTER
A17: P.24.01.85.3.15 | B17: KECERDASAN BISNIS | T17: P.24.01.85.3.12 | X17: P.24.01.85.3.12 | AG17: =VLOOKUP(T17,$A$2:$B$24,2) -> ARSITEKTUR ENTERPRISE UNTUK TEKNOLOGI INFORMASI | AK17: =VLOOKUP(X17,$A$2:$B$24,2) -> ARSITEKTUR ENTERPRISE UNTUK TEKNOLOGI INFORMASI
A18: P.24.01.85.3.16 | B18: TATA KELOLA DAN AUDIT BISNIS DIGITAL | M18: BK05 | R18: P.24.01.85.1.03 | W18: P.24.01.85.1.03 | Z18: BK05 | AE18: =VLOOKUP(R18,$A$2:$B$24,2) -> MESIN PEMBELAJARAN UNTUK BISNIS | AH18: =VLOOKUP(U18,$A$2:$B$24,2) -> #N/A | AI18: =VLOOKUP(V18,$A$2:$B$24,2) -> #N/A | AJ18: =VLOOKUP(W18,$A$2:$B$24,2) -> MESIN PEMBELAJARAN UNTUK BISNIS | AK18: =VLOOKUP(X18,$A$2:$B$24,2) -> #N/A
B19: Pilihan 2 - Layanan Publik | R19: P.24.01.85.1.04 | W19: P.24.01.85.1.04 | AE19: =VLOOKUP(R19,$A$2:$B$24,2) -> ANALISIS DATA BESAR | AH19: =VLOOKUP(U19,$A$2:$B$24,2) -> #N/A | AI19: =VLOOKUP(V19,$A$2:$B$24,2) -> #N/A | AJ19: =VLOOKUP(W19,$A$2:$B$24,2) -> ANALISIS DATA BESAR | AK19: =VLOOKUP(X19,$A$2:$B$24,2) -> #N/A
A20: P.24.01.85.3.17 | B20: SISTEM PEMERINTAHAN BERBASIS ELEKTRONIK | P20: P.24.01.85.1.05 | Q20: P.24.01.85.1.05 | X20: P.24.01.85.1.05 | AC20: =VLOOKUP(P20,$A$2:$B$24,2) -> MANAJEMEN STRATEGIS SISTEM INFORMASI | AD20: =VLOOKUP(Q20,$A$2:$B$24,2) -> MANAJEMEN STRATEGIS SISTEM INFORMASI | AH20: =VLOOKUP(U20,$A$2:$B$24,2) -> #N/A | AK20: =VLOOKUP(X20,$A$2:$B$24,2) -> MANAJEMEN STRATEGIS SISTEM INFORMASI
A21: P.24.01.85.3.18 | B21: MANAJEMEN PROYEK TEKNOLOGI INFORMASI | U21: P.24.01.85.1.06 | X21: P.24.01.85.1.06 | AB21: =VLOOKUP(O21,$A$2:$B$24,2) -> #N/A | AH21: =VLOOKUP(U21,$A$2:$B$24,2) -> REKAYASA PERANGKAT LUNAK LANJUT | AK21: =VLOOKUP(X21,$A$2:$B$24,2) -> REKAYASA PERANGKAT LUNAK LANJUT
A22: P.24.01.85.3.19 | B22: KOTA CERDAS | S22: P.24.01.85.2.08 | U22: P.24.01.85.2.08 | X22: P.24.01.85.2.08 | AF22: =VLOOKUP(S22,$A$2:$B$24,2) -> INTERAKSI MANUSIA DAN KOMPUTER | AH22: =VLOOKUP(U22,$A$2:$B$24,2) -> INTERAKSI MANUSIA DAN KOMPUTER | AJ22: =VLOOKUP(W22,$A$2:$B$24,2) -> #N/A | AK22: =VLOOKUP(X22,$A$2:$B$24,2) -> INTERAKSI MANUSIA DAN KOMPUTER
A23: P.24.01.85.4.20 | B23: PUBLIKASI | M23: BK06 | S23: P.24.01.85.2.08 | U23: P.24.01.85.2.08 | X23: P.24.01.85.2.08 | Z23: BK06 | AF23: =VLOOKUP(S23,$A$2:$B$24,2) -> INTERAKSI MANUSIA DAN KOMPUTER | AH23: =VLOOKUP(U23,$A$2:$B$24,2) -> INTERAKSI MANUSIA DAN KOMPUTER | AJ23: =VLOOKUP(W23,$A$2:$B$24,2) -> #N/A | AK23: =VLOOKUP(X23,$A$2:$B$24,2) -> INTERAKSI MANUSIA DAN KOMPUTER
A24: P.24.01.85.4.21 | B24: STRATEGI TEKNOPRENEURSHIP DAN INOVASI DIGITAL | U24: P.24.01.85.3.17 | V24: P.24.01.85.3.17 | W24: P.24.01.85.3.17 | X24: P.24.01.85.3.17 | AF24: =VLOOKUP(S24,$A$2:$B$24,2) -> #N/A | AH24: =VLOOKUP(U24,$A$2:$B$24,2) -> SISTEM PEMERINTAHAN BERBASIS ELEKTRONIK | AI24: =VLOOKUP(V24,$A$2:$B$24,2) -> SISTEM PEMERINTAHAN BERBASIS ELEKTRONIK | AJ24: =VLOOKUP(W24,$A$2:$B$24,2) -> SISTEM PEMERINTAHAN BERBASIS ELEKTRONIK | AK24: =VLOOKUP(X24,$A$2:$B$24,2) -> SISTEM PEMERINTAHAN BERBASIS ELEKTRONIK
R25: P.24.01.85.3.18 | S25: P.24.01.85.3.18 | V25: P.24.01.85.3.18 | AE25: =VLOOKUP(R25,$A$2:$B$24,2) -> MANAJEMEN PROYEK TEKNOLOGI INFORMASI | AF25: =VLOOKUP(S25,$A$2:$B$24,2) -> MANAJEMEN PROYEK TEKNOLOGI INFORMASI | AH25: =VLOOKUP(U25,$A$2:$B$24,2) -> #N/A | AI25: =VLOOKUP(V25,$A$2:$B$24,2) -> MANAJEMEN PROYEK TEKNOLOGI INFORMASI | AJ25: =VLOOKUP(W25,$A$2:$B$24,2) -> #N/A | AK25: =VLOOKUP(X25,$A$2:$B$24,2) -> #N/A
M26: BK07 | R26: P.24.01.85.3.14 | V26: P.24.01.85.3.14 | Z26: BK07 | AE26: =VLOOKUP(R26,$A$2:$B$24,2) -> TEKNOLOGI KEUANGAN ( FINTECH ) DAN RESIKO | AI26: =VLOOKUP(V26,$A$2:$B$24,2) -> TEKNOLOGI KEUANGAN ( FINTECH ) DAN RESIKO
M27: BK08 | N27: P.24.01.85.3.13 | O27: P.24.01.85.3.13 | V27: P.24.01.85.3.13 | X27: P.24.01.85.3.13 | Z27: BK08 | AA27: =VLOOKUP(N27,$A$2:$B$24,2) -> TESIS | AB27: =VLOOKUP(O27,$A$2:$B$24,2) -> TESIS | AI27: =VLOOKUP(V27,$A$2:$B$24,2) -> TESIS | AK27: =VLOOKUP(X27,$A$2:$B$24,2) -> TESIS
N28: P.24.01.85.4.20 | O28: P.24.01.85.4.20 | V28: P.24.01.85.4.20 | AA28: =VLOOKUP(N28,$A$2:$B$24,2) -> PUBLIKASI | AB28: =VLOOKUP(O28,$A$2:$B$24,2) -> PUBLIKASI | AI28: =VLOOKUP(V28,$A$2:$B$24,2) -> PUBLIKASI | AK28: =VLOOKUP(X28,$A$2:$B$24,2) -> #N/A
N29: P.24.01.85.4.21 | O29: P.24.01.85.4.21 | AA29: =VLOOKUP(N29,$A$2:$B$24,2) -> STRATEGI TEKNOPRENEURSHIP DAN INOVASI DIGITAL | AB29: =VLOOKUP(O29,$A$2:$B$24,2) -> STRATEGI TEKNOPRENEURSHIP DAN INOVASI DIGITAL | AI29: =VLOOKUP(V29,$A$2:$B$24,2) -> #N/A
M30: BK09 | U30: P.24.01.85.1.06 | X30: P.24.01.85.1.06 | Z30: BK09 | AB30: =VLOOKUP(O30,$A$2:$B$24,2) -> #N/A | AH30: =VLOOKUP(U30,$A$2:$B$24,2) -> REKAYASA PERANGKAT LUNAK LANJUT | AK30: =VLOOKUP(X30,$A$2:$B$24,2) -> REKAYASA PERANGKAT LUNAK LANJUT
P31: P.24.01.85.2.07 | X31: P.24.01.85.2.07 | AC31: =VLOOKUP(P31,$A$2:$B$24,2) -> INTERAKSI MANUSIA DAN KOMPUTER | AK31: =VLOOKUP(X31,$A$2:$B$24,2) -> INTERAKSI MANUSIA DAN KOMPUTER
N32: P.24.01.85.3.13 | O32: P.24.01.85.3.13 | V32: P.24.01.85.3.13 | X32: P.24.01.85.3.13 | AA32: =VLOOKUP(N32,$A$2:$B$24,2) -> TESIS | AB32: =VLOOKUP(O32,$A$2:$B$24,2) -> TESIS | AI32: =VLOOKUP(V32,$A$2:$B$24,2) -> TESIS | AK32: =VLOOKUP(X32,$A$2:$B$24,2) -> TESIS
N33: P.24.01.85.4.20 | O33: P.24.01.85.4.20 | V33: P.24.01.85.4.20 | AA33: =VLOOKUP(N33,$A$2:$B$24,2) -> PUBLIKASI | AB33: =VLOOKUP(O33,$A$2:$B$24,2) -> PUBLIKASI | AI33: =VLOOKUP(V33,$A$2:$B$24,2) -> PUBLIKASI | AK33: =VLOOKUP(X33,$A$2:$B$24,2) -> #N/A

Sheet MK-SKS-SMTR
A1: Kode MK | B1: Nama MK | C1: SKS | D1: SMTR | E1: JML SKS | G1: Kode CPL | H1: CPL01 | I1: CPL02 | J1: CPL03 | K1: CPL04 | L1: CPL05 | M1: CPL06 | N1: CPL07 | O1: CPL08 | P1: CPL09 | Q1: CPL10 | R1: CPL11 | T1: Kode CPL | U1: CPL01 | V1: CPL02 | W1: CPL03 | X1: CPL04 | Y1: CPL05 | Z1: CPL06 | AA1: CPL07 | AB1: CPL08 | AC1: CPL09 | AD1: CPL10 | AE1: CPL11
A2: P.24.01.85.1.01 | B2: MATRIKULASI | C2: 0 | D2: 1 | E2: 15
A3: P.24.01.85.1.02 | B3: PERMODELAN STATISTIK UNTUK BISNIS | C3: 3 | G3: SMTR 1 | L3: P.24.01.85.1.02 | Q3: P.24.01.85.1.02 | T3: SMTR 1 | Y3: =VLOOKUP(L3,$A$2:$B$24,2) -> PERMODELAN STATISTIK UNTUK BISNIS | AC3: =VLOOKUP(P3,$A$2:$B$24,2) -> #N/A | AD3: =VLOOKUP(Q3,$A$2:$B$24,2) -> PERMODELAN STATISTIK UNTUK BISNIS
A4: P.24.01.85.1.03 | B4: MESIN PEMBELAJARAN UNTUK BISNIS | C4: 3 | L4: P.24.01.85.1.03 | Q4: P.24.01.85.1.03 | Y4: =VLOOKUP(L4,$A$2:$B$24,2) -> MESIN PEMBELAJARAN UNTUK BISNIS | AB4: =VLOOKUP(O4,$A$2:$B$24,2) -> #N/A | AC4: =VLOOKUP(P4,$A$2:$B$24,2) -> #N/A | AD4: =VLOOKUP(Q4,$A$2:$B$24,2) -> MESIN PEMBELAJARAN UNTUK BISNIS | AE4: =VLOOKUP(R4,$A$2:$B$24,2) -> #N/A
A5: P.24.01.85.1.04 | B5: ANALISIS DATA BESAR | C5: 3 | L5: P.24.01.85.1.04 | Q5: P.24.01.85.1.04 | Y5: =VLOOKUP(L5,$A$2:$B$24,2) -> ANALISIS DATA BESAR | AB5: =VLOOKUP(O5,$A$2:$B$24,2) -> #N/A | AC5: =VLOOKUP(P5,$A$2:$B$24,2) -> #N/A | AD5: =VLOOKUP(Q5,$A$2:$B$24,2) -> ANALISIS DATA BESAR | AE5: =VLOOKUP(R5,$A$2:$B$24,2) -> #N/A
A6: P.24.01.85.1.05 | B6: MANAJEMEN STRATEGIS SISTEM INFORMASI | C6: 3 | J6: P.24.01.85.1.05 | K6: P.24.01.85.1.05 | R6: P.24.01.85.1.05 | W6: =VLOOKUP(J6,$A$2:$B$24,2) -> MANAJEMEN STRATEGIS SISTEM INFORMASI | X6: =VLOOKUP(K6,$A$2:$B$24,2) -> MANAJEMEN STRATEGIS SISTEM INFORMASI | AB6: =VLOOKUP(O6,$A$2:$B$24,2) -> #N/A | AE6: =VLOOKUP(R6,$A$2:$B$24,2) -> MANAJEMEN STRATEGIS SISTEM INFORMASI
A7: P.24.01.85.1.06 | B7: REKAYASA PERANGKAT LUNAK LANJUT | C7: 3 | O7: P.24.01.85.1.06 | R7: P.24.01.85.1.06 | V7: =VLOOKUP(I7,$A$2:$B$24,2) -> #N/A | AB7: =VLOOKUP(O7,$A$2:$B$24,2) -> REKAYASA PERANGKAT LUNAK LANJUT | AE7: =VLOOKUP(R7,$A$2:$B$24,2) -> REKAYASA PERANGKAT LUNAK LANJUT
A8: P.24.01.85.2.07 | B8: METODOLOGI PENELITIAN DAN PENULISAN ILMIAH | C8: 3 | D8: 2 | E8: 15 | G8: SMTR 2 | J8: P.24.01.85.2.07 | R8: P.24.01.85.2.07 | T8: SMTR 2 | W8: =VLOOKUP(J8,$A$2:$B$24,2) -> METODOLOGI PENELITIAN DAN PENULISAN ILMIAH | AE8: =VLOOKUP(R8,$A$2:$B$24,2) -> METODOLOGI PENELITIAN DAN PENULISAN ILMIAH
A9: P.24.01.85.2.08 | B9: REKAYASA KEBUTUHAN SISTEM | C9: 3 | M9: P.24.01.85.2.08 | O9: P.24.01.85.2.08 | R9: P.24.01.85.2.08 | Z9: =VLOOKUP(M9,$A$2:$B$24,2) -> REKAYASA KEBUTUHAN SISTEM | AB9: =VLOOKUP(O9,$A$2:$B$24,2) -> REKAYASA KEBUTUHAN SISTEM | AD9: =VLOOKUP(Q9,$A$2:$B$24,2) -> #N/A | AE9: =VLOOKUP(R9,$A$2:$B$24,2) -> REKAYASA KEBUTUHAN SISTEM
A10: P.24.01.85.2.09 | B10: INTERAKSI MANUSIA DAN KOMPUTER | C10: 3 | N10: P.24.01.85.2.09 | R10: P.24.01.85.2.09 | W10: =VLOOKUP(J10,$A$2:$B$24,2) -> #N/A | X10: =VLOOKUP(K10,$A$2:$B$24,2) -> #N/A | AA10: =VLOOKUP(N10,$A$2:$B$24,2) -> INTERAKSI MANUSIA DAN KOMPUTER | AE10: =VLOOKUP(R10,$A$2:$B$24,2) -> INTERAKSI MANUSIA DAN KOMPUTER
A11: P.24.01.85.2.10 | B11: KEAMANAN SIBER | C11: 3 | M11: P.24.01.85.2.10 | Q11: P.24.01.85.2.10 | Z11: =VLOOKUP(M11,$A$2:$B$24,2) -> KEAMANAN SIBER | AC11: =VLOOKUP(P11,$A$2:$B$24,2) -> #N/A | AD11: =VLOOKUP(Q11,$A$2:$B$24,2) -> KEAMANAN SIBER
A12: P.24.01.85.2.11 | B12: SISTEM PENDUKUNG KEPUTUSAN CERDAS | C12: 3 | L12: P.24.01.85.2.11 | Q12: P.24.01.85.2.11 | Y12: =VLOOKUP(L12,$A$2:$B$24,2) -> SISTEM PENDUKUNG KEPUTUSAN CERDAS | AC12: =VLOOKUP(P12,$A$2:$B$24,2) -> #N/A | AD12: =VLOOKUP(Q12,$A$2:$B$24,2) -> SISTEM PENDUKUNG KEPUTUSAN CERDAS
A13: P.24.01.85.3.12 | B13: ARSITEKTUR ENTERPRISE UNTUK TEKNOLOGI INFORMASI | C13: 3 | D13: 3 | E13: 18 | G13: SMTR 3 | N13: P.24.01.85.3.12 | R13: P.24.01.85.3.12 | T13: SMTR 3 | AA13: =VLOOKUP(N13,$A$2:$B$24,2) -> ARSITEKTUR ENTERPRISE UNTUK TEKNOLOGI INFORMASI | AE13: =VLOOKUP(R13,$A$2:$B$24,2) -> ARSITEKTUR ENTERPRISE UNTUK TEKNOLOGI INFORMASI
A14: P.24.01.85.3.13 | B14: TESIS | C14: 6 | H14: P.24.01.85.3.13 | I14: P.24.01.85.3.13 | P14: P.24.01.85.3.13 | R14: P.24.01.85.3.13 | U14: =VLOOKUP(H14,$A$2:$B$24,2) -> TESIS | V14: =VLOOKUP(I14,$A$2:$B$24,2) -> TESIS | AC14: =VLOOKUP(P14,$A$2:$B$24,2) -> TESIS | AE14: =VLOOKUP(R14,$A$2:$B$24,2) -> TESIS
B15: Pilihan 1 - Teknologi Keuangan ( FinTech )
A16: P.24.01.85.3.14 | B16: TEKNOLOGI KEUANGAN ( FINTECH ) DAN RESIKO | C16: 3 | L16: P.24.01.85.3.14 | P16: P.24.01.85.3.14 | Y16: =VLOOKUP(L16,$A$2:$B$24,2) -> TEKNOLOGI KEUANGAN ( FINTECH ) DAN RESIKO | AC16: =VLOOKUP(P16,$A$2:$B$24,2) -> TEKNOLOGI KEUANGAN ( FINTECH ) DAN RESIKO
A17: P.24.01.85.3.15 | B17: KECERDASAN BISNIS | C17: 3 | J17: P.24.01.85.3.15 | R17: P.24.01.85.3.15 | W17: =VLOOKUP(J17,$A$2:$B$24,2) -> KECERDASAN BISNIS | X17: =VLOOKUP(K17,$A$2:$B$24,2) -> #N/A | AE17: =VLOOKUP(R17,$A$2:$B$24,2) -> KECERDASAN BISNIS
A18: P.24.01.85.3.16 | B18: TATA KELOLA DAN AUDIT BISNIS DIGITAL | C18: 3 | J18: P.24.01.85.3.16 | M18: P.24.01.85.3.16 | P18: P.24.01.85.3.16 | W18: =VLOOKUP(J18,$A$2:$B$24,2) -> TATA KELOLA DAN AUDIT BISNIS DIGITAL | X18: =VLOOKUP(K18,$A$2:$B$24,2) -> #N/A | Z18: =VLOOKUP(M18,$A$2:$B$24,2) -> TATA KELOLA DAN AUDIT BISNIS DIGITAL | AC18: =VLOOKUP(P18,$A$2:$B$24,2) -> TATA KELOLA DAN AUDIT BISNIS DIGITAL | AD18: =VLOOKUP(Q18,$A$2:$B$24,2) -> #N/A | AE18: =VLOOKUP(R18,$A$2:$B$24,2) -> #N/A
B19: Pilihan 2 - Layanan Publik
A20: P.24.01.85.3.17 | B20: SISTEM PEMERINTAHAN BERBASIS ELEKTRONIK | C20: 3 | O20: P.24.01.85.3.17 | P20: P.24.01.85.3.17 | Q20: P.24.01.85.3.17 | R20: P.24.01.85.3.17 | Z20: =VLOOKUP(M20,$A$2:$B$24,2) -> #N/A | AB20: =VLOOKUP(O20,$A$2:$B$24,2) -> SISTEM PEMERINTAHAN BERBASIS ELEKTRONIK | AC20: =VLOOKUP(P20,$A$2:$B$24,2) -> SISTEM PEMERINTAHAN BERBASIS ELEKTRONIK | AD20: =VLOOKUP(Q20,$A$2:$B$24,2) -> SISTEM PEMERINTAHAN BERBASIS ELEKTRONIK | AE20: =VLOOKUP(R20,$A$2:$B$24,2) -> SISTEM PEMERINTAHAN BERBASIS ELEKTRONIK
A21: P.24.01.85.3.18 | B21: MANAJEMEN PROYEK TEKNOLOGI INFORMASI | C21: 3 | L21: P.24.01.85.3.18 | M21: P.24.01.85.3.18 | P21: P.24.01.85.3.18 | Y21: =VLOOKUP(L21,$A$2:$B$24,2) -> MANAJEMEN PROYEK TEKNOLOGI INFORMASI | Z21: =VLOOKUP(M21,$A$2:$B$24,2) -> MANAJEMEN PROYEK TEKNOLOGI INFORMASI | AB21: =VLOOKUP(O21,$A$2:$B$24,2) -> #N/A | AC21: =VLOOKUP(P21,$A$2:$B$24,2) -> MANAJEMEN PROYEK TEKNOLOGI INFORMASI | AD21: =VLOOKUP(Q21,$A$2:$B$24,2) -> #N/A | AE21: =VLOOKUP(R21,$A$2:$B$24,2) -> #N/A
A22: P.24.01.85.3.19 | B22: KOTA CERDAS | C22: 3 | J22: P.24.01.85.3.19 | P22: P.24.01.85.3.19 | W22: =VLOOKUP(J22,$A$2:$B$24,2) -> KOTA CERDAS | X22: =VLOOKUP(K22,$A$2:$B$24,2) -> #N/A | Y22: =VLOOKUP(L22,$A$2:$B$24,2) -> #N/A | AC22: =VLOOKUP(P22,$A$2:$B$24,2) -> KOTA CERDAS | AD22: =VLOOKUP(Q22,$A$2:$B$24,2) -> #N/A | AE22: =VLOOKUP(R22,$A$2:$B$24,2) -> #N/A
A23: P.24.01.85.4.20 | B23: PUBLIKASI | C23: 4 | D23: 4 | E23: 6 | G23: SMTR 4 | H23: P.24.01.85.4.20 | I23: P.24.01.85.4.20 | P23: P.24.01.85.4.20 | T23: SMTR 4 | U23: =VLOOKUP(H23,$A$2:$B$24,2) -> PUBLIKASI | V23: =VLOOKUP(I23,$A$2:$B$24,2) -> PUBLIKASI | AC23: =VLOOKUP(P23,$A$2:$B$24,2) -> PUBLIKASI | AE23: =VLOOKUP(R23,$A$2:$B$24,2) -> #N/A
A24: P.24.01.85.4.21 | B24: STRATEGI TEKNOPRENEURSHIP DAN INOVASI DIGITAL | C24: 2 | H24: P.24.01.85.4.21 | I24: P.24.01.85.4.21 | U24: =VLOOKUP(H24,$A$2:$B$24,2) -> STRATEGI TEKNOPRENEURSHIP DAN INOVASI DIGITAL | V24: =VLOOKUP(I24,$A$2:$B$24,2) -> STRATEGI TEKNOPRENEURSHIP DAN INOVASI DIGITAL | AC24: =VLOOKUP(P24,$A$2:$B$24,2) -> #N/A
C25: =(SUM(C2:C24))-9 -> 54

Sheet PEMENUHAN MATA KULIAH
A1: Kode CPL | B1: SMTR 1 | G1: SMTR 2 | L1: SMTR 3 | V1: SMTR 4
A2: CPL01 | M2: TESIS | V2: PUBLIKASI | W2: STRATEGI TEKNOPRENEURSHIP DAN INOVASI DIGITAL
A3: CPL02 | M3: TESIS | V3: PUBLIKASI | W3: STRATEGI TEKNOPRENEURSHIP DAN INOVASI DIGITAL
A4: CPL03 | E4: MANAJEMEN STRATEGIS SISTEM INFORMASI | G4: METODOLOGI PENELITIAN DAN PENULISAN ILMIAH | P4: KECERDASAN BISNIS | Q4: TATA KELOLA DAN AUDIT BISNIS DIGITAL | U4: KOTA CERDAS
A5: CPL04 | E5: MANAJEMEN STRATEGIS SISTEM INFORMASI
A6: CPL05 | B6: PERMODELAN STATISTIK UNTUK BISNIS | C6: MESIN PEMBELAJARAN UNTUK BISNIS | D6: ANALISIS DATA BESAR | K6: SISTEM PENDUKUNG KEPUTUSAN CERDAS | O6: TEKNOLOGI KEUANGAN ( FINTECH ) DAN RESIKO | T6: MANAJEMEN PROYEK TEKNOLOGI INFORMASI
A7: CPL06 | H7: REKAYASA KEBUTUHAN SISTEM | J7: KEAMANAN SIBER | Q7: TATA KELOLA DAN AUDIT BISNIS DIGITAL | T7: MANAJEMEN PROYEK TEKNOLOGI INFORMASI
A8: CPL07 | I8: INTERAKSI MANUSIA DAN KOMPUTER | L8: ARSITEKTUR ENTERPRISE UNTUK TEKNOLOGI INFORMASI
A9: CPL08 | F9: REKAYASA PERANGKAT LUNAK LANJUT | H9: REKAYASA KEBUTUHAN SISTEM | S9: SISTEM PEMERINTAHAN BERBASIS ELEKTRONIK
A10: CPL09 | M10: TESIS | O10: TEKNOLOGI KEUANGAN ( FINTECH ) DAN RESIKO | Q10: TATA KELOLA DAN AUDIT BISNIS DIGITAL | S10: SISTEM PEMERINTAHAN BERBASIS ELEKTRONIK | T10: MANAJEMEN PROYEK TEKNOLOGI INFORMASI | U10: KOTA CERDAS | V10: PUBLIKASI
A11: CPL10 | B11: PERMODELAN STATISTIK UNTUK BISNIS | C11: MESIN PEMBELAJARAN UNTUK BISNIS | D11: ANALISIS DATA BESAR | J11: KEAMANAN SIBER | K11: SISTEM PENDUKUNG KEPUTUSAN CERDAS | S11: SISTEM PEMERINTAHAN BERBASIS ELEKTRONIK
A12: CPL11 | E12: MANAJEMEN STRATEGIS SISTEM INFORMASI | F12: REKAYASA PERANGKAT LUNAK LANJUT | G12: METODOLOGI PENELITIAN DAN PENULISAN ILMIAH | H12: REKAYASA KEBUTUHAN SISTEM | I12: INTERAKSI MANUSIA DAN KOMPUTER | L12: ARSITEKTUR ENTERPRISE UNTUK TEKNOLOGI INFORMASI | M12: TESIS | P12: KECERDASAN BISNIS | S12: SISTEM PEMERINTAHAN BERBASIS ELEKTRONIK

Sheet CPL-CPMK-MK
A1: No | B1: Kode CPL | C1: Deskripsi CPL | D1: Kode CPMK | E1: Deskripsi CPMK | F1: SMTR 1 | J1: SMTR 2 | M1: SMTR 3 | U1: SMTR 4
A2: 1 | B2: CPL01 | C2: Mampu bekerja secara mandiri ataupun dalam tim, serta menunjukkan sikap profesional dan etis dalam menjalankan tugas dan tanggung jawab untuk menyelesaikan proyek-proyek terkait teknologi informasi cerdas dalam pengembangan layanan publik dan ekonomi digital | D2: CPMK011 | E2: Mampu bekerja secara mandiri ataupun dalam tim dalam menjalankan tugas dan tanggung jawab untuk menyelesaikan proyek-proyek terkait teknologi informasi cerdas dalam pengembangan layanan publik dan ekonomi digital | M2: P.24.01.85.3.13 | U2: P.24.01.85.4.20 | V2: P.24.01.85.4.21
D3: CPMK012 | E3: Profesional dan Etis dalam menjalankan tugas dan tanggung jawab dalam menjalankan tugas dan tanggung jawab untuk menyelesaikan proyek-proyek terkait teknologi informasi cerdas dalam pengembangan layanan publik dan ekonomi digital | M3: =VLOOKUP(M2,'CPL-MK'!$A$2:$B$24,2) -> TESIS | U3: =VLOOKUP(U2,'CPL-MK'!$A$2:$B$24,2) -> PUBLIKASI | V3: =VLOOKUP(V2,'CPL-MK'!$A$2:$B$24,2) -> STRATEGI TEKNOPRENEURSHIP DAN INOVASI DIGITAL
A4: 2 | B4: CPL02 | C4: Mampu mengembangkan kemampuan berkomunikasi lisan secara efektif, berpikir kritis, kreatif, dan profesional serta dapat menghasilkan karya ilmiah yang orisinal dalam menyelesaikan permasalahan terkait teknologi informasi cerdas melalui pemanfaatan penelitian teknologi informasi dengan berbagai pihak terkait. | D4: CPMK021 | E4: Mampu mengembangkan kemampuan berkomunikasi lisan secara efektif, berpikir kritis, kreatif dan profesional dalam menyelesaikan permasalahan terkait teknologi informasi cerdas melalui pemanfaatan penelitian teknologi informasi dengan berbagai pihak terkait | M4: P.24.01.85.3.13 | U4: P.24.01.85.4.20 | V4: P.24.01.85.4.21
D5: CPMK022 | E5: Mampu menghasilkan karya ilmiah yang orisinal dalam menyelesaikan permasalahan terkait teknologi informasi cerdas melalui pemanfaatan penelitian teknologi informasi dengan berbagai pihak terkait | F5: =VLOOKUP(F4,'CPL-MK'!$A$2:$B$24,2) -> #N/A | M5: =VLOOKUP(M4,'CPL-MK'!$A$2:$B$24,2) -> TESIS | U5: =VLOOKUP(U4,'CPL-MK'!$A$2:$B$24,2) -> PUBLIKASI | V5: =VLOOKUP(V4,'CPL-MK'!$A$2:$B$24,2) -> STRATEGI TEKNOPRENEURSHIP DAN INOVASI DIGITAL
A6: 3 | B6: CPL03 | C6: Memiliki kemampuan menganalisis, mengevaluasi, dan membuat keputusan berdasarkan pengetahuan di bidang teknologi informasi cerdas dalam konteks dukungan terhadap pengembangan layanan publik dan ekonomi digital | D6: CPMK031 | E6: Memiliki kemampuan menganalisis berdasarkan pengetahuan di bidang teknologi informasi cerdas dalam konteks dukungan terhadap pengembangan layanan publik dan ekonomi digital | F6: P.24.01.85.1.05 | J6: P.24.01.85.2.07 | M6: P.24.01.85.3.15 | N6: P.24.01.85.3.16 | O6: P.24.01.85.3.19
D7: CPMK032 | E7: Memiliki kemampuan mengevaluasi berdasarkan pengetahuan di bidang teknologi informasi cerdas dalam konteks dukungan terhadap pengembangan layanan publik dan ekonomi digital | F7: =VLOOKUP(F6,'CPL-MK'!$A$2:$B$24,2) -> MANAJEMEN STRATEGIS SISTEM INFORMASI | J7: =VLOOKUP(J6,'CPL-MK'!$A$2:$B$24,2) -> METODOLOGI PENELITIAN DAN PENULISAN ILMIAH | K7: =VLOOKUP(K6,'CPL-MK'!$A$2:$B$24,2) -> #N/A | M7: =VLOOKUP(M6,'CPL-MK'!$A$2:$B$24,2) -> KECERDASAN BISNIS | N7: =VLOOKUP(N6,'CPL-MK'!$A$2:$B$24,2) -> TATA KELOLA DAN AUDIT BISNIS DIGITAL | O7: =VLOOKUP(O6,'CPL-MK'!$A$2:$B$24,2) -> KOTA CERDAS
D8: CPMK033 | E8: Memiliki kemampuan membuat keputusan berdasarkan pengetahuan di bidang teknologi informasi cerdas dalam konteks dukungan terhadap pengembangan layanan publik dan ekonomi digital
A9: 4 | B9: CPL04 | C9: Mampu mengevaluasi, membuat kesimpulan, dan membuat keputusan berdasarkan pengetahuan teknologi informasi khususnya teknologi informasi cerdas terbaru berkaitan dengan manajemen pengembangan layanan publik dan ekonomi digital | D9: CPMK041 | E9: Mampu mengevaluasi berdasarkan pengetahuan teknologi informasi khususnya teknologi informasi cerdas terbaru berkaitan dengan manajemen pengembangan layanan publik dan ekonomi digital | F9: P.24.01.85.1.05
D10: CPMK042 | E10: Mampu membuat kesimpulan berdasarkan pengetahuan teknologi informasi khususnya teknologi informasi cerdas terbaru berkaitan dengan manajemen pengembangan layanan publik dan ekonomi digital | F10: =VLOOKUP(F9,'CPL-MK'!$A$2:$B$24,2) -> MANAJEMEN STRATEGIS SISTEM INFORMASI | J10: =VLOOKUP(J9,'CPL-MK'!$A$2:$B$24,2) -> #N/A | M10: =VLOOKUP(M9,'CPL-MK'!$A$2:$B$24,2) -> #N/A | N10: =VLOOKUP(N9,'CPL-MK'!$A$2:$B$24,2) -> #N/A | O10: =VLOOKUP(O9,'CPL-MK'!$A$2:$B$24,2) -> #N/A
D11: CPMK043 | E11: Mampu membuat keputusan berdasarkan pengetahuan teknologi informasi khususnya teknologi informasi cerdas terbaru berkaitan dengan manajemen pengembangan layanan publik dan ekonomi digital
A12: 5 | B12: CPL05 | C12: Memiliki kemampuan menganalisa, mengevaluasi, dan membuat keputusan berbasis kinerja solusi komputasi cerdas untuk mendukung layanan publik dan ekonomi digital | D12: CPMK051 | E12: Memiliki kemampuan menganalisa berbasis kinerja solusi komputasi cerdas untuk mendukung layanan publik dan ekonomi digital | F12: P.24.01.85.1.02 | G12: P.24.01.85.1.03 | H12: P.24.01.85.1.04 | J12: P.24.01.85.2.11 | M12: P.24.01.85.3.14 | N12: P.24.01.85.3.18
D13: CPMK052 | E13: Memiliki kemampuan mengevaluasi berbasis kinerja solusi komputasi cerdas untuk mendukung layanan publik dan ekonomi digital | F13: =VLOOKUP(F12,'CPL-MK'!$A$2:$B$24,2) -> PERMODELAN STATISTIK UNTUK BISNIS | G13: =VLOOKUP(G12,'CPL-MK'!$A$2:$B$24,2) -> MESIN PEMBELAJARAN UNTUK BISNIS | H13: =VLOOKUP(H12,'CPL-MK'!$A$2:$B$24,2) -> ANALISIS DATA BESAR | J13: =VLOOKUP(J12,'CPL-MK'!$A$2:$B$24,2) -> SISTEM PENDUKUNG KEPUTUSAN CERDAS | M13: =VLOOKUP(M12,'CPL-MK'!$A$2:$B$24,2) -> TEKNOLOGI KEUANGAN ( FINTECH ) DAN RESIKO | N13: =VLOOKUP(N12,'CPL-MK'!$A$2:$B$24,2) -> MANAJEMEN PROYEK TEKNOLOGI INFORMASI | O13: =VLOOKUP(O12,'CPL-MK'!$A$2:$B$24,2) -> #N/A
D14: CPMK053 | E14: Memiliki kemampuan membuat keputusan berbasis kinerja solusi komputasi cerdas untuk mendukung layanan publik dan ekonomi digital
A15: 6 | B15: CPL06 | C15: Memiliki pemahaman yang mendalam, menganalisis, dan mengevaluasi tentang solusi komputasi cerdas dengan sistem dan infrastruktur yang ada termasuk pertimbangan keamanan sistem informasi untuk mendukung layanan publik dan ekonomi digital | D15: CPMK061 | E15: Memiliki pemahaman yang mendalam tentang solusi komputasi cerdas dengan sistem dan infrastruktur yang ada termasuk pertimbangan keamanan sistem informasi untuk mendukung layanan publik dan ekonomi digital | J15: P.24.01.85.2.08 | K15: P.24.01.85.2.10 | M15: P.24.01.85.3.16 | O15: P.24.01.85.3.18
D16: CPMK062 | E16: Memiliki kemampuan menganalisis yang mendalam tentang solusi komputasi cerdas dengan sistem dan infrastruktur yang ada termasuk pertimbangan keamanan sistem informasi untuk mendukung layanan publik dan ekonomi digital | J16: =VLOOKUP(J15,'CPL-MK'!$A$2:$B$24,2) -> REKAYASA KEBUTUHAN SISTEM | K16: =VLOOKUP(K15,'CPL-MK'!$A$2:$B$24,2) -> KEAMANAN SIBER | M16: =VLOOKUP(M15,'CPL-MK'!$A$2:$B$24,2) -> TATA KELOLA DAN AUDIT BISNIS DIGITAL | N16: =VLOOKUP(N15,'CPL-MK'!$A$2:$B$24,2) -> #N/A | O16: =VLOOKUP(O15,'CPL-MK'!$A$2:$B$24,2) -> MANAJEMEN PROYEK TEKNOLOGI INFORMASI
D17: CPMK063 | E17: Memiliki kemampuan mengevaluasi yang mendalam tentang solusi komputasi cerdas dengan sistem dan infrastruktur yang ada termasuk pertimbangan keamanan sistem informasi untuk mendukung layanan publik dan ekonomi digital
A18: 7 | B18: CPL07 | C18: Mampu menganalisis, mengembangkan, dan mengevaluasi kebutuhan sistem antarmuka pengguna yang efektif dan memahami kebutuhan serta preferensi pengguna dalam pengembangan teknologi informasi berbasis komputasi cerdas untuk mendukung layanan publik dan ekonomi digital. | D18: CPMK071 | E18: Mampu menganalisis kebutuhan pengguna dalam konteks sistem interaksi manusia dan komputer. dengan memanfaatkan berbagai metode secara tepat | J18: P.24.01.85.2.09 | M18: P.24.01.85.3.12
D19: CPMK072 | E19: Mampu mengembangkan berbagai pendekatan dalam rangka pengumpulan data penelitian | J19: =VLOOKUP(J18,'CPL-MK'!$A$2:$B$24,2) -> INTERAKSI MANUSIA DAN KOMPUTER | M19: =VLOOKUP(M18,'CPL-MK'!$A$2:$B$24,2) -> ARSITEKTUR ENTERPRISE UNTUK TEKNOLOGI INFORMASI
D20: CPMK073 | E20: Mampu mengevaluasi antarmuka pengguna dengan tepat dan benar
A21: 8 | B21: CPL08 | C21: Mampu mengevaluasi, mengembangkan dan mengimplementasikan solusi komputasi cerdas dengan menggunakan teknologi terkini dalam mendukung pengembangan kota cerdas dan sistem pemerintahan berbasis elektronik | D21: CPMK081 | E21: Mampu mengevaluasi solusi komputasi cerdas dengan menggunakan teknologi terkini dalam mendukung pengembangan kota cerdas dan sistem pemerintahan berbasis elektronik | I21: P.24.01.85.1.06 | J21: P.24.01.85.2.08 | M21: P.24.01.85.3.17
D22: CPMK082 | E22: Mampu mengembangkan solusi komputasi cerdas dengan menggunakan teknologi terkini dalam mendukung pengembangan kota cerdas dan sistem pemerintahan berbasis elektronik | F22: =VLOOKUP(F21,'CPL-MK'!$A$2:$B$24,2) -> #N/A | G22: =VLOOKUP(G21,'CPL-MK'!$A$2:$B$24,2) -> #N/A | H22: =VLOOKUP(H21,'CPL-MK'!$A$2:$B$24,2) -> #N/A | I22: =VLOOKUP(I21,'CPL-MK'!$A$2:$B$24,2) -> REKAYASA PERANGKAT LUNAK LANJUT | J22: =VLOOKUP(J21,'CPL-MK'!$A$2:$B$24,2) -> REKAYASA KEBUTUHAN SISTEM | M22: =VLOOKUP(M21,'CPL-MK'!$A$2:$B$24,2) -> SISTEM PEMERINTAHAN BERBASIS ELEKTRONIK | N22: =VLOOKUP(N21,'CPL-MK'!$A$2:$B$24,2) -> #N/A
D23: CPMK083 | E23: Mampu mengimplementasikan solusi komputasi cerdas dengan menggunakan teknologi terkini dalam mendukung pengembangan kota cerdas dan sistem pemerintahan berbasis elektronik
A24: 9 | B24: CPL09 | C24: Mampu mengidentifikasi, menganalisis, meneliti literatur, mengevaluasi, dan memformulasi solusi-solusi algoritmik untuk masalah computing yang kompleks | D24: CPMK091 | E24: Mampu mengidentifikasi solusi_x0002_solusi algoritmik untuk masalah computing yang kompleks. | M24: P.24.01.85.3.13 | N24: P.24.01.85.3.14 | O24: P.24.01.85.3.16 | P24: P.24.01.85.3.17 | Q24: P.24.01.85.3.18 | R24: P.24.01.85.3.19 | U24: P.24.01.85.4.20
D25: CPMK092 | E25: Mampu meneliti literatur dalam menganalisis solusi-solusi algoritmik untuk masalah yang kompleks. | F25: =VLOOKUP(F24,'CPL-MK'!$A$2:$B$24,2) -> #N/A | G25: =VLOOKUP(G24,'CPL-MK'!$A$2:$B$24,2) -> #N/A | H25: =VLOOKUP(H24,'CPL-MK'!$A$2:$B$24,2) -> #N/A | J25: =VLOOKUP(J24,'CPL-MK'!$A$2:$B$24,2) -> #N/A | K25: =VLOOKUP(K24,'CPL-MK'!$A$2:$B$24,2) -> #N/A | M25: =VLOOKUP(M24,'CPL-MK'!$A$2:$B$24,2) -> TESIS | N25: =VLOOKUP(N24,'CPL-MK'!$A$2:$B$24,2) -> TEKNOLOGI KEUANGAN ( FINTECH ) DAN RESIKO | O25: =VLOOKUP(O24,'CPL-MK'!$A$2:$B$24,2) -> TATA KELOLA DAN AUDIT BISNIS DIGITAL | P25: =VLOOKUP(P24,'CPL-MK'!$A$2:$B$24,2) -> SISTEM PEMERINTAHAN BERBASIS ELEKTRONIK | Q25: =VLOOKUP(Q24,'CPL-MK'!$A$2:$B$24,2) -> MANAJEMEN PROYEK TEKNOLOGI INFORMASI | R25: =VLOOKUP(R24,'CPL-MK'!$A$2:$B$24,2) -> KOTA CERDAS | U25: =VLOOKUP(U24,'CPL-MK'!$A$2:$B$24,2) -> PUBLIKASI | V25: =VLOOKUP(V24,'CPL-MK'!$A$2:$B$24,2) -> #N/A
D26: CPMK093 | E26: Mampu mengevaluasi dan memformulasi solusi-solusi algoritmik untuk masalah yang kompleks.
A27: 10 | B27: CPL10 | C27: Mampu menerapkan prinsip-prinsip matematika, computing, dan disiplin ilmu yang relevan untuk merumuskan solusi bagi persoalan computing yang kompleks | D27: CPMK101 | E27: Mampu menerapkan prinsip_x0002_prinsip matematika, computing, dan disiplin ilmu yang relevan untuk mendukung analisis data. | F27: P.24.01.85.1.02 | G27: P.24.01.85.1.03 | H27: P.24.01.85.1.04 | J27: P.24.01.85.2.10 | K27: P.24.01.85.2.11 | N27: P.24.01.85.3.17
D28: CPMK102 | E28: Mampu merumuskan solusi bagi bidang computing yang kompleks | F28: =VLOOKUP(F27,'CPL-MK'!$A$2:$B$24,2) -> PERMODELAN STATISTIK UNTUK BISNIS | G28: =VLOOKUP(G27,'CPL-MK'!$A$2:$B$24,2) -> MESIN PEMBELAJARAN UNTUK BISNIS | H28: =VLOOKUP(H27,'CPL-MK'!$A$2:$B$24,2) -> ANALISIS DATA BESAR | J28: =VLOOKUP(J27,'CPL-MK'!$A$2:$B$24,2) -> KEAMANAN SIBER | K28: =VLOOKUP(K27,'CPL-MK'!$A$2:$B$24,2) -> SISTEM PENDUKUNG KEPUTUSAN CERDAS | M28: =VLOOKUP(M27,'CPL-MK'!$A$2:$B$24,2) -> #N/A | N28: =VLOOKUP(N27,'CPL-MK'!$A$2:$B$24,2) -> SISTEM PEMERINTAHAN BERBASIS ELEKTRONIK | O28: =VLOOKUP(O27,'CPL-MK'!$A$2:$B$24,2) -> #N/A | P28: =VLOOKUP(P27,'CPL-MK'!$A$2:$B$24,2) -> #N/A
A29: 11 | B29: CPL11 | C29: Mampu memodelkan sistem yang kompleks dan membangun solusi berbasis computing yang efektif dan efisien | D29: CPMK111 | E29: Mampu merancang sistem yang kompleks dalam bidang computing. | H29: P.24.01.85.1.05 | I29: P.24.01.85.1.06 | J29: P.24.01.85.2.07 | K29: P.24.01.85.2.08 | L29: P.24.01.85.2.09 | N29: P.24.01.85.3.12 | O29: P.24.01.85.3.13 | P29: P.24.01.85.3.15 | R29: P.24.01.85.3.17
D30: CPMK112 | E30: Mampu membangun solusi berbasis computing yang efektif dan efisien | F30: =VLOOKUP(F29,'CPL-MK'!$A$2:$B$24,2) -> #N/A | G30: =VLOOKUP(G29,'CPL-MK'!$A$2:$B$24,2) -> #N/A | H30: =VLOOKUP(H29,'CPL-MK'!$A$2:$B$24,2) -> MANAJEMEN STRATEGIS SISTEM INFORMASI | I30: =VLOOKUP(I29,'CPL-MK'!$A$2:$B$24,2) -> REKAYASA PERANGKAT LUNAK LANJUT | J30: =VLOOKUP(J29,'CPL-MK'!$A$2:$B$24,2) -> METODOLOGI PENELITIAN DAN PENULISAN ILMIAH | K30: =VLOOKUP(K29,'CPL-MK'!$A$2:$B$24,2) -> REKAYASA KEBUTUHAN SISTEM | L30: =VLOOKUP(L29,'CPL-MK'!$A$2:$B$24,2) -> INTERAKSI MANUSIA DAN KOMPUTER | N30: =VLOOKUP(N29,'CPL-MK'!$A$2:$B$24,2) -> ARSITEKTUR ENTERPRISE UNTUK TEKNOLOGI INFORMASI | O30: =VLOOKUP(O29,'CPL-MK'!$A$2:$B$24,2) -> TESIS | P30: =VLOOKUP(P29,'CPL-MK'!$A$2:$B$24,2) -> KECERDASAN BISNIS | Q30: =VLOOKUP(Q29,'CPL-MK'!$A$2:$B$24,2) -> #N/A | R30: =VLOOKUP(R29,'CPL-MK'!$A$2:$B$24,2) -> SISTEM PEMERINTAHAN BERBASIS ELEKTRONIK | S30: =VLOOKUP(S29,'CPL-MK'!$A$2:$B$24,2) -> #N/A | T30: =VLOOKUP(T29,'CPL-MK'!$A$2:$B$24,2) -> #N/A | U30: =VLOOKUP(U29,'CPL-MK'!$A$2:$B$24,2) -> #N/A

Sheet MK-CPL-CPMK
B2: KODE MK | C2: NAMA MK | D2: CPL01 | E2: CPL02 | F2: CPL03 | G2: CPL04 | H2: CPL05 | I2: CPL06 | J2: CPL07 | K2: CPL08 | L2: CPL09 | M2: CPL10 | N2: CPL11
B3: P.24.01.85.1.02 | C3: PERMODELAN STATISTIK UNTUK BISNIS | H3: CPMK051, CPMK052, CPMK053 | M3: CPMK101, CPMK102 | O3: =11-COUNTIF(D3:N3,"") -> 2
B4: P.24.01.85.1.03 | C4: MESIN PEMBELAJARAN UNTUK BISNIS | H4: CPMK051, CPMK052, CPMK053 | M4: CPMK101, CPMK102 | O4: =11-COUNTIF(D4:N4,"") -> 2
B5: P.24.01.85.1.04 | C5: ANALISIS DATA BESAR | H5: CPMK051, CPMK052, CPMK053 | M5: CPMK101, CPMK102 | O5: =11-COUNTIF(D5:N5,"") -> 2
B6: P.24.01.85.1.05 | C6: MANAJEMEN STRATEGIS SISTEM INFORMASI | F6: CPMK031, CPMK032, CPMK033 | G6: CPMK041, CPMK042, CPMK043 | N6: CPMK111, CPMK112 | O6: =11-COUNTIF(D6:N6,"") -> 3
B7: P.24.01.85.1.06 | C7: REKAYASA PERANGKAT LUNAK LANJUT | K7: CPMK081, CPMK082, CPMK083 | N7: CPMK111, CPMK112 | O7: =11-COUNTIF(D7:N7,"") -> 2
B8: P.24.01.85.2.07 | C8: METODOLOGI PENELITIAN DAN PENULISAN ILMIAH | F8: CPMK031, CPMK032, CPMK033 | N8: CPMK111, CPMK112 | O8: =11-COUNTIF(D8:N8,"") -> 2
B9: P.24.01.85.2.08 | C9: REKAYASA KEBUTUHAN SISTEM | I9: CPMK061, CPMK062, CPMK063 | K9: CPMK081, CPMK082, CPMK083 | N9: CPMK111, CPMK112 | O9: =11-COUNTIF(D9:N9,"") -> 3
B10: P.24.01.85.2.09 | C10: INTERAKSI MANUSIA DAN KOMPUTER | J10: CPMK071, CPMK072, CPMK073 | O10: =11-COUNTIF(D10:N10,"") -> 1
B11: P.24.01.85.2.10 | C11: KEAMANAN SIBER | I11: CPMK061, CPMK062, CPMK063 | M11: CPMK101, CPMK102 | O11: =11-COUNTIF(D11:N11,"") -> 2
B12: P.24.01.85.2.11 | C12: SISTEM PENDUKUNG KEPUTUSAN CERDAS | H12: CPMK051, CPMK052, CPMK053 | M12: CPMK101, CPMK102 | O12: =11-COUNTIF(D12:N12,"") -> 2
B13: P.24.01.85.3.12 | C13: ARSITEKTUR ENTERPRISE UNTUK TEKNOLOGI INFORMASI | J13: CPMK071, CPMK072, CPMK073 | N13: CPMK111, CPMK112 | O13: =11-COUNTIF(D13:N13,"") -> 2
B14: P.24.01.85.3.13 | C14: TESIS | D14: CPMK011, CPMK012 | E14: CPMK021, CPMK022 | L14: CPMK091, CPMK092, CPMK093 | N14: CPMK111, CPMK112 | O14: =11-COUNTIF(D14:N14,"") -> 4
C15: Pilihan 1 - Teknologi Keuangan ( FinTech )
B16: P.24.01.85.3.14 | C16: TEKNOLOGI KEUANGAN ( FINTECH ) DAN RESIKO | H16: CPMK051, CPMK052, CPMK053 | L16: CPMK091, CPMK092, CPMK093 | O16: =11-COUNTIF(D16:N16,"") -> 2
B17: P.24.01.85.3.15 | C17: KECERDASAN BISNIS | F17: CPMK031, CPMK032, CPMK033 | N17: CPMK111, CPMK112 | O17: =11-COUNTIF(D17:N17,"") -> 2
B18: P.24.01.85.3.16 | C18: TATA KELOLA DAN AUDIT BISNIS DIGITAL | F18: CPMK031, CPMK032, CPMK033 | I18: CPMK061, CPMK062, CPMK063 | L18: CPMK091, CPMK092, CPMK093 | O18: =11-COUNTIF(D18:N18,"") -> 3
C19: Pilihan 2 - Layanan Publik
B20: P.24.01.85.3.17 | C20: SISTEM PEMERINTAHAN BERBASIS ELEKTRONIK | K20: CPMK081, CPMK082, CPMK083 | L20: CPMK091, CPMK092, CPMK093 | M20: CPMK101, CPMK102 | N20: CPMK111, CPMK112 | O20: =11-COUNTIF(D20:N20,"") -> 4
B21: P.24.01.85.3.18 | C21: MANAJEMEN PROYEK TEKNOLOGI INFORMASI | H21: CPMK051, CPMK052, CPMK053 | I21: CPMK061, CPMK062, CPMK063 | L21: CPMK091, CPMK092, CPMK093 | O21: =11-COUNTIF(D21:N21,"") -> 3
B22: P.24.01.85.3.19 | C22: KOTA CERDAS | F22: CPMK031, CPMK032, CPMK033 | L22: CPMK091, CPMK092, CPMK093 | O22: =11-COUNTIF(D22:N22,"") -> 2
B23: P.24.01.85.4.20 | C23: PUBLIKASI | D23: CPMK011, CPMK012 | E23: CPMK021, CPMK022 | L23: CPMK091, CPMK092, CPMK093 | O23: =11-COUNTIF(D23:N23,"") -> 3
B24: P.24.01.85.4.21 | C24: STRATEGI TEKNOPRENEURSHIP DAN INOVASI DIGITAL | D24: CPMK011, CPMK012 | E24: CPMK021 | O24: =11-COUNTIF(D24:N24,"") -> 2

Sheet MK - CPMK - SUB CPMK
A2: KODE MK | B2: MATA KULIAH | C2: CPL | D2: DESKRIPSI CPL | E2: CPMK | F2: DESKRIPSI CPMK | G2: SUB CPMK | H2: DESKRIPSI SUB CPMK | I2: TAHAP PENILAIAN | J2: TENIK PENILAIAN | R2: Unjuk Kerja (Presensi) | S2: Kuis / Tugas 1 | T2: Kuis / Tugas 2 | U2: Kuis / Tugas 3 | V2: Kuis / Tugas 4 | W2: UTS | X2: UAS | Y2: Bobot | Z2: Total
A3: P.24.01.85.1.02 | B3: PERMODELAN STATISTIK UNTUK BISNIS | C3: CPL05 | D3: =VLOOKUP(C3,'CPL-MK'!$E$2:$F$12,2) -> Memiliki kemampuan menganalisa, mengevaluasi, dan membuat keputusan berbasis kinerja solusi komputasi cerdas untuk mendukung layanan publik dan ekonomi digital | E3: CPMK051 | F3: =VLOOKUP(E3,'CPL-CPMK-MK'!$D$1:$E$30,2) -> Memiliki kemampuan menganalisa berbasis kinerja solusi komputasi cerdas untuk mendukung layanan publik dan ekonomi digital | G3: =CONCATENATE("SUBCPMK-",E3,"1") -> SUBCPMK-CPMK0511 | H3: =CONCATENATE(F3, " dalam ",LOWER($B$3)) -> Memiliki kemampuan menganalisa berbasis kinerja solusi komputasi cerdas untuk mendukung layanan publik dan ekonomi digital dalam permodelan statistik untuk bisnis | I3: Perkuliahan/ Pertemuan, UTS, UAS | J3: =IF(R3<>"",$R$2,"") -> Unjuk Kerja (Presensi) | K3: =IF(S3<>"",$S$2,"") -> Kuis / Tugas 1 | L3: =IF(T3<>"",$T$2,"") | M3: =IF(U3<>"",$U$2,"") | N3: =IF(V3<>"",$V$2,"") | O3: =IF(W3<>"",$W$2,"") -> UTS | P3: =IF(X3<>"",$X$2,"") -> UAS | Q3: =CONCATENATE(J3,", ",K3,", ",L3,", ",M3,", ",N3,", ",O3,", ",P3) -> Unjuk Kerja (Presensi), Kuis / Tugas 1, , , , UTS, UAS | R3: 5 | S3: 5 | W3: 5 | X3: 5 | Y3: =SUM(R3:X3) -> 20
D4: =VLOOKUP(C4,'CPL-MK'!$E$2:$F$12,2) -> #N/A | E4: CPMK052 | F4: =VLOOKUP(E4,'CPL-CPMK-MK'!$D$1:$E$30,2) -> Memiliki kemampuan mengevaluasi berbasis kinerja solusi komputasi cerdas untuk mendukung layanan publik dan ekonomi digital | G4: =CONCATENATE("SUBCPMK-",E4,"1") -> SUBCPMK-CPMK0521 | H4: =CONCATENATE(F4, " dalam ",LOWER($B$3)) -> Memiliki kemampuan mengevaluasi berbasis kinerja solusi komputasi cerdas untuk mendukung layanan publik dan ekonomi digital dalam permodelan statistik untuk bisnis | I4: Perkuliahan/ Pertemuan, UTS, UAS | J4: =IF(R4<>"",$R$2,"") -> Unjuk Kerja (Presensi) | K4: =IF(S4<>"",$S$2,"") -> Kuis / Tugas 1 | L4: =IF(T4<>"",$T$2,"") -> Kuis / Tugas 2 | M4: =IF(U4<>"",$U$2,"") | N4: =IF(V4<>"",$V$2,"") | O4: =IF(W4<>"",$W$2,"") -> UTS | P4: =IF(X4<>"",$X$2,"") -> UAS | Q4: =CONCATENATE(J4,", ",K4,", ",L4,", ",M4,", ",N4,", ",O4,", ",P4) -> Unjuk Kerja (Presensi), Kuis / Tugas 1, Kuis / Tugas 2, , , UTS, UAS | R4: 4 | S4: 4 | T4: 4 | W4: 4 | X4: 4 | Y4: =SUM(R4:X4) -> 20
D5: =VLOOKUP(C5,'CPL-MK'!$E$2:$F$12,2) -> #N/A | E5: CPMK053 | F5: =VLOOKUP(E5,'CPL-CPMK-MK'!$D$1:$E$30,2) -> Memiliki kemampuan membuat keputusan berbasis kinerja solusi komputasi cerdas untuk mendukung layanan publik dan ekonomi digital | G5: =CONCATENATE("SUBCPMK-",E5,"1") -> SUBCPMK-CPMK0531 | H5: =CONCATENATE(F5, " dalam ",LOWER($B$3)) -> Memiliki kemampuan membuat keputusan berbasis kinerja solusi komputasi cerdas untuk mendukung layanan publik dan ekonomi digital dalam permodelan statistik untuk bisnis | I5: Perkuliahan/ Pertemuan, UTS, UAS | J5: =IF(R5<>"",$R$2,"") -> Unjuk Kerja (Presensi) | K5: =IF(S5<>"",$S$2,"") | L5: =IF(T5<>"",$T$2,"") -> Kuis / Tugas 2 | M5: =IF(U5<>"",$U$2,"") -> Kuis / Tugas 3 | N5: =IF(V5<>"",$V$2,"") | O5: =IF(W5<>"",$W$2,"") -> UTS | P5: =IF(X5<>"",$X$2,"") -> UAS | Q5: =CONCATENATE(J5,", ",K5,", ",L5,", ",M5,", ",N5,", ",O5,", ",P5) -> Unjuk Kerja (Presensi), , Kuis / Tugas 2, Kuis / Tugas 3, , UTS, UAS | R5: 4 | T5: 4 | U5: 4 | W5: 4 | X5: 4 | Y5: =SUM(R5:X5) -> 20
C6: CPL10 | D6: =VLOOKUP(C6,'CPL-MK'!$E$2:$F$12,2) -> Mampu menerapkan prinsip-prinsip matematika, computing, dan disiplin ilmu yang relevan untuk merumuskan solusi bagi persoalan computing yang kompleks | E6: CPMK101 | F6: =VLOOKUP(E6,'CPL-CPMK-MK'!$D$1:$E$30,2) -> Mampu menerapkan prinsip_x0002_prinsip matematika, computing, dan disiplin ilmu yang relevan untuk mendukung analisis data. | G6: =CONCATENATE("SUBCPMK-",E6,"1") -> SUBCPMK-CPMK1011 | H6: =CONCATENATE(F6, " dalam ",LOWER($B$3)) -> Mampu menerapkan prinsip_x0002_prinsip matematika, computing, dan disiplin ilmu yang relevan untuk mendukung analisis data. dalam permodelan statistik untuk bisnis | I6: Perkuliahan/ Pertemuan, UTS, UAS | J6: =IF(R6<>"",$R$2,"") -> Unjuk Kerja (Presensi) | K6: =IF(S6<>"",$S$2,"") | L6: =IF(T6<>"",$T$2,"") | M6: =IF(U6<>"",$U$2,"") -> Kuis / Tugas 3 | N6: =IF(V6<>"",$V$2,"") -> Kuis / Tugas 4 | O6: =IF(W6<>"",$W$2,"") -> UTS | P6: =IF(X6<>"",$X$2,"") -> UAS | Q6: =CONCATENATE(J6,", ",K6,", ",L6,", ",M6,", ",N6,", ",O6,", ",P6) -> Unjuk Kerja (Presensi), , , Kuis / Tugas 3, Kuis / Tugas 4, UTS, UAS | R6: 4 | U6: 4 | V6: 4 | W6: 4 | X6: 4 | Y6: =SUM(R6:X6) -> 20
D7: =VLOOKUP(C7,'CPL-MK'!$E$2:$F$12,2) -> #N/A | E7: CPMK102 | F7: =VLOOKUP(E7,'CPL-CPMK-MK'!$D$1:$E$30,2) -> Mampu merumuskan solusi bagi bidang computing yang kompleks | G7: =CONCATENATE("SUBCPMK-",E7,"1") -> SUBCPMK-CPMK1021 | H7: =CONCATENATE(F7, " dalam ",LOWER($B$3)) -> Mampu merumuskan solusi bagi bidang computing yang kompleks dalam permodelan statistik untuk bisnis | I7: Perkuliahan/ Pertemuan, UTS, UAS | J7: =IF(R7<>"",$R$2,"") -> Unjuk Kerja (Presensi) | K7: =IF(S7<>"",$S$2,"") | L7: =IF(T7<>"",$T$2,"") | M7: =IF(U7<>"",$U$2,"") | N7: =IF(V7<>"",$V$2,"") -> Kuis / Tugas 4 | O7: =IF(W7<>"",$W$2,"") -> UTS | P7: =IF(X7<>"",$X$2,"") -> UAS | Q7: =CONCATENATE(J7,", ",K7,", ",L7,", ",M7,", ",N7,", ",O7,", ",P7) -> Unjuk Kerja (Presensi), , , , Kuis / Tugas 4, UTS, UAS | R7: 5 | V7: 5 | W7: 5 | X7: 5 | Y7: =SUM(R7:X7) -> 20 | Z7: =SUM(Y3:Y7) -> 100
A8: P.24.01.85.1.03 | B8: MESIN PEMBELAJARAN UNTUK BISNIS | C8: CPL05 | D8: =VLOOKUP(C8,'CPL-MK'!$E$2:$F$12,2) -> Memiliki kemampuan menganalisa, mengevaluasi, dan membuat keputusan berbasis kinerja solusi komputasi cerdas untuk mendukung layanan publik dan ekonomi digital | E8: CPMK051 | F8: =VLOOKUP(E8,'CPL-CPMK-MK'!$D$1:$E$30,2) -> Memiliki kemampuan menganalisa berbasis kinerja solusi komputasi cerdas untuk mendukung layanan publik dan ekonomi digital | G8: =CONCATENATE("SUBCPMK-",E8,"1") -> SUBCPMK-CPMK0511 | H8: =CONCATENATE(F8, " dalam ",LOWER($B$8)) -> Memiliki kemampuan menganalisa berbasis kinerja solusi komputasi cerdas untuk mendukung layanan publik dan ekonomi digital dalam mesin pembelajaran untuk bisnis | I8: Perkuliahan/ Pertemuan, UTS, UAS | J8: =IF(R8<>"",$R$2,"") -> Unjuk Kerja (Presensi) | K8: =IF(S8<>"",$S$2,"") -> Kuis / Tugas 1 | L8: =IF(T8<>"",$T$2,"") | M8: =IF(U8<>"",$U$2,"") | N8: =IF(V8<>"",$V$2,"") | O8: =IF(W8<>"",$W$2,"") -> UTS | P8: =IF(X8<>"",$X$2,"") -> UAS | Q8: =CONCATENATE(J8,", ",K8,", ",L8,", ",M8,", ",N8,", ",O8,", ",P8) -> Unjuk Kerja (Presensi), Kuis / Tugas 1, , , , UTS, UAS | R8: 2 | S8: 4 | W8: 5 | X8: 4 | Y8: =SUM(R8:X8) -> 15
D9: =VLOOKUP(C9,'CPL-MK'!$E$2:$F$12,2) -> #N/A | E9: CPMK052 | F9: =VLOOKUP(E9,'CPL-CPMK-MK'!$D$1:$E$30,2) -> Memiliki kemampuan mengevaluasi berbasis kinerja solusi komputasi cerdas untuk mendukung layanan publik dan ekonomi digital | G9: =CONCATENATE("SUBCPMK-",E9,"1") -> SUBCPMK-CPMK0521 | H9: =CONCATENATE(F9, " dalam ",LOWER($B$8)) -> Memiliki kemampuan mengevaluasi berbasis kinerja solusi komputasi cerdas untuk mendukung layanan publik dan ekonomi digital dalam mesin pembelajaran untuk bisnis | I9: Perkuliahan/ Pertemuan, UTS, UAS | J9: =IF(R9<>"",$R$2,"") -> Unjuk Kerja (Presensi) | K9: =IF(S9<>"",$S$2,"") -> Kuis / Tugas 1 | L9: =IF(T9<>"",$T$2,"") -> Kuis / Tugas 2 | M9: =IF(U9<>"",$U$2,"") | N9: =IF(V9<>"",$V$2,"") | O9: =IF(W9<>"",$W$2,"") -> UTS | P9: =IF(X9<>"",$X$2,"") -> UAS | Q9: =CONCATENATE(J9,", ",K9,", ",L9,", ",M9,", ",N9,", ",O9,", ",P9) -> Unjuk Kerja (Presensi), Kuis / Tugas 1, Kuis / Tugas 2, , , UTS, UAS | R9: 2 | S9: 4 | T9: 4 | W9: 5 | X9: 5 | Y9: =SUM(R9:X9) -> 20
D10: =VLOOKUP(C10,'CPL-MK'!$E$2:$F$12,2) -> #N/A | E10: CPMK053 | F10: =VLOOKUP(E10,'CPL-CPMK-MK'!$D$1:$E$30,2) -> Memiliki kemampuan membuat keputusan berbasis kinerja solusi komputasi cerdas untuk mendukung layanan publik dan ekonomi digital | G10: =CONCATENATE("SUBCPMK-",E10,"1") -> SUBCPMK-CPMK0531 | H10: =CONCATENATE(F10, " dalam ",LOWER($B$8)) -> Memiliki kemampuan membuat keputusan berbasis kinerja solusi komputasi cerdas untuk mendukung layanan publik dan ekonomi digital dalam mesin pembelajaran untuk bisnis | I10: Perkuliahan/ Pertemuan, UTS, UAS | J10: =IF(R10<>"",$R$2,"") -> Unjuk Kerja (Presensi) | K10: =IF(S10<>"",$S$2,"") | L10: =IF(T10<>"",$T$2,"") -> Kuis / Tugas 2 | M10: =IF(U10<>"",$U$2,"") -> Kuis / Tugas 3 | N10: =IF(V10<>"",$V$2,"") | O10: =IF(W10<>"",$W$2,"") -> UTS | P10: =IF(X10<>"",$X$2,"") -> UAS | Q10: =CONCATENATE(J10,", ",K10,", ",L10,", ",M10,", ",N10,", ",O10,", ",P10) -> Unjuk Kerja (Presensi), , Kuis / Tugas 2, Kuis / Tugas 3, , UTS, UAS | R10: 2 | T10: 4 | U10: 4 | W10: 5 | X10: 5 | Y10: =SUM(R10:X10) -> 20
C11: CPL10 | D11: =VLOOKUP(C11,'CPL-MK'!$E$2:$F$12,2) -> Mampu menerapkan prinsip-prinsip matematika, computing, dan disiplin ilmu yang relevan untuk merumuskan solusi bagi persoalan computing yang kompleks | E11: CPMK101 | F11: =VLOOKUP(E11,'CPL-CPMK-MK'!$D$1:$E$30,2) -> Mampu menerapkan prinsip_x0002_prinsip matematika, computing, dan disiplin ilmu yang relevan untuk mendukung analisis data. | G11: =CONCATENATE("SUBCPMK-",E11,"1") -> SUBCPMK-CPMK1011 | H11: =CONCATENATE(F11, " dalam ",LOWER($B$8)) -> Mampu menerapkan prinsip_x0002_prinsip matematika, computing, dan disiplin ilmu yang relevan untuk mendukung analisis data. dalam mesin pembelajaran untuk bisnis | I11: Perkuliahan/ Pertemuan, UTS, UAS | J11: =IF(R11<>"",$R$2,"") -> Unjuk Kerja (Presensi) | K11: =IF(S11<>"",$S$2,"") | L11: =IF(T11<>"",$T$2,"") | M11: =IF(U11<>"",$U$2,"") -> Kuis / Tugas 3 | N11: =IF(V11<>"",$V$2,"") -> Kuis / Tugas 4 | O11: =IF(W11<>"",$W$2,"") -> UTS | P11: =IF(X11<>"",$X$2,"") -> UAS | Q11: =CONCATENATE(J11,", ",K11,", ",L11,", ",M11,", ",N11,", ",O11,", ",P11) -> Unjuk Kerja (Presensi), , , Kuis / Tugas 3, Kuis / Tugas 4, UTS, UAS | R11: 3 | U11: 5 | V11: 5 | W11: 5 | X11: 5 | Y11: =SUM(R11:X11) -> 23
D12: =VLOOKUP(C12,'CPL-MK'!$E$2:$F$12,2) -> #N/A | E12: CPMK102 | F12: =VLOOKUP(E12,'CPL-CPMK-MK'!$D$1:$E$30,2) -> Mampu merumuskan solusi bagi bidang computing yang kompleks | G12: =CONCATENATE("SUBCPMK-",E12,"1") -> SUBCPMK-CPMK1021 | H12: =CONCATENATE(F12, " dalam ",LOWER($B$8)) -> Mampu merumuskan solusi bagi bidang computing yang kompleks dalam mesin pembelajaran untuk bisnis | I12: Perkuliahan/ Pertemuan, UTS, UAS | J12: =IF(R12<>"",$R$2,"") -> Unjuk Kerja (Presensi) | K12: =IF(S12<>"",$S$2,"") | L12: =IF(T12<>"",$T$2,"") | M12: =IF(U12<>"",$U$2,"") | N12: =IF(V12<>"",$V$2,"") -> Kuis / Tugas 4 | O12: =IF(W12<>"",$W$2,"") -> UTS | P12: =IF(X12<>"",$X$2,"") -> UAS | Q12: =CONCATENATE(J12,", ",K12,", ",L12,", ",M12,", ",N12,", ",O12,", ",P12) -> Unjuk Kerja (Presensi), , , , Kuis / Tugas 4, UTS, UAS | R12: 2 | V12: 5 | W12: 5 | X12: 10 | Y12: =SUM(R12:X12) -> 22 | Z12: =SUM(Y8:Y12) -> 100
A13: P.24.01.85.1.04 | B13: ANALISIS DATA BESAR | C13: CPL05 | D13: =VLOOKUP(C13,'CPL-MK'!$E$2:$F$12,2) -> Memiliki kemampuan menganalisa, mengevaluasi, dan membuat keputusan berbasis kinerja solusi komputasi cerdas untuk mendukung layanan publik dan ekonomi digital | E13: CPMK051 | F13: =VLOOKUP(E13,'CPL-CPMK-MK'!$D$1:$E$30,2) -> Memiliki kemampuan menganalisa berbasis kinerja solusi komputasi cerdas untuk mendukung layanan publik dan ekonomi digital | G13: =CONCATENATE("SUBCPMK-",E13,"1") -> SUBCPMK-CPMK0511 | H13: =CONCATENATE(F13, " dalam ",LOWER($B$13)) -> Memiliki kemampuan menganalisa berbasis kinerja solusi komputasi cerdas untuk mendukung layanan publik dan ekonomi digital dalam analisis data besar | I13: Perkuliahan/ Pertemuan, UTS, UAS | J13: =IF(R13<>"",$R$2,"") -> Unjuk Kerja (Presensi) | K13: =IF(S13<>"",$S$2,"") -> Kuis / Tugas 1 | L13: =IF(T13<>"",$T$2,"") -> Kuis / Tugas 2 | M13: =IF(U13<>"",$U$2,"") | N13: =IF(V13<>"",$V$2,"") | O13: =IF(W13<>"",$W$2,"") | P13: =IF(X13<>"",$X$2,"") -> UAS | Q13: =CONCATENATE(J13,", ",K13,", ",L13,", ",M13,", ",N13,", ",O13,", ",P13) -> Unjuk Kerja (Presensi), Kuis / Tugas 1, Kuis / Tugas 2, , , , UAS | R13: 3 | S13: 5 | T13: 7 | X13: 5 | Y13: =SUM(R13:X13) -> 20
D14: =VLOOKUP(C14,'CPL-MK'!$E$2:$F$12,2) -> #N/A | E14: CPMK052 | F14: =VLOOKUP(E14,'CPL-CPMK-MK'!$D$1:$E$30,2) -> Memiliki kemampuan mengevaluasi berbasis kinerja solusi komputasi cerdas untuk mendukung layanan publik dan ekonomi digital | G14: =CONCATENATE("SUBCPMK-",E14,"1") -> SUBCPMK-CPMK0521 | H14: =CONCATENATE(F14, " dalam ",LOWER($B$13)) -> Memiliki kemampuan mengevaluasi berbasis kinerja solusi komputasi cerdas untuk mendukung layanan publik dan ekonomi digital dalam analisis data besar | I14: Perkuliahan/ Pertemuan, UTS, UAS | J14: =IF(R14<>"",$R$2,"") -> Unjuk Kerja (Presensi) | K14: =IF(S14<>"",$S$2,"") | L14: =IF(T14<>"",$T$2,"") | M14: =IF(U14<>"",$U$2,"") -> Kuis / Tugas 3 | N14: =IF(V14<>"",$V$2,"") | O14: =IF(W14<>"",$W$2,"") -> UTS | P14: =IF(X14<>"",$X$2,"") -> UAS | Q14: =CONCATENATE(J14,", ",K14,", ",L14,", ",M14,", ",N14,", ",O14,", ",P14) -> Unjuk Kerja (Presensi), , , Kuis / Tugas 3, , UTS, UAS | R14: 2 | U14: 5 | W14: 5 | X14: 8 | Y14: =SUM(R14:X14) -> 20
D15: =VLOOKUP(C15,'CPL-MK'!$E$2:$F$12,2) -> #N/A | E15: CPMK053 | F15: =VLOOKUP(E15,'CPL-CPMK-MK'!$D$1:$E$30,2) -> Memiliki kemampuan membuat keputusan berbasis kinerja solusi komputasi cerdas untuk mendukung layanan publik dan ekonomi digital | G15: =CONCATENATE("SUBCPMK-",E15,"1") -> SUBCPMK-CPMK0531 | H15: =CONCATENATE(F15, " dalam ",LOWER($B$13)) -> Memiliki kemampuan membuat keputusan berbasis kinerja solusi komputasi cerdas untuk mendukung layanan publik dan ekonomi digital dalam analisis data besar | I15: Perkuliahan/ Pertemuan, UTS, UAS | J15: =IF(R15<>"",$R$2,"") -> Unjuk Kerja (Presensi) | K15: =IF(S15<>"",$S$2,"") | L15: =IF(T15<>"",$T$2,"") | M15: =IF(U15<>"",$U$2,"") -> Kuis / Tugas 3 | N15: =IF(V15<>"",$V$2,"") | O15: =IF(W15<>"",$W$2,"") | P15: =IF(X15<>"",$X$2,"") -> UAS | Q15: =CONCATENATE(J15,", ",K15,", ",L15,", ",M15,", ",N15,", ",O15,", ",P15) -> Unjuk Kerja (Presensi), , , Kuis / Tugas 3, , , UAS | R15: 2 | U15: 8 | X15: 10 | Y15: =SUM(R15:X15) -> 20
C16: CPL10 | D16: =VLOOKUP(C16,'CPL-MK'!$E$2:$F$12,2) -> Mampu menerapkan prinsip-prinsip matematika, computing, dan disiplin ilmu yang relevan untuk merumuskan solusi bagi persoalan computing yang kompleks | E16: CPMK101 | F16: =VLOOKUP(E16,'CPL-CPMK-MK'!$D$1:$E$30,2) -> Mampu menerapkan prinsip_x0002_prinsip matematika, computing, dan disiplin ilmu yang relevan untuk mendukung analisis data. | G16: =CONCATENATE("SUBCPMK-",E16,"1") -> SUBCPMK-CPMK1011 | H16: =CONCATENATE(F16, " dalam ",LOWER($B$13)) -> Mampu menerapkan prinsip_x0002_prinsip matematika, computing, dan disiplin ilmu yang relevan untuk mendukung analisis data. dalam analisis data besar | I16: Perkuliahan/ Pertemuan, UTS, UAS | J16: =IF(R16<>"",$R$2,"") -> Unjuk Kerja (Presensi) | K16: =IF(S16<>"",$S$2,"") -> Kuis / Tugas 1 | L16: =IF(T16<>"",$T$2,"") | M16: =IF(U16<>"",$U$2,"") -> Kuis / Tugas 3 | N16: =IF(V16<>"",$V$2,"") | O16: =IF(W16<>"",$W$2,"") | P16: =IF(X16<>"",$X$2,"") -> UAS | Q16: =CONCATENATE(J16,", ",K16,", ",L16,", ",M16,", ",N16,", ",O16,", ",P16) -> Unjuk Kerja (Presensi), Kuis / Tugas 1, , Kuis / Tugas 3, , , UAS | R16: 2 | S16: 6 | U16: 4 | X16: 8 | Y16: =SUM(R16:X16) -> 20
D17: =VLOOKUP(C17,'CPL-MK'!$E$2:$F$12,2) -> #N/A | E17: CPMK102 | F17: =VLOOKUP(E17,'CPL-CPMK-MK'!$D$1:$E$30,2) -> Mampu merumuskan solusi bagi bidang computing yang kompleks | G17: =CONCATENATE("SUBCPMK-",E17,"1") -> SUBCPMK-CPMK1021 | H17: =CONCATENATE(F17, " dalam ",LOWER($B$13)) -> Mampu merumuskan solusi bagi bidang computing yang kompleks dalam analisis data besar | I17: Perkuliahan/ Pertemuan, UTS, UAS | J17: =IF(R17<>"",$R$2,"") -> Unjuk Kerja (Presensi) | K17: =IF(S17<>"",$S$2,"") | L17: =IF(T17<>"",$T$2,"") -> Kuis / Tugas 2 | M17: =IF(U17<>"",$U$2,"") | N17: =IF(V17<>"",$V$2,"") -> Kuis / Tugas 4 | O17: =IF(W17<>"",$W$2,"") | P17: =IF(X17<>"",$X$2,"") -> UAS | Q17: =CONCATENATE(J17,", ",K17,", ",L17,", ",M17,", ",N17,", ",O17,", ",P17) -> Unjuk Kerja (Presensi), , Kuis / Tugas 2, , Kuis / Tugas 4, , UAS | R17: 2 | T17: 4 | V17: 6 | X17: 8 | Y17: =SUM(R17:X17) -> 20 | Z17: =SUM(Y13:Y17) -> 100
A18: P.24.01.85.1.05 | B18: MANAJEMEN STRATEGIS SISTEM INFORMASI | C18: CPL03 | D18: =VLOOKUP(C18,'CPL-MK'!$E$2:$F$12,2) -> Memiliki kemampuan menganalisis, mengevaluasi, dan membuat keputusan berdasarkan pengetahuan di bidang teknologi informasi cerdas dalam konteks dukungan terhadap pengembangan layanan publik dan ekonomi digital | E18: CPMK031 | F18: =VLOOKUP(E18,'CPL-CPMK-MK'!$D$1:$E$30,2) -> Memiliki kemampuan menganalisis berdasarkan pengetahuan di bidang teknologi informasi cerdas dalam konteks dukungan terhadap pengembangan layanan publik dan ekonomi digital | G18: =CONCATENATE("SUBCPMK-",E18,"1") -> SUBCPMK-CPMK0311 | H18: =CONCATENATE(F18, " dalam ",LOWER($B$18)) -> Memiliki kemampuan menganalisis berdasarkan pengetahuan di bidang teknologi informasi cerdas dalam konteks dukungan terhadap pengembangan layanan publik dan ekonomi digital dalam manajemen strategis sistem informasi | I18: Perkuliahan/ Pertemuan, UTS, UAS | J18: =IF(R18<>"",$R$2,"") | K18: =IF(S18<>"",$S$2,"") | L18: =IF(T18<>"",$T$2,"") | M18: =IF(U18<>"",$U$2,"") | N18: =IF(V18<>"",$V$2,"") | O18: =IF(W18<>"",$W$2,"") | P18: =IF(X18<>"",$X$2,"") | Q18: =CONCATENATE(J18,", ",K18,", ",L18,", ",M18,", ",N18,", ",O18,", ",P18) -> , , , , , , | Y18: =SUM(R18:X18) -> 0
D19: =VLOOKUP(C19,'CPL-MK'!$E$2:$F$12,2) -> #N/A | E19: CPMK032 | F19: =VLOOKUP(E19,'CPL-CPMK-MK'!$D$1:$E$30,2) -> Memiliki kemampuan mengevaluasi berdasarkan pengetahuan di bidang teknologi informasi cerdas dalam konteks dukungan terhadap pengembangan layanan publik dan ekonomi digital | G19: =CONCATENATE("SUBCPMK-",E19,"1") -> SUBCPMK-CPMK0321 | H19: =CONCATENATE(F19, " dalam ",LOWER($B$18)) -> Memiliki kemampuan mengevaluasi berdasarkan pengetahuan di bidang teknologi informasi cerdas dalam konteks dukungan terhadap pengembangan layanan publik dan ekonomi digital dalam manajemen strategis sistem informasi | I19: Perkuliahan/ Pertemuan, UTS, UAS | J19: =IF(R19<>"",$R$2,"") | K19: =IF(S19<>"",$S$2,"") | L19: =IF(T19<>"",$T$2,"") | M19: =IF(U19<>"",$U$2,"") | N19: =IF(V19<>"",$V$2,"") | O19: =IF(W19<>"",$W$2,"") | P19: =IF(X19<>"",$X$2,"") | Q19: =CONCATENATE(J19,", ",K19,", ",L19,", ",M19,", ",N19,", ",O19,", ",P19) -> , , , , , , | Y19: =SUM(R19:X19) -> 0
D20: =VLOOKUP(C20,'CPL-MK'!$E$2:$F$12,2) -> #N/A | E20: CPMK033 | F20: =VLOOKUP(E20,'CPL-CPMK-MK'!$D$1:$E$30,2) -> Memiliki kemampuan membuat keputusan berdasarkan pengetahuan di bidang teknologi informasi cerdas dalam konteks dukungan terhadap pengembangan layanan publik dan ekonomi digital | G20: =CONCATENATE("SUBCPMK-",E20,"1") -> SUBCPMK-CPMK0331 | H20: =CONCATENATE(F20, " dalam ",LOWER($B$18)) -> Memiliki kemampuan membuat keputusan berdasarkan pengetahuan di bidang teknologi informasi cerdas dalam konteks dukungan terhadap pengembangan layanan publik dan ekonomi digital dalam manajemen strategis sistem informasi | I20: Perkuliahan/ Pertemuan, UTS, UAS | J20: =IF(R20<>"",$R$2,"") | K20: =IF(S20<>"",$S$2,"") | L20: =IF(T20<>"",$T$2,"") | M20: =IF(U20<>"",$U$2,"") | N20: =IF(V20<>"",$V$2,"") | O20: =IF(W20<>"",$W$2,"") | P20: =IF(X20<>"",$X$2,"") | Q20: =CONCATENATE(J20,", ",K20,", ",L20,", ",M20,", ",N20,", ",O20,", ",P20) -> , , , , , , | Y20: =SUM(R20:X20) -> 0
C21: CPL04 | D21: =VLOOKUP(C21,'CPL-MK'!$E$2:$F$12,2) -> Mampu mengevaluasi, membuat kesimpulan, dan membuat keputusan berdasarkan pengetahuan teknologi informasi khususnya teknologi informasi cerdas terbaru berkaitan dengan manajemen pengembangan layanan publik dan ekonomi digital | E21: CPMK041 | F21: =VLOOKUP(E21,'CPL-CPMK-MK'!$D$1:$E$30,2) -> Mampu mengevaluasi berdasarkan pengetahuan teknologi informasi khususnya teknologi informasi cerdas terbaru berkaitan dengan manajemen pengembangan layanan publik dan ekonomi digital | G21: =CONCATENATE("SUBCPMK-",E21,"1") -> SUBCPMK-CPMK0411 | H21: =CONCATENATE(F21, " dalam ",LOWER($B$18)) -> Mampu mengevaluasi berdasarkan pengetahuan teknologi informasi khususnya teknologi informasi cerdas terbaru berkaitan dengan manajemen pengembangan layanan publik dan ekonomi digital dalam manajemen strategis sistem informasi | I21: Perkuliahan/ Pertemuan, UTS, UAS | J21: =IF(R21<>"",$R$2,"") | K21: =IF(S21<>"",$S$2,"") | L21: =IF(T21<>"",$T$2,"") | M21: =IF(U21<>"",$U$2,"") | N21: =IF(V21<>"",$V$2,"") | O21: =IF(W21<>"",$W$2,"") | P21: =IF(X21<>"",$X$2,"") | Q21: =CONCATENATE(J21,", ",K21,", ",L21,", ",M21,", ",N21,", ",O21,", ",P21) -> , , , , , , | Y21: =SUM(R21:X21) -> 0
D22: =VLOOKUP(C22,'CPL-MK'!$E$2:$F$12,2) -> #N/A | E22: CPMK042 | F22: =VLOOKUP(E22,'CPL-CPMK-MK'!$D$1:$E$30,2) -> Mampu membuat kesimpulan berdasarkan pengetahuan teknologi informasi khususnya teknologi informasi cerdas terbaru berkaitan dengan manajemen pengembangan layanan publik dan ekonomi digital | G22: =CONCATENATE("SUBCPMK-",E22,"1") -> SUBCPMK-CPMK0421 | H22: =CONCATENATE(F22, " dalam ",LOWER($B$18)) -> Mampu membuat kesimpulan berdasarkan pengetahuan teknologi informasi khususnya teknologi informasi cerdas terbaru berkaitan dengan manajemen pengembangan layanan publik dan ekonomi digital dalam manajemen strategis sistem informasi | I22: Perkuliahan/ Pertemuan, UTS, UAS | J22: =IF(R22<>"",$R$2,"") | K22: =IF(S22<>"",$S$2,"") | L22: =IF(T22<>"",$T$2,"") | M22: =IF(U22<>"",$U$2,"") | N22: =IF(V22<>"",$V$2,"") | O22: =IF(W22<>"",$W$2,"") | P22: =IF(X22<>"",$X$2,"") | Q22: =CONCATENATE(J22,", ",K22,", ",L22,", ",M22,", ",N22,", ",O22,", ",P22) -> , , , , , , | Y22: =SUM(R22:X22) -> 0
D23: =VLOOKUP(C23,'CPL-MK'!$E$2:$F$12,2) -> #N/A | E23: CPMK043 | F23: =VLOOKUP(E23,'CPL-CPMK-MK'!$D$1:$E$30,2) -> Mampu membuat keputusan berdasarkan pengetahuan teknologi informasi khususnya teknologi informasi cerdas terbaru berkaitan dengan manajemen pengembangan layanan publik dan ekonomi digital | G23: =CONCATENATE("SUBCPMK-",E23,"1") -> SUBCPMK-CPMK0431 | H23: =CONCATENATE(F23, " dalam ",LOWER($B$18)) -> Mampu membuat keputusan berdasarkan pengetahuan teknologi informasi khususnya teknologi informasi cerdas terbaru berkaitan dengan manajemen pengembangan layanan publik dan ekonomi digital dalam manajemen strategis sistem informasi | I23: Perkuliahan/ Pertemuan, UTS, UAS | J23: =IF(R23<>"",$R$2,"") | K23: =IF(S23<>"",$S$2,"") | L23: =IF(T23<>"",$T$2,"") | M23: =IF(U23<>"",$U$2,"") | N23: =IF(V23<>"",$V$2,"") | O23: =IF(W23<>"",$W$2,"") | P23: =IF(X23<>"",$X$2,"") | Q23: =CONCATENATE(J23,", ",K23,", ",L23,", ",M23,", ",N23,", ",O23,", ",P23) -> , , , , , , | Y23: =SUM(R23:X23) -> 0
C24: CPL11 | D24: =VLOOKUP(C24,'CPL-MK'!$E$2:$F$12,2) -> Mampu memodelkan sistem yang kompleks dan membangun solusi berbasis computing yang efektif dan efisien | E24: CPMK111 | F24: =VLOOKUP(E24,'CPL-CPMK-MK'!$D$1:$E$30,2) -> Mampu merancang sistem yang kompleks dalam bidang computing. | G24: =CONCATENATE("SUBCPMK-",E24,"1") -> SUBCPMK-CPMK1111 | H24: =CONCATENATE(F24, " dalam ",LOWER($B$18)) -> Mampu merancang sistem yang kompleks dalam bidang computing. dalam manajemen strategis sistem informasi | I24: Perkuliahan/ Pertemuan, UTS, UAS | J24: =IF(R24<>"",$R$2,"") | K24: =IF(S24<>"",$S$2,"") | L24: =IF(T24<>"",$T$2,"") | M24: =IF(U24<>"",$U$2,"") | N24: =IF(V24<>"",$V$2,"") | O24: =IF(W24<>"",$W$2,"") | P24: =IF(X24<>"",$X$2,"") | Q24: =CONCATENATE(J24,", ",K24,", ",L24,", ",M24,", ",N24,", ",O24,", ",P24) -> , , , , , , | Y24: =SUM(R24:X24) -> 0
D25: =VLOOKUP(C25,'CPL-MK'!$E$2:$F$12,2) -> #N/A | E25: CPMK112 | F25: =VLOOKUP(E25,'CPL-CPMK-MK'!$D$1:$E$30,2) -> Mampu membangun solusi berbasis computing yang efektif dan efisien | G25: =CONCATENATE("SUBCPMK-",E25,"1") -> SUBCPMK-CPMK1121 | H25: =CONCATENATE(F25, " dalam ",LOWER($B$18)) -> Mampu membangun solusi berbasis computing yang efektif dan efisien dalam manajemen strategis sistem informasi | I25: Perkuliahan/ Pertemuan, UTS, UAS | J25: =IF(R25<>"",$R$2,"") | K25: =IF(S25<>"",$S$2,"") | L25: =IF(T25<>"",$T$2,"") | M25: =IF(U25<>"",$U$2,"") | N25: =IF(V25<>"",$V$2,"") | O25: =IF(W25<>"",$W$2,"") | P25: =IF(X25<>"",$X$2,"") | Q25: =CONCATENATE(J25,", ",K25,", ",L25,", ",M25,", ",N25,", ",O25,", ",P25) -> , , , , , , | Y25: =SUM(R25:X25) -> 0
A26: P.24.01.85.1.06 | B26: REKAYASA PERANGKAT LUNAK LANJUT | C26: CPL08 | D26: =VLOOKUP(C26,'CPL-MK'!$E$2:$F$12,2) -> Mampu mengevaluasi, mengembangkan dan mengimplementasikan solusi komputasi cerdas dengan menggunakan teknologi terkini dalam mendukung pengembangan kota cerdas dan sistem pemerintahan berbasis elektronik | E26: CPMK081 | F26: =VLOOKUP(E26,'CPL-CPMK-MK'!$D$1:$E$30,2) -> Mampu mengevaluasi solusi komputasi cerdas dengan menggunakan teknologi terkini dalam mendukung pengembangan kota cerdas dan sistem pemerintahan berbasis elektronik | G26: =CONCATENATE("SUBCPMK-",E26,"1") -> SUBCPMK-CPMK0811 | H26: =CONCATENATE(F26, " dalam ",LOWER($B$26)) -> Mampu mengevaluasi solusi komputasi cerdas dengan menggunakan teknologi terkini dalam mendukung pengembangan kota cerdas dan sistem pemerintahan berbasis elektronik dalam rekayasa perangkat lunak lanjut | I26: Perkuliahan/ Pertemuan, UTS, UAS | J26: =IF(R26<>"",$R$2,"") | K26: =IF(S26<>"",$S$2,"") | L26: =IF(T26<>"",$T$2,"") | M26: =IF(U26<>"",$U$2,"") | N26: =IF(V26<>"",$V$2,"") | O26: =IF(W26<>"",$W$2,"") | P26: =IF(X26<>"",$X$2,"") | Q26: =CONCATENATE(J26,", ",K26,", ",L26,", ",M26,", ",N26,", ",O26,", ",P26) -> , , , , , , | Y26: =SUM(R26:X26) -> 0
D27: =VLOOKUP(C27,'CPL-MK'!$E$2:$F$12,2) -> #N/A | E27: CPMK082 | F27: =VLOOKUP(E27,'CPL-CPMK-MK'!$D$1:$E$30,2) -> Mampu mengembangkan solusi komputasi cerdas dengan menggunakan teknologi terkini dalam mendukung pengembangan kota cerdas dan sistem pemerintahan berbasis elektronik | G27: =CONCATENATE("SUBCPMK-",E27,"1") -> SUBCPMK-CPMK0821 | H27: =CONCATENATE(F27, " dalam ",LOWER($B$26)) -> Mampu mengembangkan solusi komputasi cerdas dengan menggunakan teknologi terkini dalam mendukung pengembangan kota cerdas dan sistem pemerintahan berbasis elektronik dalam rekayasa perangkat lunak lanjut | I27: Perkuliahan/ Pertemuan, UTS, UAS | J27: =IF(R27<>"",$R$2,"") | K27: =IF(S27<>"",$S$2,"") | L27: =IF(T27<>"",$T$2,"") | M27: =IF(U27<>"",$U$2,"") | N27: =IF(V27<>"",$V$2,"") | O27: =IF(W27<>"",$W$2,"") | P27: =IF(X27<>"",$X$2,"") | Q27: =CONCATENATE(J27,", ",K27,", ",L27,", ",M27,", ",N27,", ",O27,", ",P27) -> , , , , , , | Y27: =SUM(R27:X27) -> 0
D28: =VLOOKUP(C28,'CPL-MK'!$E$2:$F$12,2) -> #N/A | E28: CPMK083 | F28: =VLOOKUP(E28,'CPL-CPMK-MK'!$D$1:$E$30,2) -> Mampu mengimplementasikan solusi komputasi cerdas dengan menggunakan teknologi terkini dalam mendukung pengembangan kota cerdas dan sistem pemerintahan berbasis elektronik | G28: =CONCATENATE("SUBCPMK-",E28,"1") -> SUBCPMK-CPMK0831 | H28: =CONCATENATE(F28, " dalam ",LOWER($B$26)) -> Mampu mengimplementasikan solusi komputasi cerdas dengan menggunakan teknologi terkini dalam mendukung pengembangan kota cerdas dan sistem pemerintahan berbasis elektronik dalam rekayasa perangkat lunak lanjut | I28: Perkuliahan/ Pertemuan, UTS, UAS | J28: =IF(R28<>"",$R$2,"") | K28: =IF(S28<>"",$S$2,"") | L28: =IF(T28<>"",$T$2,"") | M28: =IF(U28<>"",$U$2,"") | N28: =IF(V28<>"",$V$2,"") | O28: =IF(W28<>"",$W$2,"") | P28: =IF(X28<>"",$X$2,"") | Q28: =CONCATENATE(J28,", ",K28,", ",L28,", ",M28,", ",N28,", ",O28,", ",P28) -> , , , , , , | Y28: =SUM(R28:X28) -> 0
C29: CPL11 | D29: =VLOOKUP(C29,'CPL-MK'!$E$2:$F$12,2) -> Mampu memodelkan sistem yang kompleks dan membangun solusi berbasis computing yang efektif dan efisien | E29: CPMK111 | F29: =VLOOKUP(E29,'CPL-CPMK-MK'!$D$1:$E$30,2) -> Mampu merancang sistem yang kompleks dalam bidang computing. | G29: =CONCATENATE("SUBCPMK-",E29,"1") -> SUBCPMK-CPMK1111 | H29: =CONCATENATE(F29, " dalam ",LOWER($B$26)) -> Mampu merancang sistem yang kompleks dalam bidang computing. dalam rekayasa perangkat lunak lanjut | I29: Perkuliahan/ Pertemuan, UTS, UAS | J29: =IF(R29<>"",$R$2,"") | K29: =IF(S29<>"",$S$2,"") | L29: =IF(T29<>"",$T$2,"") | M29: =IF(U29<>"",$U$2,"") | N29: =IF(V29<>"",$V$2,"") | O29: =IF(W29<>"",$W$2,"") | P29: =IF(X29<>"",$X$2,"") | Q29: =CONCATENATE(J29,", ",K29,", ",L29,", ",M29,", ",N29,", ",O29,", ",P29) -> , , , , , , | Y29: =SUM(R29:X29) -> 0
D30: =VLOOKUP(C30,'CPL-MK'!$E$2:$F$12,2) -> #N/A | E30: CPMK112 | F30: =VLOOKUP(E30,'CPL-CPMK-MK'!$D$1:$E$30,2) -> Mampu membangun solusi berbasis computing yang efektif dan efisien | G30: =CONCATENATE("SUBCPMK-",E30,"1") -> SUBCPMK-CPMK1121 | H30: =CONCATENATE(F30, " dalam ",LOWER($B$26)) -> Mampu membangun solusi berbasis computing yang efektif dan efisien dalam rekayasa perangkat lunak lanjut | I30: Perkuliahan/ Pertemuan, UTS, UAS | J30: =IF(R30<>"",$R$2,"") | K30: =IF(S30<>"",$S$2,"") | L30: =IF(T30<>"",$T$2,"") | M30: =IF(U30<>"",$U$2,"") | N30: =IF(V30<>"",$V$2,"") | O30: =IF(W30<>"",$W$2,"") | P30: =IF(X30<>"",$X$2,"") | Q30: =CONCATENATE(J30,", ",K30,", ",L30,", ",M30,", ",N30,", ",O30,", ",P30) -> , , , , , , | Y30: =SUM(R30:X30) -> 0
A31: P.24.01.85.2.07 | B31: METODOLOGI PENELITIAN DAN PENULISAN ILMIAH | C31: CPL03 | D31: =VLOOKUP(C31,'CPL-MK'!$E$2:$F$12,2) -> Memiliki kemampuan menganalisis, mengevaluasi, dan membuat keputusan berdasarkan pengetahuan di bidang teknologi informasi cerdas dalam konteks dukungan terhadap pengembangan layanan publik dan ekonomi digital | E31: CPMK031 | F31: =VLOOKUP(E31,'CPL-CPMK-MK'!$D$1:$E$30,2) -> Memiliki kemampuan menganalisis berdasarkan pengetahuan di bidang teknologi informasi cerdas dalam konteks dukungan terhadap pengembangan layanan publik dan ekonomi digital | G31: =CONCATENATE("SUBCPMK-",E31,"1") -> SUBCPMK-CPMK0311 | H31: =CONCATENATE(F31, " dalam ",LOWER($B$31)) -> Memiliki kemampuan menganalisis berdasarkan pengetahuan di bidang teknologi informasi cerdas dalam konteks dukungan terhadap pengembangan layanan publik dan ekonomi digital dalam metodologi penelitian dan penulisan ilmiah | I31: Perkuliahan/ Pertemuan, UTS, UAS | J31: =IF(R31<>"",$R$2,"") -> Unjuk Kerja (Presensi) | K31: =IF(S31<>"",$S$2,"") -> Kuis / Tugas 1 | L31: =IF(T31<>"",$T$2,"") -> Kuis / Tugas 2 | M31: =IF(U31<>"",$U$2,"") | N31: =IF(V31<>"",$V$2,"") | O31: =IF(W31<>"",$W$2,"") -> UTS | P31: =IF(X31<>"",$X$2,"") -> UAS | Q31: =CONCATENATE(J31,", ",K31,", ",L31,", ",M31,", ",N31,", ",O31,", ",P31) -> Unjuk Kerja (Presensi), Kuis / Tugas 1, Kuis / Tugas 2, , , UTS, UAS | R31: 4 | S31: 6 | T31: 8 | W31: 8 | X31: 9 | Y31: =SUM(R31:X31) -> 35
D32: =VLOOKUP(C32,'CPL-MK'!$E$2:$F$12,2) -> #N/A | E32: CPMK032 | F32: =VLOOKUP(E32,'CPL-CPMK-MK'!$D$1:$E$30,2) -> Memiliki kemampuan mengevaluasi berdasarkan pengetahuan di bidang teknologi informasi cerdas dalam konteks dukungan terhadap pengembangan layanan publik dan ekonomi digital | G32: =CONCATENATE("SUBCPMK-",E32,"1") -> SUBCPMK-CPMK0321 | H32: =CONCATENATE(F32, " dalam ",LOWER($B$31)) -> Memiliki kemampuan mengevaluasi berdasarkan pengetahuan di bidang teknologi informasi cerdas dalam konteks dukungan terhadap pengembangan layanan publik dan ekonomi digital dalam metodologi penelitian dan penulisan ilmiah | I32: Perkuliahan/ Pertemuan, UTS, UAS | J32: =IF(R32<>"",$R$2,"") -> Unjuk Kerja (Presensi) | K32: =IF(S32<>"",$S$2,"") | L32: =IF(T32<>"",$T$2,"") -> Kuis / Tugas 2 | M32: =IF(U32<>"",$U$2,"") | N32: =IF(V32<>"",$V$2,"") | O32: =IF(W32<>"",$W$2,"") -> UTS | P32: =IF(X32<>"",$X$2,"") -> UAS | Q32: =CONCATENATE(J32,", ",K32,", ",L32,", ",M32,", ",N32,", ",O32,", ",P32) -> Unjuk Kerja (Presensi), , Kuis / Tugas 2, , , UTS, UAS | R32: 3 | T32: 7 | W32: 7 | X32: 8 | Y32: =SUM(R32:X32) -> 25
D33: =VLOOKUP(C33,'CPL-MK'!$E$2:$F$12,2) -> #N/A | E33: CPMK033 | F33: =VLOOKUP(E33,'CPL-CPMK-MK'!$D$1:$E$30,2) -> Memiliki kemampuan membuat keputusan berdasarkan pengetahuan di bidang teknologi informasi cerdas dalam konteks dukungan terhadap pengembangan layanan publik dan ekonomi digital | G33: =CONCATENATE("SUBCPMK-",E33,"1") -> SUBCPMK-CPMK0331 | H33: =CONCATENATE(F33, " dalam ",LOWER($B$31)) -> Memiliki kemampuan membuat keputusan berdasarkan pengetahuan di bidang teknologi informasi cerdas dalam konteks dukungan terhadap pengembangan layanan publik dan ekonomi digital dalam metodologi penelitian dan penulisan ilmiah | I33: Perkuliahan/ Pertemuan, UTS, UAS | J33: =IF(R33<>"",$R$2,"") -> Unjuk Kerja (Presensi) | K33: =IF(S33<>"",$S$2,"") | L33: =IF(T33<>"",$T$2,"") | M33: =IF(U33<>"",$U$2,"") -> Kuis / Tugas 3 | N33: =IF(V33<>"",$V$2,"") -> Kuis / Tugas 4 | O33: =IF(W33<>"",$W$2,"") | P33: =IF(X33<>"",$X$2,"") -> UAS | Q33: =CONCATENATE(J33,", ",K33,", ",L33,", ",M33,", ",N33,", ",O33,", ",P33) -> Unjuk Kerja (Presensi), , , Kuis / Tugas 3, Kuis / Tugas 4, , UAS | R33: 3 | U33: 6 | V33: 6 | X33: 5 | Y33: =SUM(R33:X33) -> 20
C34: CPL11 | D34: =VLOOKUP(C34,'CPL-MK'!$E$2:$F$12,2) -> Mampu memodelkan sistem yang kompleks dan membangun solusi berbasis computing yang efektif dan efisien | E34: CPMK111 | F34: =VLOOKUP(E34,'CPL-CPMK-MK'!$D$1:$E$30,2) -> Mampu merancang sistem yang kompleks dalam bidang computing. | G34: =CONCATENATE("SUBCPMK-",E34,"1") -> SUBCPMK-CPMK1111 | H34: =CONCATENATE(F34, " dalam ",LOWER($B$31)) -> Mampu merancang sistem yang kompleks dalam bidang computing. dalam metodologi penelitian dan penulisan ilmiah | I34: Perkuliahan/ Pertemuan, UTS, UAS | J34: =IF(R34<>"",$R$2,"") -> Unjuk Kerja (Presensi) | K34: =IF(S34<>"",$S$2,"") -> Kuis / Tugas 1 | L34: =IF(T34<>"",$T$2,"") | M34: =IF(U34<>"",$U$2,"") -> Kuis / Tugas 3 | N34: =IF(V34<>"",$V$2,"") | O34: =IF(W34<>"",$W$2,"") -> UTS | P34: =IF(X34<>"",$X$2,"") -> UAS | Q34: =CONCATENATE(J34,", ",K34,", ",L34,", ",M34,", ",N34,", ",O34,", ",P34) -> Unjuk Kerja (Presensi), Kuis / Tugas 1, , Kuis / Tugas 3, , UTS, UAS | R34: 1 | S34: 2 | U34: 2 | W34: 2 | X34: 3 | Y34: =SUM(R34:X34) -> 10
D35: =VLOOKUP(C35,'CPL-MK'!$E$2:$F$12,2) -> #N/A | E35: CPMK112 | F35: =VLOOKUP(E35,'CPL-CPMK-MK'!$D$1:$E$30,2) -> Mampu membangun solusi berbasis computing yang efektif dan efisien | G35: =CONCATENATE("SUBCPMK-",E35,"1") -> SUBCPMK-CPMK1121 | H35: =CONCATENATE(F35, " dalam ",LOWER($B$31)) -> Mampu membangun solusi berbasis computing yang efektif dan efisien dalam metodologi penelitian dan penulisan ilmiah | I35: Perkuliahan/ Pertemuan, UTS, UAS | J35: =IF(R35<>"",$R$2,"") -> Unjuk Kerja (Presensi) | K35: =IF(S35<>"",$S$2,"") | L35: =IF(T35<>"",$T$2,"") -> Kuis / Tugas 2 | M35: =IF(U35<>"",$U$2,"") | N35: =IF(V35<>"",$V$2,"") -> Kuis / Tugas 4 | O35: =IF(W35<>"",$W$2,"") -> UTS | P35: =IF(X35<>"",$X$2,"") -> UAS | Q35: =CONCATENATE(J35,", ",K35,", ",L35,", ",M35,", ",N35,", ",O35,", ",P35) -> Unjuk Kerja (Presensi), , Kuis / Tugas 2, , Kuis / Tugas 4, UTS, UAS | R35: 1 | T35: 2 | V35: 2 | W35: 2 | X35: 3 | Y35: =SUM(R35:X35) -> 10 | Z35: =SUM(Y31:Y35) -> 100
A36: P.24.01.85.2.08 | B36: REKAYASA KEBUTUHAN SISTEM | C36: CPL06 | D36: =VLOOKUP(C36,'CPL-MK'!$E$2:$F$12,2) -> Memiliki pemahaman yang mendalam, menganalisis, dan mengevaluasi tentang solusi komputasi cerdas dengan sistem dan infrastruktur yang ada termasuk pertimbangan keamanan sistem informasi untuk mendukung layanan publik dan ekonomi digital | E36: CPMK061 | F36: =VLOOKUP(E36,'CPL-CPMK-MK'!$D$1:$E$30,2) -> Memiliki pemahaman yang mendalam tentang solusi komputasi cerdas dengan sistem dan infrastruktur yang ada termasuk pertimbangan keamanan sistem informasi untuk mendukung layanan publik dan ekonomi digital | G36: =CONCATENATE("SUBCPMK-",E36,"1") -> SUBCPMK-CPMK0611 | H36: =CONCATENATE(F36, " dalam ",LOWER($B$36)) -> Memiliki pemahaman yang mendalam tentang solusi komputasi cerdas dengan sistem dan infrastruktur yang ada termasuk pertimbangan keamanan sistem informasi untuk mendukung layanan publik dan ekonomi digital dalam rekayasa kebutuhan sistem | I36: Perkuliahan/ Pertemuan, UTS, UAS | J36: =IF(R36<>"",$R$2,"") -> Unjuk Kerja (Presensi) | K36: =IF(S36<>"",$S$2,"") -> Kuis / Tugas 1 | L36: =IF(T36<>"",$T$2,"") | M36: =IF(U36<>"",$U$2,"") | N36: =IF(V36<>"",$V$2,"") | O36: =IF(W36<>"",$W$2,"") | P36: =IF(X36<>"",$X$2,"") | Q36: =CONCATENATE(J36,", ",K36,", ",L36,", ",M36,", ",N36,", ",O36,", ",P36) -> Unjuk Kerja (Presensi), Kuis / Tugas 1, , , , , | R36: 2 | S36: 5 | Y36: =SUM(R36:X36) -> 7
D37: =VLOOKUP(C37,'CPL-MK'!$E$2:$F$12,2) -> #N/A | E37: CPMK062 | F37: =VLOOKUP(E37,'CPL-CPMK-MK'!$D$1:$E$30,2) -> Memiliki kemampuan menganalisis yang mendalam tentang solusi komputasi cerdas dengan sistem dan infrastruktur yang ada termasuk pertimbangan keamanan sistem informasi untuk mendukung layanan publik dan ekonomi digital | G37: =CONCATENATE("SUBCPMK-",E37,"1") -> SUBCPMK-CPMK0621 | H37: =CONCATENATE(F37, " dalam ",LOWER($B$36)) -> Memiliki kemampuan menganalisis yang mendalam tentang solusi komputasi cerdas dengan sistem dan infrastruktur yang ada termasuk pertimbangan keamanan sistem informasi untuk mendukung layanan publik dan ekonomi digital dalam rekayasa kebutuhan sistem | I37: Perkuliahan/ Pertemuan, UTS, UAS | J37: =IF(R37<>"",$R$2,"") | K37: =IF(S37<>"",$S$2,"") | L37: =IF(T37<>"",$T$2,"") -> Kuis / Tugas 2 | M37: =IF(U37<>"",$U$2,"") -> Kuis / Tugas 3 | N37: =IF(V37<>"",$V$2,"") | O37: =IF(W37<>"",$W$2,"") -> UTS | P37: =IF(X37<>"",$X$2,"") | Q37: =CONCATENATE(J37,", ",K37,", ",L37,", ",M37,", ",N37,", ",O37,", ",P37) -> , , Kuis / Tugas 2, Kuis / Tugas 3, , UTS, | T37: 5 | U37: 5 | W37: 5 | Y37: =SUM(R37:X37) -> 15
D38: =VLOOKUP(C38,'CPL-MK'!$E$2:$F$12,2) -> #N/A | E38: CPMK063 | F38: =VLOOKUP(E38,'CPL-CPMK-MK'!$D$1:$E$30,2) -> Memiliki kemampuan mengevaluasi yang mendalam tentang solusi komputasi cerdas dengan sistem dan infrastruktur yang ada termasuk pertimbangan keamanan sistem informasi untuk mendukung layanan publik dan ekonomi digital | G38: =CONCATENATE("SUBCPMK-",E38,"1") -> SUBCPMK-CPMK0631 | H38: =CONCATENATE(F38, " dalam ",LOWER($B$36)) -> Memiliki kemampuan mengevaluasi yang mendalam tentang solusi komputasi cerdas dengan sistem dan infrastruktur yang ada termasuk pertimbangan keamanan sistem informasi untuk mendukung layanan publik dan ekonomi digital dalam rekayasa kebutuhan sistem | I38: Perkuliahan/ Pertemuan, UTS, UAS | J38: =IF(R38<>"",$R$2,"") | K38: =IF(S38<>"",$S$2,"") | L38: =IF(T38<>"",$T$2,"") | M38: =IF(U38<>"",$U$2,"") -> Kuis / Tugas 3 | N38: =IF(V38<>"",$V$2,"") -> Kuis / Tugas 4 | O38: =IF(W38<>"",$W$2,"") | P38: =IF(X38<>"",$X$2,"") -> UAS | Q38: =CONCATENATE(J38,", ",K38,", ",L38,", ",M38,", ",N38,", ",O38,", ",P38) -> , , , Kuis / Tugas 3, Kuis / Tugas 4, , UAS | U38: 5 | V38: 5 | X38: 5 | Y38: =SUM(R38:X38) -> 15
C39: CPL08 | D39: =VLOOKUP(C39,'CPL-MK'!$E$2:$F$12,2) -> Mampu mengevaluasi, mengembangkan dan mengimplementasikan solusi komputasi cerdas dengan menggunakan teknologi terkini dalam mendukung pengembangan kota cerdas dan sistem pemerintahan berbasis elektronik | E39: CPMK081 | F39: =VLOOKUP(E39,'CPL-CPMK-MK'!$D$1:$E$30,2) -> Mampu mengevaluasi solusi komputasi cerdas dengan menggunakan teknologi terkini dalam mendukung pengembangan kota cerdas dan sistem pemerintahan berbasis elektronik | G39: =CONCATENATE("SUBCPMK-",E39,"1") -> SUBCPMK-CPMK0811 | H39: =CONCATENATE(F39, " dalam ",LOWER($B$36)) -> Mampu mengevaluasi solusi komputasi cerdas dengan menggunakan teknologi terkini dalam mendukung pengembangan kota cerdas dan sistem pemerintahan berbasis elektronik dalam rekayasa kebutuhan sistem | I39: Perkuliahan/ Pertemuan, UTS, UAS | J39: =IF(R39<>"",$R$2,"") | K39: =IF(S39<>"",$S$2,"") | L39: =IF(T39<>"",$T$2,"") | M39: =IF(U39<>"",$U$2,"") -> Kuis / Tugas 3 | N39: =IF(V39<>"",$V$2,"") | O39: =IF(W39<>"",$W$2,"") | P39: =IF(X39<>"",$X$2,"") -> UAS | Q39: =CONCATENATE(J39,", ",K39,", ",L39,", ",M39,", ",N39,", ",O39,", ",P39) -> , , , Kuis / Tugas 3, , , UAS | U39: 5 | X39: 5 | Y39: =SUM(R39:X39) -> 10
D40: =VLOOKUP(C40,'CPL-MK'!$E$2:$F$12,2) -> #N/A | E40: CPMK082 | F40: =VLOOKUP(E40,'CPL-CPMK-MK'!$D$1:$E$30,2) -> Mampu mengembangkan solusi komputasi cerdas dengan menggunakan teknologi terkini dalam mendukung pengembangan kota cerdas dan sistem pemerintahan berbasis elektronik | G40: =CONCATENATE("SUBCPMK-",E40,"1") -> SUBCPMK-CPMK0821 | H40: =CONCATENATE(F40, " dalam ",LOWER($B$36)) -> Mampu mengembangkan solusi komputasi cerdas dengan menggunakan teknologi terkini dalam mendukung pengembangan kota cerdas dan sistem pemerintahan berbasis elektronik dalam rekayasa kebutuhan sistem | I40: Perkuliahan/ Pertemuan, UTS, UAS | J40: =IF(R40<>"",$R$2,"") | K40: =IF(S40<>"",$S$2,"") | L40: =IF(T40<>"",$T$2,"") | M40: =IF(U40<>"",$U$2,"") | N40: =IF(V40<>"",$V$2,"") -> Kuis / Tugas 4 | O40: =IF(W40<>"",$W$2,"") | P40: =IF(X40<>"",$X$2,"") -> UAS | Q40: =CONCATENATE(J40,", ",K40,", ",L40,", ",M40,", ",N40,", ",O40,", ",P40) -> , , , , Kuis / Tugas 4, , UAS | V40: 5 | X40: 5 | Y40: =SUM(R40:X40) -> 10
D41: =VLOOKUP(C41,'CPL-MK'!$E$2:$F$12,2) -> #N/A | E41: CPMK083 | F41: =VLOOKUP(E41,'CPL-CPMK-MK'!$D$1:$E$30,2) -> Mampu mengimplementasikan solusi komputasi cerdas dengan menggunakan teknologi terkini dalam mendukung pengembangan kota cerdas dan sistem pemerintahan berbasis elektronik | G41: =CONCATENATE("SUBCPMK-",E41,"1") -> SUBCPMK-CPMK0831 | H41: =CONCATENATE(F41, " dalam ",LOWER($B$36)) -> Mampu mengimplementasikan solusi komputasi cerdas dengan menggunakan teknologi terkini dalam mendukung pengembangan kota cerdas dan sistem pemerintahan berbasis elektronik dalam rekayasa kebutuhan sistem | I41: Perkuliahan/ Pertemuan, UTS, UAS | J41: =IF(R41<>"",$R$2,"") | K41: =IF(S41<>"",$S$2,"") | L41: =IF(T41<>"",$T$2,"") | M41: =IF(U41<>"",$U$2,"") | N41: =IF(V41<>"",$V$2,"") -> Kuis / Tugas 4 | O41: =IF(W41<>"",$W$2,"") | P41: =IF(X41<>"",$X$2,"") -> UAS | Q41: =CONCATENATE(J41,", ",K41,", ",L41,", ",M41,", ",N41,", ",O41,", ",P41) -> , , , , Kuis / Tugas 4, , UAS | V41: 5 | X41: 5 | Y41: =SUM(R41:X41) -> 10
C42: CPL11 | D42: =VLOOKUP(C42,'CPL-MK'!$E$2:$F$12,2) -> Mampu memodelkan sistem yang kompleks dan membangun solusi berbasis computing yang efektif dan efisien | E42: CPMK111 | F42: =VLOOKUP(E42,'CPL-CPMK-MK'!$D$1:$E$30,2) -> Mampu merancang sistem yang kompleks dalam bidang computing. | G42: =CONCATENATE("SUBCPMK-",E42,"1") -> SUBCPMK-CPMK1111 | H42: =CONCATENATE(F42, " dalam ",LOWER($B$36)) -> Mampu merancang sistem yang kompleks dalam bidang computing. dalam rekayasa kebutuhan sistem | I42: Perkuliahan/ Pertemuan, UTS, UAS | J42: =IF(R42<>"",$R$2,"") -> Unjuk Kerja (Presensi) | K42: =IF(S42<>"",$S$2,"") | L42: =IF(T42<>"",$T$2,"") -> Kuis / Tugas 2 | M42: =IF(U42<>"",$U$2,"") | N42: =IF(V42<>"",$V$2,"") | O42: =IF(W42<>"",$W$2,"") -> UTS | P42: =IF(X42<>"",$X$2,"") -> UAS | Q42: =CONCATENATE(J42,", ",K42,", ",L42,", ",M42,", ",N42,", ",O42,", ",P42) -> Unjuk Kerja (Presensi), , Kuis / Tugas 2, , , UTS, UAS | R42: 3 | T42: 5 | W42: 5 | X42: 5 | Y42: =SUM(R42:X42) -> 18
D43: =VLOOKUP(C43,'CPL-MK'!$E$2:$F$12,2) -> #N/A | E43: CPMK112 | F43: =VLOOKUP(E43,'CPL-CPMK-MK'!$D$1:$E$30,2) -> Mampu membangun solusi berbasis computing yang efektif dan efisien | G43: =CONCATENATE("SUBCPMK-",E43,"1") -> SUBCPMK-CPMK1121 | H43: =CONCATENATE(F43, " dalam ",LOWER($B$36)) -> Mampu membangun solusi berbasis computing yang efektif dan efisien dalam rekayasa kebutuhan sistem | I43: Perkuliahan/ Pertemuan, UTS, UAS | J43: =IF(R43<>"",$R$2,"") | K43: =IF(S43<>"",$S$2,"") | L43: =IF(T43<>"",$T$2,"") | M43: =IF(U43<>"",$U$2,"") -> Kuis / Tugas 3 | N43: =IF(V43<>"",$V$2,"") -> Kuis / Tugas 4 | O43: =IF(W43<>"",$W$2,"") | P43: =IF(X43<>"",$X$2,"") -> UAS | Q43: =CONCATENATE(J43,", ",K43,", ",L43,", ",M43,", ",N43,", ",O43,", ",P43) -> , , , Kuis / Tugas 3, Kuis / Tugas 4, , UAS | U43: 5 | V43: 5 | X43: 5 | Y43: =SUM(R43:X43) -> 15 | Z43: =SUM(Y36:Y43) -> 100
A44: P.24.01.85.2.09 | B44: INTERAKSI MANUSIA DAN KOMPUTER | C44: CPL07 | D44: =VLOOKUP(C44,'CPL-MK'!$E$2:$F$12,2) -> Mampu menganalisis, mengembangkan, dan mengevaluasi kebutuhan sistem antarmuka pengguna yang efektif dan memahami kebutuhan serta preferensi pengguna dalam pengembangan teknologi informasi berbasis komputasi cerdas untuk mendukung layanan publik dan ekonomi digital. | E44: CPMK071 | F44: =VLOOKUP(E44,'CPL-CPMK-MK'!$D$1:$E$30,2) -> Mampu menganalisis kebutuhan pengguna dalam konteks sistem interaksi manusia dan komputer. dengan memanfaatkan berbagai metode secara tepat | G44: =CONCATENATE("SUBCPMK-",E44,"1") -> SUBCPMK-CPMK0711 | H44: =CONCATENATE(F44, " dalam ",LOWER($B$44)) -> Mampu menganalisis kebutuhan pengguna dalam konteks sistem interaksi manusia dan komputer. dengan memanfaatkan berbagai metode secara tepat dalam interaksi manusia dan komputer | I44: Perkuliahan/ Pertemuan, UTS, UAS | J44: =IF(R44<>"",$R$2,"") -> Unjuk Kerja (Presensi) | K44: =IF(S44<>"",$S$2,"") -> Kuis / Tugas 1 | L44: =IF(T44<>"",$T$2,"") | M44: =IF(U44<>"",$U$2,"") | N44: =IF(V44<>"",$V$2,"") | O44: =IF(W44<>"",$W$2,"") | P44: =IF(X44<>"",$X$2,"") | Q44: =CONCATENATE(J44,", ",K44,", ",L44,", ",M44,", ",N44,", ",O44,", ",P44) -> Unjuk Kerja (Presensi), Kuis / Tugas 1, , , , , | R44: 5 | S44: 10 | Y44: =SUM(R44:X44) -> 15
D45: =VLOOKUP(C45,'CPL-MK'!$E$2:$F$12,2) -> #N/A | E45: CPMK072 | F45: =VLOOKUP(E45,'CPL-CPMK-MK'!$D$1:$E$30,2) -> Mampu mengembangkan berbagai pendekatan dalam rangka pengumpulan data penelitian | G45: =CONCATENATE("SUBCPMK-",E45,"1") -> SUBCPMK-CPMK0721 | H45: =CONCATENATE(F45, " dalam ",LOWER($B$44)) -> Mampu mengembangkan berbagai pendekatan dalam rangka pengumpulan data penelitian dalam interaksi manusia dan komputer | I45: Perkuliahan/ Pertemuan, UTS, UAS | J45: =IF(R45<>"",$R$2,"") -> Unjuk Kerja (Presensi) | K45: =IF(S45<>"",$S$2,"") | L45: =IF(T45<>"",$T$2,"") -> Kuis / Tugas 2 | M45: =IF(U45<>"",$U$2,"") -> Kuis / Tugas 3 | N45: =IF(V45<>"",$V$2,"") | O45: =IF(W45<>"",$W$2,"") -> UTS | P45: =IF(X45<>"",$X$2,"") | Q45: =CONCATENATE(J45,", ",K45,", ",L45,", ",M45,", ",N45,", ",O45,", ",P45) -> Unjuk Kerja (Presensi), , Kuis / Tugas 2, Kuis / Tugas 3, , UTS, | R45: 5 | T45: 10 | U45: 5 | W45: 5 | Y45: =SUM(R45:X45) -> 25
D46: =VLOOKUP(C46,'CPL-MK'!$E$2:$F$12,2) -> #N/A | E46: CPMK073 | F46: =VLOOKUP(E46,'CPL-CPMK-MK'!$D$1:$E$30,2) -> Mampu mengevaluasi antarmuka pengguna dengan tepat dan benar | G46: =CONCATENATE("SUBCPMK-",E46,"1") -> SUBCPMK-CPMK0731 | H46: =CONCATENATE(F46, " dalam ",LOWER($B$44)) -> Mampu mengevaluasi antarmuka pengguna dengan tepat dan benar dalam interaksi manusia dan komputer | I46: Perkuliahan/ Pertemuan, UTS, UAS | J46: =IF(R46<>"",$R$2,"") -> Unjuk Kerja (Presensi) | K46: =IF(S46<>"",$S$2,"") | L46: =IF(T46<>"",$T$2,"") | M46: =IF(U46<>"",$U$2,"") -> Kuis / Tugas 3 | N46: =IF(V46<>"",$V$2,"") | O46: =IF(W46<>"",$W$2,"") | P46: =IF(X46<>"",$X$2,"") -> UAS | Q46: =CONCATENATE(J46,", ",K46,", ",L46,", ",M46,", ",N46,", ",O46,", ",P46) -> Unjuk Kerja (Presensi), , , Kuis / Tugas 3, , , UAS | R46: 5 | U46: 5 | X46: 10 | Y46: =SUM(R46:X46) -> 20
C47: CPL11 | D47: =VLOOKUP(C47,'CPL-MK'!$E$2:$F$12,2) -> Mampu memodelkan sistem yang kompleks dan membangun solusi berbasis computing yang efektif dan efisien | E47: CPMK111 | F47: =VLOOKUP(E47,'CPL-CPMK-MK'!$D$1:$E$30,2) -> Mampu merancang sistem yang kompleks dalam bidang computing. | G47: =CONCATENATE("SUBCPMK-",E47,"1") -> SUBCPMK-CPMK1111 | H47: =CONCATENATE(F47, " dalam ",LOWER($B$44)) -> Mampu merancang sistem yang kompleks dalam bidang computing. dalam interaksi manusia dan komputer | I47: Perkuliahan/ Pertemuan, UTS, UAS | J47: =IF(R47<>"",$R$2,"") -> Unjuk Kerja (Presensi) | K47: =IF(S47<>"",$S$2,"") | L47: =IF(T47<>"",$T$2,"") | M47: =IF(U47<>"",$U$2,"") | N47: =IF(V47<>"",$V$2,"") -> Kuis / Tugas 4 | O47: =IF(W47<>"",$W$2,"") -> UTS | P47: =IF(X47<>"",$X$2,"") | Q47: =CONCATENATE(J47,", ",K47,", ",L47,", ",M47,", ",N47,", ",O47,", ",P47) -> Unjuk Kerja (Presensi), , , , Kuis / Tugas 4, UTS, | R47: 5 | V47: 10 | W47: 5 | Y47: =SUM(R47:X47) -> 20
D48: =VLOOKUP(C48,'CPL-MK'!$E$2:$F$12,2) -> #N/A | E48: CPMK112 | F48: =VLOOKUP(E48,'CPL-CPMK-MK'!$D$1:$E$30,2) -> Mampu membangun solusi berbasis computing yang efektif dan efisien | G48: =CONCATENATE("SUBCPMK-",E48,"1") -> SUBCPMK-CPMK1121 | H48: =CONCATENATE(F48, " dalam ",LOWER($B$44)) -> Mampu membangun solusi berbasis computing yang efektif dan efisien dalam interaksi manusia dan komputer | I48: Perkuliahan/ Pertemuan, UTS, UAS | J48: =IF(R48<>"",$R$2,"") -> Unjuk Kerja (Presensi) | K48: =IF(S48<>"",$S$2,"") | L48: =IF(T48<>"",$T$2,"") | M48: =IF(U48<>"",$U$2,"") | N48: =IF(V48<>"",$V$2,"") -> Kuis / Tugas 4 | O48: =IF(W48<>"",$W$2,"") | P48: =IF(X48<>"",$X$2,"") -> UAS | Q48: =CONCATENATE(J48,", ",K48,", ",L48,", ",M48,", ",N48,", ",O48,", ",P48) -> Unjuk Kerja (Presensi), , , , Kuis / Tugas 4, , UAS | R48: 5 | V48: 10 | X48: 5 | Y48: =SUM(R48:X48) -> 20 | Z48: =SUM(Y44:Y48) -> 100
A49: P.24.01.85.2.10 | B49: KEAMANAN SIBER | C49: CPL06 | D49: =VLOOKUP(C49,'CPL-MK'!$E$2:$F$12,2) -> Memiliki pemahaman yang mendalam, menganalisis, dan mengevaluasi tentang solusi komputasi cerdas dengan sistem dan infrastruktur yang ada termasuk pertimbangan keamanan sistem informasi untuk mendukung layanan publik dan ekonomi digital | E49: CPMK061 | F49: =VLOOKUP(E49,'CPL-CPMK-MK'!$D$1:$E$30,2) -> Memiliki pemahaman yang mendalam tentang solusi komputasi cerdas dengan sistem dan infrastruktur yang ada termasuk pertimbangan keamanan sistem informasi untuk mendukung layanan publik dan ekonomi digital | G49: =CONCATENATE("SUBCPMK-",E49,"1") -> SUBCPMK-CPMK0611 | H49: =CONCATENATE(F49, " dalam ",LOWER($B$49)) -> Memiliki pemahaman yang mendalam tentang solusi komputasi cerdas dengan sistem dan infrastruktur yang ada termasuk pertimbangan keamanan sistem informasi untuk mendukung layanan publik dan ekonomi digital dalam keamanan siber | I49: Perkuliahan/ Pertemuan, UTS, UAS | J49: =IF(R49<>"",$R$2,"") -> Unjuk Kerja (Presensi) | K49: =IF(S49<>"",$S$2,"") -> Kuis / Tugas 1 | L49: =IF(T49<>"",$T$2,"") | M49: =IF(U49<>"",$U$2,"") | N49: =IF(V49<>"",$V$2,"") | O49: =IF(W49<>"",$W$2,"") | P49: =IF(X49<>"",$X$2,"") | Q49: =CONCATENATE(J49,", ",K49,", ",L49,", ",M49,", ",N49,", ",O49,", ",P49) -> Unjuk Kerja (Presensi), Kuis / Tugas 1, , , , , | R49: 3 | S49: 7 | Y49: =SUM(R49:X49) -> 10
D50: =VLOOKUP(C50,'CPL-MK'!$E$2:$F$12,2) -> #N/A | E50: CPMK062 | F50: =VLOOKUP(E50,'CPL-CPMK-MK'!$D$1:$E$30,2) -> Memiliki kemampuan menganalisis yang mendalam tentang solusi komputasi cerdas dengan sistem dan infrastruktur yang ada termasuk pertimbangan keamanan sistem informasi untuk mendukung layanan publik dan ekonomi digital | G50: =CONCATENATE("SUBCPMK-",E50,"1") -> SUBCPMK-CPMK0621 | H50: =CONCATENATE(F50, " dalam ",LOWER($B$49)) -> Memiliki kemampuan menganalisis yang mendalam tentang solusi komputasi cerdas dengan sistem dan infrastruktur yang ada termasuk pertimbangan keamanan sistem informasi untuk mendukung layanan publik dan ekonomi digital dalam keamanan siber | I50: Perkuliahan/ Pertemuan, UTS, UAS | J50: =IF(R50<>"",$R$2,"") -> Unjuk Kerja (Presensi) | K50: =IF(S50<>"",$S$2,"") | L50: =IF(T50<>"",$T$2,"") -> Kuis / Tugas 2 | M50: =IF(U50<>"",$U$2,"") | N50: =IF(V50<>"",$V$2,"") | O50: =IF(W50<>"",$W$2,"") -> UTS | P50: =IF(X50<>"",$X$2,"") | Q50: =CONCATENATE(J50,", ",K50,", ",L50,", ",M50,", ",N50,", ",O50,", ",P50) -> Unjuk Kerja (Presensi), , Kuis / Tugas 2, , , UTS, | R50: 3 | T50: 7 | W50: 8 | Y50: =SUM(R50:X50) -> 18
D51: =VLOOKUP(C51,'CPL-MK'!$E$2:$F$12,2) -> #N/A | E51: CPMK063 | F51: =VLOOKUP(E51,'CPL-CPMK-MK'!$D$1:$E$30,2) -> Memiliki kemampuan mengevaluasi yang mendalam tentang solusi komputasi cerdas dengan sistem dan infrastruktur yang ada termasuk pertimbangan keamanan sistem informasi untuk mendukung layanan publik dan ekonomi digital | G51: =CONCATENATE("SUBCPMK-",E51,"1") -> SUBCPMK-CPMK0631 | H51: =CONCATENATE(F51, " dalam ",LOWER($B$49)) -> Memiliki kemampuan mengevaluasi yang mendalam tentang solusi komputasi cerdas dengan sistem dan infrastruktur yang ada termasuk pertimbangan keamanan sistem informasi untuk mendukung layanan publik dan ekonomi digital dalam keamanan siber | I51: Perkuliahan/ Pertemuan, UTS, UAS | J51: =IF(R51<>"",$R$2,"") -> Unjuk Kerja (Presensi) | K51: =IF(S51<>"",$S$2,"") | L51: =IF(T51<>"",$T$2,"") | M51: =IF(U51<>"",$U$2,"") -> Kuis / Tugas 3 | N51: =IF(V51<>"",$V$2,"") -> Kuis / Tugas 4 | O51: =IF(W51<>"",$W$2,"") | P51: =IF(X51<>"",$X$2,"") -> UAS | Q51: =CONCATENATE(J51,", ",K51,", ",L51,", ",M51,", ",N51,", ",O51,", ",P51) -> Unjuk Kerja (Presensi), , , Kuis / Tugas 3, Kuis / Tugas 4, , UAS | R51: 3 | U51: 7 | V51: 7 | X51: 8 | Y51: =SUM(R51:X51) -> 25
C52: CPL10 | D52: =VLOOKUP(C52,'CPL-MK'!$E$2:$F$12,2) -> Mampu menerapkan prinsip-prinsip matematika, computing, dan disiplin ilmu yang relevan untuk merumuskan solusi bagi persoalan computing yang kompleks | E52: CPMK101 | F52: =VLOOKUP(E52,'CPL-CPMK-MK'!$D$1:$E$30,2) -> Mampu menerapkan prinsip_x0002_prinsip matematika, computing, dan disiplin ilmu yang relevan untuk mendukung analisis data. | G52: =CONCATENATE("SUBCPMK-",E52,"1") -> SUBCPMK-CPMK1011 | H52: =CONCATENATE(F52, " dalam ",LOWER($B$49)) -> Mampu menerapkan prinsip_x0002_prinsip matematika, computing, dan disiplin ilmu yang relevan untuk mendukung analisis data. dalam keamanan siber | I52: Perkuliahan/ Pertemuan, UTS, UAS | J52: =IF(R52<>"",$R$2,"") -> Unjuk Kerja (Presensi) | K52: =IF(S52<>"",$S$2,"") -> Kuis / Tugas 1 | L52: =IF(T52<>"",$T$2,"") -> Kuis / Tugas 2 | M52: =IF(U52<>"",$U$2,"") | N52: =IF(V52<>"",$V$2,"") | O52: =IF(W52<>"",$W$2,"") -> UTS | P52: =IF(X52<>"",$X$2,"") | Q52: =CONCATENATE(J52,", ",K52,", ",L52,", ",M52,", ",N52,", ",O52,", ",P52) -> Unjuk Kerja (Presensi), Kuis / Tugas 1, Kuis / Tugas 2, , , UTS, | R52: 3 | S52: 7 | T52: 7 | W52: 10 | Y52: =SUM(R52:X52) -> 27
D53: =VLOOKUP(C53,'CPL-MK'!$E$2:$F$12,2) -> #N/A | E53: CPMK102 | F53: =VLOOKUP(E53,'CPL-CPMK-MK'!$D$1:$E$30,2) -> Mampu merumuskan solusi bagi bidang computing yang kompleks | G53: =CONCATENATE("SUBCPMK-",E53,"1") -> SUBCPMK-CPMK1021 | H53: =CONCATENATE(F53, " dalam ",LOWER($B$49)) -> Mampu merumuskan solusi bagi bidang computing yang kompleks dalam keamanan siber | I53: Perkuliahan/ Pertemuan, UTS, UAS | J53: =IF(R53<>"",$R$2,"") -> Unjuk Kerja (Presensi) | K53: =IF(S53<>"",$S$2,"") | L53: =IF(T53<>"",$T$2,"") | M53: =IF(U53<>"",$U$2,"") | N53: =IF(V53<>"",$V$2,"") -> Kuis / Tugas 4 | O53: =IF(W53<>"",$W$2,"") | P53: =IF(X53<>"",$X$2,"") -> UAS | Q53: =CONCATENATE(J53,", ",K53,", ",L53,", ",M53,", ",N53,", ",O53,", ",P53) -> Unjuk Kerja (Presensi), , , , Kuis / Tugas 4, , UAS | R53: 3 | V53: 7 | X53: 10 | Y53: =SUM(R53:X53) -> 20 | Z53: =SUM(Y49:Y53) -> 100
A54: P.24.01.85.2.11 | B54: SISTEM PENDUKUNG KEPUTUSAN CERDAS | C54: CPL05 | D54: =VLOOKUP(C54,'CPL-MK'!$E$2:$F$12,2) -> Memiliki kemampuan menganalisa, mengevaluasi, dan membuat keputusan berbasis kinerja solusi komputasi cerdas untuk mendukung layanan publik dan ekonomi digital | E54: CPMK051 | F54: =VLOOKUP(E54,'CPL-CPMK-MK'!$D$1:$E$30,2) -> Memiliki kemampuan menganalisa berbasis kinerja solusi komputasi cerdas untuk mendukung layanan publik dan ekonomi digital | G54: =CONCATENATE("SUBCPMK-",E54,"1") -> SUBCPMK-CPMK0511 | H54: =CONCATENATE(F54, " dalam ",LOWER($B$54)) -> Memiliki kemampuan menganalisa berbasis kinerja solusi komputasi cerdas untuk mendukung layanan publik dan ekonomi digital dalam sistem pendukung keputusan cerdas | I54: Perkuliahan/ Pertemuan, UTS, UAS | J54: =IF(R54<>"",$R$2,"") | K54: =IF(S54<>"",$S$2,"") | L54: =IF(T54<>"",$T$2,"") | M54: =IF(U54<>"",$U$2,"") | N54: =IF(V54<>"",$V$2,"") | O54: =IF(W54<>"",$W$2,"") | P54: =IF(X54<>"",$X$2,"") | Q54: =CONCATENATE(J54,", ",K54,", ",L54,", ",M54,", ",N54,", ",O54,", ",P54) -> , , , , , , | Y54: =SUM(R54:X54) -> 0
D55: =VLOOKUP(C55,'CPL-MK'!$E$2:$F$12,2) -> #N/A | E55: CPMK052 | F55: =VLOOKUP(E55,'CPL-CPMK-MK'!$D$1:$E$30,2) -> Memiliki kemampuan mengevaluasi berbasis kinerja solusi komputasi cerdas untuk mendukung layanan publik dan ekonomi digital | G55: =CONCATENATE("SUBCPMK-",E55,"1") -> SUBCPMK-CPMK0521 | H55: =CONCATENATE(F55, " dalam ",LOWER($B$54)) -> Memiliki kemampuan mengevaluasi berbasis kinerja solusi komputasi cerdas untuk mendukung layanan publik dan ekonomi digital dalam sistem pendukung keputusan cerdas | I55: Perkuliahan/ Pertemuan, UTS, UAS | J55: =IF(R55<>"",$R$2,"") | K55: =IF(S55<>"",$S$2,"") | L55: =IF(T55<>"",$T$2,"") | M55: =IF(U55<>"",$U$2,"") | N55: =IF(V55<>"",$V$2,"") | O55: =IF(W55<>"",$W$2,"") | P55: =IF(X55<>"",$X$2,"") | Q55: =CONCATENATE(J55,", ",K55,", ",L55,", ",M55,", ",N55,", ",O55,", ",P55) -> , , , , , , | Y55: =SUM(R55:X55) -> 0
D56: =VLOOKUP(C56,'CPL-MK'!$E$2:$F$12,2) -> #N/A | E56: CPMK053 | F56: =VLOOKUP(E56,'CPL-CPMK-MK'!$D$1:$E$30,2) -> Memiliki kemampuan membuat keputusan berbasis kinerja solusi komputasi cerdas untuk mendukung layanan publik dan ekonomi digital | G56: =CONCATENATE("SUBCPMK-",E56,"1") -> SUBCPMK-CPMK0531 | H56: =CONCATENATE(F56, " dalam ",LOWER($B$54)) -> Memiliki kemampuan membuat keputusan berbasis kinerja solusi komputasi cerdas untuk mendukung layanan publik dan ekonomi digital dalam sistem pendukung keputusan cerdas | I56: Perkuliahan/ Pertemuan, UTS, UAS | J56: =IF(R56<>"",$R$2,"") | K56: =IF(S56<>"",$S$2,"") | L56: =IF(T56<>"",$T$2,"") | M56: =IF(U56<>"",$U$2,"") | N56: =IF(V56<>"",$V$2,"") | O56: =IF(W56<>"",$W$2,"") | P56: =IF(X56<>"",$X$2,"") | Q56: =CONCATENATE(J56,", ",K56,", ",L56,", ",M56,", ",N56,", ",O56,", ",P56) -> , , , , , , | Y56: =SUM(R56:X56) -> 0
C57: CPL10 | D57: =VLOOKUP(C57,'CPL-MK'!$E$2:$F$12,2) -> Mampu menerapkan prinsip-prinsip matematika, computing, dan disiplin ilmu yang relevan untuk merumuskan solusi bagi persoalan computing yang kompleks | E57: CPMK101 | F57: =VLOOKUP(E57,'CPL-CPMK-MK'!$D$1:$E$30,2) -> Mampu menerapkan prinsip_x0002_prinsip matematika, computing, dan disiplin ilmu yang relevan untuk mendukung analisis data. | G57: =CONCATENATE("SUBCPMK-",E57,"1") -> SUBCPMK-CPMK1011 | H57: =CONCATENATE(F57, " dalam ",LOWER($B$54)) -> Mampu menerapkan prinsip_x0002_prinsip matematika, computing, dan disiplin ilmu yang relevan untuk mendukung analisis data. dalam sistem pendukung keputusan cerdas | I57: Perkuliahan/ Pertemuan, UTS, UAS | J57: =IF(R57<>"",$R$2,"") | K57: =IF(S57<>"",$S$2,"") | L57: =IF(T57<>"",$T$2,"") | M57: =IF(U57<>"",$U$2,"") | N57: =IF(V57<>"",$V$2,"") | O57: =IF(W57<>"",$W$2,"") | P57: =IF(X57<>"",$X$2,"") | Q57: =CONCATENATE(J57,", ",K57,", ",L57,", ",M57,", ",N57,", ",O57,", ",P57) -> , , , , , , | Y57: =SUM(R57:X57) -> 0
D58: =VLOOKUP(C58,'CPL-MK'!$E$2:$F$12,2) -> #N/A | E58: CPMK102 | F58: =VLOOKUP(E58,'CPL-CPMK-MK'!$D$1:$E$30,2) -> Mampu merumuskan solusi bagi bidang computing yang kompleks | G58: =CONCATENATE("SUBCPMK-",E58,"1") -> SUBCPMK-CPMK1021 | H58: =CONCATENATE(F58, " dalam ",LOWER($B$54)) -> Mampu merumuskan solusi bagi bidang computing yang kompleks dalam sistem pendukung keputusan cerdas | I58: Perkuliahan/ Pertemuan, UTS, UAS | J58: =IF(R58<>"",$R$2,"") | K58: =IF(S58<>"",$S$2,"") | L58: =IF(T58<>"",$T$2,"") | M58: =IF(U58<>"",$U$2,"") | N58: =IF(V58<>"",$V$2,"") | O58: =IF(W58<>"",$W$2,"") | P58: =IF(X58<>"",$X$2,"") | Q58: =CONCATENATE(J58,", ",K58,", ",L58,", ",M58,", ",N58,", ",O58,", ",P58) -> , , , , , , | Y58: =SUM(R58:X58) -> 0
A59: P.24.01.85.3.12 | B59: ARSITEKTUR ENTERPRISE UNTUK TEKNOLOGI INFORMASI | C59: CPL07 | D59: =VLOOKUP(C59,'CPL-MK'!$E$2:$F$12,2) -> Mampu menganalisis, mengembangkan, dan mengevaluasi kebutuhan sistem antarmuka pengguna yang efektif dan memahami kebutuhan serta preferensi pengguna dalam pengembangan teknologi informasi berbasis komputasi cerdas untuk mendukung layanan publik dan ekonomi digital. | E59: CPMK071 | F59: =VLOOKUP(E59,'CPL-CPMK-MK'!$D$1:$E$30,2) -> Mampu menganalisis kebutuhan pengguna dalam konteks sistem interaksi manusia dan komputer. dengan memanfaatkan berbagai metode secara tepat | G59: =CONCATENATE("SUBCPMK-",E59,"1") -> SUBCPMK-CPMK0711 | H59: =CONCATENATE(F59, " dalam ",LOWER($B$59)) -> Mampu menganalisis kebutuhan pengguna dalam konteks sistem interaksi manusia dan komputer. dengan memanfaatkan berbagai metode secara tepat dalam arsitektur enterprise untuk teknologi informasi | I59: Perkuliahan/ Pertemuan, UTS, UAS | J59: =IF(R59<>"",$R$2,"") -> Unjuk Kerja (Presensi) | K59: =IF(S59<>"",$S$2,"") -> Kuis / Tugas 1 | L59: =IF(T59<>"",$T$2,"") | M59: =IF(U59<>"",$U$2,"") | N59: =IF(V59<>"",$V$2,"") | O59: =IF(W59<>"",$W$2,"") | P59: =IF(X59<>"",$X$2,"") | Q59: =CONCATENATE(J59,", ",K59,", ",L59,", ",M59,", ",N59,", ",O59,", ",P59) -> Unjuk Kerja (Presensi), Kuis / Tugas 1, , , , , | R59: 2 | S59: 8 | Y59: =SUM(R59:X59) -> 10
D60: =VLOOKUP(C60,'CPL-MK'!$E$2:$F$12,2) -> #N/A | E60: CPMK072 | F60: =VLOOKUP(E60,'CPL-CPMK-MK'!$D$1:$E$30,2) -> Mampu mengembangkan berbagai pendekatan dalam rangka pengumpulan data penelitian | G60: =CONCATENATE("SUBCPMK-",E60,"1") -> SUBCPMK-CPMK0721 | H60: =CONCATENATE(F60, " dalam ",LOWER($B$59)) -> Mampu mengembangkan berbagai pendekatan dalam rangka pengumpulan data penelitian dalam arsitektur enterprise untuk teknologi informasi | I60: Perkuliahan/ Pertemuan, UTS, UAS | J60: =IF(R60<>"",$R$2,"") -> Unjuk Kerja (Presensi) | K60: =IF(S60<>"",$S$2,"") | L60: =IF(T60<>"",$T$2,"") -> Kuis / Tugas 2 | M60: =IF(U60<>"",$U$2,"") | N60: =IF(V60<>"",$V$2,"") | O60: =IF(W60<>"",$W$2,"") | P60: =IF(X60<>"",$X$2,"") | Q60: =CONCATENATE(J60,", ",K60,", ",L60,", ",M60,", ",N60,", ",O60,", ",P60) -> Unjuk Kerja (Presensi), , Kuis / Tugas 2, , , , | R60: 2 | T60: 8 | Y60: =SUM(R60:X60) -> 10
D61: =VLOOKUP(C61,'CPL-MK'!$E$2:$F$12,2) -> #N/A | E61: CPMK073 | F61: =VLOOKUP(E61,'CPL-CPMK-MK'!$D$1:$E$30,2) -> Mampu mengevaluasi antarmuka pengguna dengan tepat dan benar | G61: =CONCATENATE("SUBCPMK-",E61,"1") -> SUBCPMK-CPMK0731 | H61: =CONCATENATE(F61, " dalam ",LOWER($B$59)) -> Mampu mengevaluasi antarmuka pengguna dengan tepat dan benar dalam arsitektur enterprise untuk teknologi informasi | I61: Perkuliahan/ Pertemuan, UTS, UAS | J61: =IF(R61<>"",$R$2,"") -> Unjuk Kerja (Presensi) | K61: =IF(S61<>"",$S$2,"") | L61: =IF(T61<>"",$T$2,"") | M61: =IF(U61<>"",$U$2,"") -> Kuis / Tugas 3 | N61: =IF(V61<>"",$V$2,"") | O61: =IF(W61<>"",$W$2,"") | P61: =IF(X61<>"",$X$2,"") | Q61: =CONCATENATE(J61,", ",K61,", ",L61,", ",M61,", ",N61,", ",O61,", ",P61) -> Unjuk Kerja (Presensi), , , Kuis / Tugas 3, , , | R61: 2 | U61: 8 | Y61: =SUM(R61:X61) -> 10
C62: CPL11 | D62: =VLOOKUP(C62,'CPL-MK'!$E$2:$F$12,2) -> Mampu memodelkan sistem yang kompleks dan membangun solusi berbasis computing yang efektif dan efisien | E62: CPMK111 | F62: =VLOOKUP(E62,'CPL-CPMK-MK'!$D$1:$E$30,2) -> Mampu merancang sistem yang kompleks dalam bidang computing. | G62: =CONCATENATE("SUBCPMK-",E62,"1") -> SUBCPMK-CPMK1111 | H62: =CONCATENATE(F62, " dalam ",LOWER($B$59)) -> Mampu merancang sistem yang kompleks dalam bidang computing. dalam arsitektur enterprise untuk teknologi informasi | I62: Perkuliahan/ Pertemuan, UTS, UAS | J62: =IF(R62<>"",$R$2,"") -> Unjuk Kerja (Presensi) | K62: =IF(S62<>"",$S$2,"") -> Kuis / Tugas 1 | L62: =IF(T62<>"",$T$2,"") -> Kuis / Tugas 2 | M62: =IF(U62<>"",$U$2,"") -> Kuis / Tugas 3 | N62: =IF(V62<>"",$V$2,"") | O62: =IF(W62<>"",$W$2,"") -> UTS | P62: =IF(X62<>"",$X$2,"") -> UAS | Q62: =CONCATENATE(J62,", ",K62,", ",L62,", ",M62,", ",N62,", ",O62,", ",P62) -> Unjuk Kerja (Presensi), Kuis / Tugas 1, Kuis / Tugas 2, Kuis / Tugas 3, , UTS, UAS | R62: 2 | S62: 5 | T62: 5 | U62: 5 | W62: 10 | X62: 10 | Y62: =SUM(R62:X62) -> 37
D63: =VLOOKUP(C63,'CPL-MK'!$E$2:$F$12,2) -> #N/A | E63: CPMK112 | F63: =VLOOKUP(E63,'CPL-CPMK-MK'!$D$1:$E$30,2) -> Mampu membangun solusi berbasis computing yang efektif dan efisien | G63: =CONCATENATE("SUBCPMK-",E63,"1") -> SUBCPMK-CPMK1121 | H63: =CONCATENATE(F63, " dalam ",LOWER($B$59)) -> Mampu membangun solusi berbasis computing yang efektif dan efisien dalam arsitektur enterprise untuk teknologi informasi | I63: Perkuliahan/ Pertemuan, UTS, UAS | J63: =IF(R63<>"",$R$2,"") -> Unjuk Kerja (Presensi) | K63: =IF(S63<>"",$S$2,"") | L63: =IF(T63<>"",$T$2,"") | M63: =IF(U63<>"",$U$2,"") -> Kuis / Tugas 3 | N63: =IF(V63<>"",$V$2,"") -> Kuis / Tugas 4 | O63: =IF(W63<>"",$W$2,"") -> UTS | P63: =IF(X63<>"",$X$2,"") -> UAS | Q63: =CONCATENATE(J63,", ",K63,", ",L63,", ",M63,", ",N63,", ",O63,", ",P63) -> Unjuk Kerja (Presensi), , , Kuis / Tugas 3, Kuis / Tugas 4, UTS, UAS | R63: 2 | U63: 5 | V63: 6 | W63: 10 | X63: 10 | Y63: =SUM(R63:X63) -> 33 | Z63: =SUM(Y59:Y63) -> 100
A64: P.24.01.85.3.13 | B64: TESIS | C64: CPL01 | D64: =VLOOKUP(C64,'CPL-MK'!$E$2:$F$12,2) -> Mampu bekerja secara mandiri ataupun dalam tim, serta menunjukkan sikap profesional dan etis dalam menjalankan tugas dan tanggung jawab untuk menyelesaikan proyek-proyek terkait teknologi informasi cerdas dalam pengembangan layanan publik dan ekonomi digital | E64: CPMK011 | F64: Mampu bekerja secara mandiri ataupun dalam tim dalam menjalankan tugas dan tanggung jawab untuk menyelesaikan proyek-proyek terkait teknologi informasi cerdas dalam pengembangan layanan publik dan ekonomi digital | G64: =CONCATENATE("SUBCPMK-",E64,"1") -> SUBCPMK-CPMK0111 | H64: =CONCATENATE(F64, " dalam ",LOWER($B$64)) -> Mampu bekerja secara mandiri ataupun dalam tim dalam menjalankan tugas dan tanggung jawab untuk menyelesaikan proyek-proyek terkait teknologi informasi cerdas dalam pengembangan layanan publik dan ekonomi digital dalam tesis | I64: Perkuliahan/ Pertemuan, UTS, UAS | J64: =IF(R64<>"",$R$2,"") -> Unjuk Kerja (Presensi) | K64: =IF(S64<>"",$S$2,"") -> Kuis / Tugas 1 | L64: =IF(T64<>"",$T$2,"") -> Kuis / Tugas 2 | M64: =IF(U64<>"",$U$2,"") | N64: =IF(V64<>"",$V$2,"") | O64: =IF(W64<>"",$W$2,"") | P64: =IF(X64<>"",$X$2,"") -> UAS | Q64: =CONCATENATE(J64,", ",K64,", ",L64,", ",M64,", ",N64,", ",O64,", ",P64) -> Unjuk Kerja (Presensi), Kuis / Tugas 1, Kuis / Tugas 2, , , , UAS | R64: 2 | S64: 2 | T64: 2 | X64: 4 | Y64: =SUM(R64:X64) -> 10
D65: =VLOOKUP(C65,'CPL-MK'!$E$2:$F$12,2) -> #N/A | E65: CPMK012 | F65: =VLOOKUP(E65,'CPL-CPMK-MK'!$D$1:$E$30,2) -> Profesional dan Etis dalam menjalankan tugas dan tanggung jawab dalam menjalankan tugas dan tanggung jawab untuk menyelesaikan proyek-proyek terkait teknologi informasi cerdas dalam pengembangan layanan publik dan ekonomi digital | G65: =CONCATENATE("SUBCPMK-",E65,"1") -> SUBCPMK-CPMK0121 | H65: =CONCATENATE(F65, " dalam ",LOWER($B$64)) -> Profesional dan Etis dalam menjalankan tugas dan tanggung jawab dalam menjalankan tugas dan tanggung jawab untuk menyelesaikan proyek-proyek terkait teknologi informasi cerdas dalam pengembangan layanan publik dan ekonomi digital dalam tesis | I65: Perkuliahan/ Pertemuan, UTS, UAS | J65: =IF(R65<>"",$R$2,"") | K65: =IF(S65<>"",$S$2,"") -> Kuis / Tugas 1 | L65: =IF(T65<>"",$T$2,"") -> Kuis / Tugas 2 | M65: =IF(U65<>"",$U$2,"") -> Kuis / Tugas 3 | N65: =IF(V65<>"",$V$2,"") -> Kuis / Tugas 4 | O65: =IF(W65<>"",$W$2,"") | P65: =IF(X65<>"",$X$2,"") -> UAS | Q65: =CONCATENATE(J65,", ",K65,", ",L65,", ",M65,", ",N65,", ",O65,", ",P65) -> , Kuis / Tugas 1, Kuis / Tugas 2, Kuis / Tugas 3, Kuis / Tugas 4, , UAS | S65: 2 | T65: 2 | U65: 2 | V65: 2 | X65: 2 | Y65: =SUM(R65:X65) -> 10
C66: CPL02 | D66: =VLOOKUP(C66,'CPL-MK'!$E$2:$F$12,2) -> Mampu mengembangkan kemampuan berkomunikasi lisan secara efektif, berpikir kritis, kreatif, dan profesional serta dapat menghasilkan karya ilmiah yang orisinal dalam menyelesaikan permasalahan terkait teknologi informasi cerdas melalui pemanfaatan penelitian teknologi informasi dengan berbagai pihak terkait. | E66: CPMK021 | F66: =VLOOKUP(E66,'CPL-CPMK-MK'!$D$1:$E$30,2) -> Mampu mengembangkan kemampuan berkomunikasi lisan secara efektif, berpikir kritis, kreatif dan profesional dalam menyelesaikan permasalahan terkait teknologi informasi cerdas melalui pemanfaatan penelitian teknologi informasi dengan berbagai pihak terkait | G66: =CONCATENATE("SUBCPMK-",E66,"1") -> SUBCPMK-CPMK0211 | H66: =CONCATENATE(F66, " dalam ",LOWER($B$64)) -> Mampu mengembangkan kemampuan berkomunikasi lisan secara efektif, berpikir kritis, kreatif dan profesional dalam menyelesaikan permasalahan terkait teknologi informasi cerdas melalui pemanfaatan penelitian teknologi informasi dengan berbagai pihak terkait dalam tesis | I66: Perkuliahan/ Pertemuan, UTS, UAS | J66: =IF(R66<>"",$R$2,"") -> Unjuk Kerja (Presensi) | K66: =IF(S66<>"",$S$2,"") -> Kuis / Tugas 1 | L66: =IF(T66<>"",$T$2,"") | M66: =IF(U66<>"",$U$2,"") -> Kuis / Tugas 3 | N66: =IF(V66<>"",$V$2,"") | O66: =IF(W66<>"",$W$2,"") -> UTS | P66: =IF(X66<>"",$X$2,"") -> UAS | Q66: =CONCATENATE(J66,", ",K66,", ",L66,", ",M66,", ",N66,", ",O66,", ",P66) -> Unjuk Kerja (Presensi), Kuis / Tugas 1, , Kuis / Tugas 3, , UTS, UAS | R66: 2 | S66: 2 | U66: 2 | W66: 2 | X66: 2 | Y66: =SUM(R66:X66) -> 10
D67: =VLOOKUP(C67,'CPL-MK'!$E$2:$F$12,2) -> #N/A | E67: CPMK022 | F67: =VLOOKUP(E67,'CPL-CPMK-MK'!$D$1:$E$30,2) -> Mampu menghasilkan karya ilmiah yang orisinal dalam menyelesaikan permasalahan terkait teknologi informasi cerdas melalui pemanfaatan penelitian teknologi informasi dengan berbagai pihak terkait | G67: =CONCATENATE("SUBCPMK-",E67,"1") -> SUBCPMK-CPMK0221 | H67: =CONCATENATE(F67, " dalam ",LOWER($B$64)) -> Mampu menghasilkan karya ilmiah yang orisinal dalam menyelesaikan permasalahan terkait teknologi informasi cerdas melalui pemanfaatan penelitian teknologi informasi dengan berbagai pihak terkait dalam tesis | I67: Perkuliahan/ Pertemuan, UTS, UAS | J67: =IF(R67<>"",$R$2,"") | K67: =IF(S67<>"",$S$2,"") -> Kuis / Tugas 1 | L67: =IF(T67<>"",$T$2,"") -> Kuis / Tugas 2 | M67: =IF(U67<>"",$U$2,"") -> Kuis / Tugas 3 | N67: =IF(V67<>"",$V$2,"") -> Kuis / Tugas 4 | O67: =IF(W67<>"",$W$2,"") | P67: =IF(X67<>"",$X$2,"") -> UAS | Q67: =CONCATENATE(J67,", ",K67,", ",L67,", ",M67,", ",N67,", ",O67,", ",P67) -> , Kuis / Tugas 1, Kuis / Tugas 2, Kuis / Tugas 3, Kuis / Tugas 4, , UAS | S67: 3 | T67: 4 | U67: 4 | V67: 4 | X67: 5 | Y67: =SUM(R67:X67) -> 20
C68: CPL09 | D68: =VLOOKUP(C68,'CPL-MK'!$E$2:$F$12,2) -> Mampu mengidentifikasi, menganalisis, meneliti literatur, mengevaluasi, dan memformulasi solusi-solusi algoritmik untuk masalah computing yang kompleks | E68: CPMK091 | F68: =VLOOKUP(E68,'CPL-CPMK-MK'!$D$1:$E$30,2) -> Mampu mengidentifikasi solusi_x0002_solusi algoritmik untuk masalah computing yang kompleks. | G68: =CONCATENATE("SUBCPMK-",E68,"1") -> SUBCPMK-CPMK0911 | H68: =CONCATENATE(F68, " dalam ",LOWER($B$64)) -> Mampu mengidentifikasi solusi_x0002_solusi algoritmik untuk masalah computing yang kompleks. dalam tesis | I68: Perkuliahan/ Pertemuan, UTS, UAS | J68: =IF(R68<>"",$R$2,"") | K68: =IF(S68<>"",$S$2,"") -> Kuis / Tugas 1 | L68: =IF(T68<>"",$T$2,"") | M68: =IF(U68<>"",$U$2,"") -> Kuis / Tugas 3 | N68: =IF(V68<>"",$V$2,"") | O68: =IF(W68<>"",$W$2,"") | P68: =IF(X68<>"",$X$2,"") | Q68: =CONCATENATE(J68,", ",K68,", ",L68,", ",M68,", ",N68,", ",O68,", ",P68) -> , Kuis / Tugas 1, , Kuis / Tugas 3, , , | S68: 2 | U68: 3 | Y68: =SUM(R68:X68) -> 5
D69: =VLOOKUP(C69,'CPL-MK'!$E$2:$F$12,2) -> #N/A | E69: CPMK092 | F69: =VLOOKUP(E69,'CPL-CPMK-MK'!$D$1:$E$30,2) -> Mampu meneliti literatur dalam menganalisis solusi-solusi algoritmik untuk masalah yang kompleks. | G69: =CONCATENATE("SUBCPMK-",E69,"1") -> SUBCPMK-CPMK0921 | H69: =CONCATENATE(F69, " dalam ",LOWER($B$64)) -> Mampu meneliti literatur dalam menganalisis solusi-solusi algoritmik untuk masalah yang kompleks. dalam tesis | I69: Perkuliahan/ Pertemuan, UTS, UAS | J69: =IF(R69<>"",$R$2,"") | K69: =IF(S69<>"",$S$2,"") -> Kuis / Tugas 1 | L69: =IF(T69<>"",$T$2,"") -> Kuis / Tugas 2 | M69: =IF(U69<>"",$U$2,"") | N69: =IF(V69<>"",$V$2,"") | O69: =IF(W69<>"",$W$2,"") | P69: =IF(X69<>"",$X$2,"") | Q69: =CONCATENATE(J69,", ",K69,", ",L69,", ",M69,", ",N69,", ",O69,", ",P69) -> , Kuis / Tugas 1, Kuis / Tugas 2, , , , | S69: 2 | T69: 3 | Y69: =SUM(R69:X69) -> 5
D70: =VLOOKUP(C70,'CPL-MK'!$E$2:$F$12,2) -> #N/A | E70: CPMK093 | F70: =VLOOKUP(E70,'CPL-CPMK-MK'!$D$1:$E$30,2) -> Mampu mengevaluasi dan memformulasi solusi-solusi algoritmik untuk masalah yang kompleks. | G70: =CONCATENATE("SUBCPMK-",E70,"1") -> SUBCPMK-CPMK0931 | H70: =CONCATENATE(F70, " dalam ",LOWER($B$64)) -> Mampu mengevaluasi dan memformulasi solusi-solusi algoritmik untuk masalah yang kompleks. dalam tesis | I70: Perkuliahan/ Pertemuan, UTS, UAS | J70: =IF(R70<>"",$R$2,"") | K70: =IF(S70<>"",$S$2,"") | L70: =IF(T70<>"",$T$2,"") -> Kuis / Tugas 2 | M70: =IF(U70<>"",$U$2,"") -> Kuis / Tugas 3 | N70: =IF(V70<>"",$V$2,"") | O70: =IF(W70<>"",$W$2,"") | P70: =IF(X70<>"",$X$2,"") -> UAS | Q70: =CONCATENATE(J70,", ",K70,", ",L70,", ",M70,", ",N70,", ",O70,", ",P70) -> , , Kuis / Tugas 2, Kuis / Tugas 3, , , UAS | T70: 4 | U70: 4 | X70: 7 | Y70: =SUM(R70:X70) -> 15
C71: CPL11 | D71: =VLOOKUP(C71,'CPL-MK'!$E$2:$F$12,2) -> Mampu memodelkan sistem yang kompleks dan membangun solusi berbasis computing yang efektif dan efisien | E71: CPMK111 | F71: =VLOOKUP(E71,'CPL-CPMK-MK'!$D$1:$E$30,2) -> Mampu merancang sistem yang kompleks dalam bidang computing. | G71: =CONCATENATE("SUBCPMK-",E71,"1") -> SUBCPMK-CPMK1111 | H71: =CONCATENATE(F71, " dalam ",LOWER($B$64)) -> Mampu merancang sistem yang kompleks dalam bidang computing. dalam tesis | I71: Perkuliahan/ Pertemuan, UTS, UAS | J71: =IF(R71<>"",$R$2,"") | K71: =IF(S71<>"",$S$2,"") | L71: =IF(T71<>"",$T$2,"") -> Kuis / Tugas 2 | M71: =IF(U71<>"",$U$2,"") -> Kuis / Tugas 3 | N71: =IF(V71<>"",$V$2,"") | O71: =IF(W71<>"",$W$2,"") -> UTS | P71: =IF(X71<>"",$X$2,"") -> UAS | Q71: =CONCATENATE(J71,", ",K71,", ",L71,", ",M71,", ",N71,", ",O71,", ",P71) -> , , Kuis / Tugas 2, Kuis / Tugas 3, , UTS, UAS | T71: 3 | U71: 3 | W71: 2 | X71: 2 | Y71: =SUM(R71:X71) -> 10
D72: =VLOOKUP(C72,'CPL-MK'!$E$2:$F$12,2) -> #N/A | E72: CPMK112 | F72: =VLOOKUP(E72,'CPL-CPMK-MK'!$D$1:$E$30,2) -> Mampu membangun solusi berbasis computing yang efektif dan efisien | G72: =CONCATENATE("SUBCPMK-",E72,"1") -> SUBCPMK-CPMK1121 | H72: =CONCATENATE(F72, " dalam ",LOWER($B$64)) -> Mampu membangun solusi berbasis computing yang efektif dan efisien dalam tesis | I72: Perkuliahan/ Pertemuan, UTS, UAS | J72: =IF(R72<>"",$R$2,"") | K72: =IF(S72<>"",$S$2,"") | L72: =IF(T72<>"",$T$2,"") | M72: =IF(U72<>"",$U$2,"") -> Kuis / Tugas 3 | N72: =IF(V72<>"",$V$2,"") -> Kuis / Tugas 4 | O72: =IF(W72<>"",$W$2,"") | P72: =IF(X72<>"",$X$2,"") -> UAS | Q72: =CONCATENATE(J72,", ",K72,", ",L72,", ",M72,", ",N72,", ",O72,", ",P72) -> , , , Kuis / Tugas 3, Kuis / Tugas 4, , UAS | U72: 4 | V72: 4 | X72: 7 | Y72: =SUM(R72:X72) -> 15 | Z72: =SUM(Y64:Y72) -> 100
A73: P.24.01.85.3.14 | B73: TEKNOLOGI KEUANGAN ( FINTECH ) DAN RESIKO | C73: CPL05 | D73: =VLOOKUP(C73,'CPL-MK'!$E$2:$F$12,2) -> Memiliki kemampuan menganalisa, mengevaluasi, dan membuat keputusan berbasis kinerja solusi komputasi cerdas untuk mendukung layanan publik dan ekonomi digital | E73: CPMK051 | F73: =VLOOKUP(E73,'CPL-CPMK-MK'!$D$1:$E$30,2) -> Memiliki kemampuan menganalisa berbasis kinerja solusi komputasi cerdas untuk mendukung layanan publik dan ekonomi digital | G73: =CONCATENATE("SUBCPMK-",E73,"1") -> SUBCPMK-CPMK0511 | H73: =CONCATENATE(F73, " dalam ",LOWER($B$73)) -> Memiliki kemampuan menganalisa berbasis kinerja solusi komputasi cerdas untuk mendukung layanan publik dan ekonomi digital dalam teknologi keuangan ( fintech ) dan resiko | I73: Perkuliahan/ Pertemuan, UTS, UAS | J73: =IF(R73<>"",$R$2,"") -> Unjuk Kerja (Presensi) | K73: =IF(S73<>"",$S$2,"") -> Kuis / Tugas 1 | L73: =IF(T73<>"",$T$2,"") -> Kuis / Tugas 2 | M73: =IF(U73<>"",$U$2,"") | N73: =IF(V73<>"",$V$2,"") | O73: =IF(W73<>"",$W$2,"") -> UTS | P73: =IF(X73<>"",$X$2,"") | Q73: =CONCATENATE(J73,", ",K73,", ",L73,", ",M73,", ",N73,", ",O73,", ",P73) -> Unjuk Kerja (Presensi), Kuis / Tugas 1, Kuis / Tugas 2, , , UTS, | R73: 2 | S73: 5 | T73: 5 | W73: 10 | Y73: =SUM(R73:X73) -> 22
D74: =VLOOKUP(C74,'CPL-MK'!$E$2:$F$12,2) -> #N/A | E74: CPMK052 | F74: =VLOOKUP(E74,'CPL-CPMK-MK'!$D$1:$E$30,2) -> Memiliki kemampuan mengevaluasi berbasis kinerja solusi komputasi cerdas untuk mendukung layanan publik dan ekonomi digital | G74: =CONCATENATE("SUBCPMK-",E74,"1") -> SUBCPMK-CPMK0521 | H74: =CONCATENATE(F74, " dalam ",LOWER($B$73)) -> Memiliki kemampuan mengevaluasi berbasis kinerja solusi komputasi cerdas untuk mendukung layanan publik dan ekonomi digital dalam teknologi keuangan ( fintech ) dan resiko | I74: Perkuliahan/ Pertemuan, UTS, UAS | J74: =IF(R74<>"",$R$2,"") -> Unjuk Kerja (Presensi) | K74: =IF(S74<>"",$S$2,"") | L74: =IF(T74<>"",$T$2,"") -> Kuis / Tugas 2 | M74: =IF(U74<>"",$U$2,"") -> Kuis / Tugas 3 | N74: =IF(V74<>"",$V$2,"") -> Kuis / Tugas 4 | O74: =IF(W74<>"",$W$2,"") | P74: =IF(X74<>"",$X$2,"") -> UAS | Q74: =CONCATENATE(J74,", ",K74,", ",L74,", ",M74,", ",N74,", ",O74,", ",P74) -> Unjuk Kerja (Presensi), , Kuis / Tugas 2, Kuis / Tugas 3, Kuis / Tugas 4, , UAS | R74: 2 | T74: 5 | U74: 5 | V74: 6 | X74: 10 | Y74: =SUM(R74:X74) -> 28
D75: =VLOOKUP(C75,'CPL-MK'!$E$2:$F$12,2) -> #N/A | E75: CPMK053 | F75: =VLOOKUP(E75,'CPL-CPMK-MK'!$D$1:$E$30,2) -> Memiliki kemampuan membuat keputusan berbasis kinerja solusi komputasi cerdas untuk mendukung layanan publik dan ekonomi digital | G75: =CONCATENATE("SUBCPMK-",E75,"1") -> SUBCPMK-CPMK0531 | H75: =CONCATENATE(F75, " dalam ",LOWER($B$73)) -> Memiliki kemampuan membuat keputusan berbasis kinerja solusi komputasi cerdas untuk mendukung layanan publik dan ekonomi digital dalam teknologi keuangan ( fintech ) dan resiko | I75: Perkuliahan/ Pertemuan, UTS, UAS | J75: =IF(R75<>"",$R$2,"") -> Unjuk Kerja (Presensi) | K75: =IF(S75<>"",$S$2,"") | L75: =IF(T75<>"",$T$2,"") | M75: =IF(U75<>"",$U$2,"") | N75: =IF(V75<>"",$V$2,"") -> Kuis / Tugas 4 | O75: =IF(W75<>"",$W$2,"") | P75: =IF(X75<>"",$X$2,"") -> UAS | Q75: =CONCATENATE(J75,", ",K75,", ",L75,", ",M75,", ",N75,", ",O75,", ",P75) -> Unjuk Kerja (Presensi), , , , Kuis / Tugas 4, , UAS | R75: 2 | V75: 6 | X75: 10 | Y75: =SUM(R75:X75) -> 18
C76: CPL09 | D76: =VLOOKUP(C76,'CPL-MK'!$E$2:$F$12,2) -> Mampu mengidentifikasi, menganalisis, meneliti literatur, mengevaluasi, dan memformulasi solusi-solusi algoritmik untuk masalah computing yang kompleks | E76: CPMK091 | F76: =VLOOKUP(E76,'CPL-CPMK-MK'!$D$1:$E$30,2) -> Mampu mengidentifikasi solusi_x0002_solusi algoritmik untuk masalah computing yang kompleks. | G76: =CONCATENATE("SUBCPMK-",E76,"1") -> SUBCPMK-CPMK0911 | H76: =CONCATENATE(F76, " dalam ",LOWER($B$73)) -> Mampu mengidentifikasi solusi_x0002_solusi algoritmik untuk masalah computing yang kompleks. dalam teknologi keuangan ( fintech ) dan resiko | I76: Perkuliahan/ Pertemuan, UTS, UAS | J76: =IF(R76<>"",$R$2,"") -> Unjuk Kerja (Presensi) | K76: =IF(S76<>"",$S$2,"") -> Kuis / Tugas 1 | L76: =IF(T76<>"",$T$2,"") | M76: =IF(U76<>"",$U$2,"") | N76: =IF(V76<>"",$V$2,"") | O76: =IF(W76<>"",$W$2,"") | P76: =IF(X76<>"",$X$2,"") | Q76: =CONCATENATE(J76,", ",K76,", ",L76,", ",M76,", ",N76,", ",O76,", ",P76) -> Unjuk Kerja (Presensi), Kuis / Tugas 1, , , , , | R76: 2 | S76: 5 | Y76: =SUM(R76:X76) -> 7
D77: =VLOOKUP(C77,'CPL-MK'!$E$2:$F$12,2) -> #N/A | E77: CPMK092 | F77: =VLOOKUP(E77,'CPL-CPMK-MK'!$D$1:$E$30,2) -> Mampu meneliti literatur dalam menganalisis solusi-solusi algoritmik untuk masalah yang kompleks. | G77: =CONCATENATE("SUBCPMK-",E77,"1") -> SUBCPMK-CPMK0921 | H77: =CONCATENATE(F77, " dalam ",LOWER($B$73)) -> Mampu meneliti literatur dalam menganalisis solusi-solusi algoritmik untuk masalah yang kompleks. dalam teknologi keuangan ( fintech ) dan resiko | I77: Perkuliahan/ Pertemuan, UTS, UAS | J77: =IF(R77<>"",$R$2,"") -> Unjuk Kerja (Presensi) | K77: =IF(S77<>"",$S$2,"") | L77: =IF(T77<>"",$T$2,"") -> Kuis / Tugas 2 | M77: =IF(U77<>"",$U$2,"") -> Kuis / Tugas 3 | N77: =IF(V77<>"",$V$2,"") | O77: =IF(W77<>"",$W$2,"") | P77: =IF(X77<>"",$X$2,"") | Q77: =CONCATENATE(J77,", ",K77,", ",L77,", ",M77,", ",N77,", ",O77,", ",P77) -> Unjuk Kerja (Presensi), , Kuis / Tugas 2, Kuis / Tugas 3, , , | R77: 2 | T77: 5 | U77: 5 | Y77: =SUM(R77:X77) -> 12
D78: =VLOOKUP(C78,'CPL-MK'!$E$2:$F$12,2) -> #N/A | E78: CPMK093 | F78: =VLOOKUP(E78,'CPL-CPMK-MK'!$D$1:$E$30,2) -> Mampu mengevaluasi dan memformulasi solusi-solusi algoritmik untuk masalah yang kompleks. | G78: =CONCATENATE("SUBCPMK-",E78,"1") -> SUBCPMK-CPMK0931 | H78: =CONCATENATE(F78, " dalam ",LOWER($B$73)) -> Mampu mengevaluasi dan memformulasi solusi-solusi algoritmik untuk masalah yang kompleks. dalam teknologi keuangan ( fintech ) dan resiko | I78: Perkuliahan/ Pertemuan, UTS, UAS | J78: =IF(R78<>"",$R$2,"") -> Unjuk Kerja (Presensi) | K78: =IF(S78<>"",$S$2,"") | L78: =IF(T78<>"",$T$2,"") | M78: =IF(U78<>"",$U$2,"") -> Kuis / Tugas 3 | N78: =IF(V78<>"",$V$2,"") -> Kuis / Tugas 4 | O78: =IF(W78<>"",$W$2,"") | P78: =IF(X78<>"",$X$2,"") | Q78: =CONCATENATE(J78,", ",K78,", ",L78,", ",M78,", ",N78,", ",O78,", ",P78) -> Unjuk Kerja (Presensi), , , Kuis / Tugas 3, Kuis / Tugas 4, , | R78: 2 | U78: 5 | V78: 6 | Y78: =SUM(R78:X78) -> 13 | Z78: =SUM(Y73:Y78) -> 100
A79: P.24.01.85.3.15 | B79: KECERDASAN BISNIS | C79: CPL03 | D79: =VLOOKUP(C79,'CPL-MK'!$E$2:$F$12,2) -> Memiliki kemampuan menganalisis, mengevaluasi, dan membuat keputusan berdasarkan pengetahuan di bidang teknologi informasi cerdas dalam konteks dukungan terhadap pengembangan layanan publik dan ekonomi digital | E79: CPMK031 | F79: =VLOOKUP(E79,'CPL-CPMK-MK'!$D$1:$E$30,2) -> Memiliki kemampuan menganalisis berdasarkan pengetahuan di bidang teknologi informasi cerdas dalam konteks dukungan terhadap pengembangan layanan publik dan ekonomi digital | G79: =CONCATENATE("SUBCPMK-",E79,"1") -> SUBCPMK-CPMK0311 | H79: =CONCATENATE(F79, " dalam ",LOWER($B$79)) -> Memiliki kemampuan menganalisis berdasarkan pengetahuan di bidang teknologi informasi cerdas dalam konteks dukungan terhadap pengembangan layanan publik dan ekonomi digital dalam kecerdasan bisnis | I79: Perkuliahan/ Pertemuan, UTS, UAS | J79: =IF(R79<>"",$R$2,"") -> Unjuk Kerja (Presensi) | K79: =IF(S79<>"",$S$2,"") -> Kuis / Tugas 1 | L79: =IF(T79<>"",$T$2,"") | M79: =IF(U79<>"",$U$2,"") | N79: =IF(V79<>"",$V$2,"") | O79: =IF(W79<>"",$W$2,"") | P79: =IF(X79<>"",$X$2,"") | Q79: =CONCATENATE(J79,", ",K79,", ",L79,", ",M79,", ",N79,", ",O79,", ",P79) -> Unjuk Kerja (Presensi), Kuis / Tugas 1, , , , , | R79: 5 | S79: 10 | Y79: =SUM(R79:X79) -> 15
D80: =VLOOKUP(C80,'CPL-MK'!$E$2:$F$12,2) -> #N/A | E80: CPMK032 | F80: =VLOOKUP(E80,'CPL-CPMK-MK'!$D$1:$E$30,2) -> Memiliki kemampuan mengevaluasi berdasarkan pengetahuan di bidang teknologi informasi cerdas dalam konteks dukungan terhadap pengembangan layanan publik dan ekonomi digital | G80: =CONCATENATE("SUBCPMK-",E80,"1") -> SUBCPMK-CPMK0321 | H80: =CONCATENATE(F80, " dalam ",LOWER($B$79)) -> Memiliki kemampuan mengevaluasi berdasarkan pengetahuan di bidang teknologi informasi cerdas dalam konteks dukungan terhadap pengembangan layanan publik dan ekonomi digital dalam kecerdasan bisnis | I80: Perkuliahan/ Pertemuan, UTS, UAS | J80: =IF(R80<>"",$R$2,"") -> Unjuk Kerja (Presensi) | K80: =IF(S80<>"",$S$2,"") -> Kuis / Tugas 1 | L80: =IF(T80<>"",$T$2,"") -> Kuis / Tugas 2 | M80: =IF(U80<>"",$U$2,"") | N80: =IF(V80<>"",$V$2,"") | O80: =IF(W80<>"",$W$2,"") | P80: =IF(X80<>"",$X$2,"") | Q80: =CONCATENATE(J80,", ",K80,", ",L80,", ",M80,", ",N80,", ",O80,", ",P80) -> Unjuk Kerja (Presensi), Kuis / Tugas 1, Kuis / Tugas 2, , , , | R80: 5 | S80: 5 | T80: 5 | Y80: =SUM(R80:X80) -> 15
D81: =VLOOKUP(C81,'CPL-MK'!$E$2:$F$12,2) -> #N/A | E81: CPMK033 | F81: =VLOOKUP(E81,'CPL-CPMK-MK'!$D$1:$E$30,2) -> Memiliki kemampuan membuat keputusan berdasarkan pengetahuan di bidang teknologi informasi cerdas dalam konteks dukungan terhadap pengembangan layanan publik dan ekonomi digital | G81: =CONCATENATE("SUBCPMK-",E81,"1") -> SUBCPMK-CPMK0331 | H81: =CONCATENATE(F81, " dalam ",LOWER($B$79)) -> Memiliki kemampuan membuat keputusan berdasarkan pengetahuan di bidang teknologi informasi cerdas dalam konteks dukungan terhadap pengembangan layanan publik dan ekonomi digital dalam kecerdasan bisnis | I81: Perkuliahan/ Pertemuan, UTS, UAS | J81: =IF(R81<>"",$R$2,"") -> Unjuk Kerja (Presensi) | K81: =IF(S81<>"",$S$2,"") -> Kuis / Tugas 1 | L81: =IF(T81<>"",$T$2,"") -> Kuis / Tugas 2 | M81: =IF(U81<>"",$U$2,"") | N81: =IF(V81<>"",$V$2,"") | O81: =IF(W81<>"",$W$2,"") -> UTS | P81: =IF(X81<>"",$X$2,"") -> UAS | Q81: =CONCATENATE(J81,", ",K81,", ",L81,", ",M81,", ",N81,", ",O81,", ",P81) -> Unjuk Kerja (Presensi), Kuis / Tugas 1, Kuis / Tugas 2, , , UTS, UAS | R81: 5 | S81: 5 | T81: 5 | W81: 10 | X81: 5 | Y81: =SUM(R81:X81) -> 30
C82: CPL11 | D82: =VLOOKUP(C82,'CPL-MK'!$E$2:$F$12,2) -> Mampu memodelkan sistem yang kompleks dan membangun solusi berbasis computing yang efektif dan efisien | E82: CPMK111 | F82: =VLOOKUP(E82,'CPL-CPMK-MK'!$D$1:$E$30,2) -> Mampu merancang sistem yang kompleks dalam bidang computing. | G82: =CONCATENATE("SUBCPMK-",E82,"1") -> SUBCPMK-CPMK1111 | H82: =CONCATENATE(F82, " dalam ",LOWER($B$79)) -> Mampu merancang sistem yang kompleks dalam bidang computing. dalam kecerdasan bisnis | I82: Perkuliahan/ Pertemuan, UTS, UAS | J82: =IF(R82<>"",$R$2,"") -> Unjuk Kerja (Presensi) | K82: =IF(S82<>"",$S$2,"") -> Kuis / Tugas 1 | L82: =IF(T82<>"",$T$2,"") | M82: =IF(U82<>"",$U$2,"") | N82: =IF(V82<>"",$V$2,"") | O82: =IF(W82<>"",$W$2,"") | P82: =IF(X82<>"",$X$2,"") | Q82: =CONCATENATE(J82,", ",K82,", ",L82,", ",M82,", ",N82,", ",O82,", ",P82) -> Unjuk Kerja (Presensi), Kuis / Tugas 1, , , , , | R82: 2 | S82: 8 | Y82: =SUM(R82:X82) -> 10
D83: =VLOOKUP(C83,'CPL-MK'!$E$2:$F$12,2) -> #N/A | E83: CPMK112 | F83: =VLOOKUP(E83,'CPL-CPMK-MK'!$D$1:$E$30,2) -> Mampu membangun solusi berbasis computing yang efektif dan efisien | G83: =CONCATENATE("SUBCPMK-",E83,"1") -> SUBCPMK-CPMK1121 | H83: =CONCATENATE(F83, " dalam ",LOWER($B$79)) -> Mampu membangun solusi berbasis computing yang efektif dan efisien dalam kecerdasan bisnis | I83: Perkuliahan/ Pertemuan, UTS, UAS | J83: =IF(R83<>"",$R$2,"") -> Unjuk Kerja (Presensi) | K83: =IF(S83<>"",$S$2,"") | L83: =IF(T83<>"",$T$2,"") -> Kuis / Tugas 2 | M83: =IF(U83<>"",$U$2,"") -> Kuis / Tugas 3 | N83: =IF(V83<>"",$V$2,"") | O83: =IF(W83<>"",$W$2,"") | P83: =IF(X83<>"",$X$2,"") -> UAS | Q83: =CONCATENATE(J83,", ",K83,", ",L83,", ",M83,", ",N83,", ",O83,", ",P83) -> Unjuk Kerja (Presensi), , Kuis / Tugas 2, Kuis / Tugas 3, , , UAS | R83: 3 | T83: 7 | U83: 5 | X83: 15 | Y83: =SUM(R83:X83) -> 30 | Z83: =SUM(Y79:Y83) -> 100
A84: P.24.01.85.3.16 | B84: TATA KELOLA DAN AUDIT BISNIS DIGITAL | C84: CPL03 | D84: =VLOOKUP(C84,'CPL-MK'!$E$2:$F$12,2) -> Memiliki kemampuan menganalisis, mengevaluasi, dan membuat keputusan berdasarkan pengetahuan di bidang teknologi informasi cerdas dalam konteks dukungan terhadap pengembangan layanan publik dan ekonomi digital | E84: CPMK031 | F84: =VLOOKUP(E84,'CPL-CPMK-MK'!$D$1:$E$30,2) -> Memiliki kemampuan menganalisis berdasarkan pengetahuan di bidang teknologi informasi cerdas dalam konteks dukungan terhadap pengembangan layanan publik dan ekonomi digital | G84: =CONCATENATE("SUBCPMK-",E84,"1") -> SUBCPMK-CPMK0311 | H84: =CONCATENATE(F84, " dalam ",LOWER($B$84)) -> Memiliki kemampuan menganalisis berdasarkan pengetahuan di bidang teknologi informasi cerdas dalam konteks dukungan terhadap pengembangan layanan publik dan ekonomi digital dalam tata kelola dan audit bisnis digital | I84: Perkuliahan/ Pertemuan, UTS, UAS | J84: =IF(R84<>"",$R$2,"") -> Unjuk Kerja (Presensi) | K84: =IF(S84<>"",$S$2,"") -> Kuis / Tugas 1 | L84: =IF(T84<>"",$T$2,"") | M84: =IF(U84<>"",$U$2,"") | N84: =IF(V84<>"",$V$2,"") | O84: =IF(W84<>"",$W$2,"") | P84: =IF(X84<>"",$X$2,"") | Q84: =CONCATENATE(J84,", ",K84,", ",L84,", ",M84,", ",N84,", ",O84,", ",P84) -> Unjuk Kerja (Presensi), Kuis / Tugas 1, , , , , | R84: 2 | S84: 9 | Y84: =SUM(R84:X84) -> 11
D85: =VLOOKUP(C85,'CPL-MK'!$E$2:$F$12,2) -> #N/A | E85: CPMK032 | F85: =VLOOKUP(E85,'CPL-CPMK-MK'!$D$1:$E$30,2) -> Memiliki kemampuan mengevaluasi berdasarkan pengetahuan di bidang teknologi informasi cerdas dalam konteks dukungan terhadap pengembangan layanan publik dan ekonomi digital | G85: =CONCATENATE("SUBCPMK-",E85,"1") -> SUBCPMK-CPMK0321 | H85: =CONCATENATE(F85, " dalam ",LOWER($B$84)) -> Memiliki kemampuan mengevaluasi berdasarkan pengetahuan di bidang teknologi informasi cerdas dalam konteks dukungan terhadap pengembangan layanan publik dan ekonomi digital dalam tata kelola dan audit bisnis digital | I85: Perkuliahan/ Pertemuan, UTS, UAS | J85: =IF(R85<>"",$R$2,"") -> Unjuk Kerja (Presensi) | K85: =IF(S85<>"",$S$2,"") | L85: =IF(T85<>"",$T$2,"") -> Kuis / Tugas 2 | M85: =IF(U85<>"",$U$2,"") | N85: =IF(V85<>"",$V$2,"") | O85: =IF(W85<>"",$W$2,"") -> UTS | P85: =IF(X85<>"",$X$2,"") | Q85: =CONCATENATE(J85,", ",K85,", ",L85,", ",M85,", ",N85,", ",O85,", ",P85) -> Unjuk Kerja (Presensi), , Kuis / Tugas 2, , , UTS, | R85: 2 | T85: 7 | W85: 2 | Y85: =SUM(R85:X85) -> 11
D86: =VLOOKUP(C86,'CPL-MK'!$E$2:$F$12,2) -> #N/A | E86: CPMK033 | F86: =VLOOKUP(E86,'CPL-CPMK-MK'!$D$1:$E$30,2) -> Memiliki kemampuan membuat keputusan berdasarkan pengetahuan di bidang teknologi informasi cerdas dalam konteks dukungan terhadap pengembangan layanan publik dan ekonomi digital | G86: =CONCATENATE("SUBCPMK-",E86,"1") -> SUBCPMK-CPMK0331 | H86: =CONCATENATE(F86, " dalam ",LOWER($B$84)) -> Memiliki kemampuan membuat keputusan berdasarkan pengetahuan di bidang teknologi informasi cerdas dalam konteks dukungan terhadap pengembangan layanan publik dan ekonomi digital dalam tata kelola dan audit bisnis digital | I86: Perkuliahan/ Pertemuan, UTS, UAS | J86: =IF(R86<>"",$R$2,"") -> Unjuk Kerja (Presensi) | K86: =IF(S86<>"",$S$2,"") | L86: =IF(T86<>"",$T$2,"") | M86: =IF(U86<>"",$U$2,"") -> Kuis / Tugas 3 | N86: =IF(V86<>"",$V$2,"") | O86: =IF(W86<>"",$W$2,"") -> UTS | P86: =IF(X86<>"",$X$2,"") | Q86: =CONCATENATE(J86,", ",K86,", ",L86,", ",M86,", ",N86,", ",O86,", ",P86) -> Unjuk Kerja (Presensi), , , Kuis / Tugas 3, , UTS, | R86: 2 | U86: 7 | W86: 2 | Y86: =SUM(R86:X86) -> 11
C87: CPL06 | D87: =VLOOKUP(C87,'CPL-MK'!$E$2:$F$12,2) -> Memiliki pemahaman yang mendalam, menganalisis, dan mengevaluasi tentang solusi komputasi cerdas dengan sistem dan infrastruktur yang ada termasuk pertimbangan keamanan sistem informasi untuk mendukung layanan publik dan ekonomi digital | E87: CPMK061 | F87: =VLOOKUP(E87,'CPL-CPMK-MK'!$D$1:$E$30,2) -> Memiliki pemahaman yang mendalam tentang solusi komputasi cerdas dengan sistem dan infrastruktur yang ada termasuk pertimbangan keamanan sistem informasi untuk mendukung layanan publik dan ekonomi digital | G87: =CONCATENATE("SUBCPMK-",E87,"1") -> SUBCPMK-CPMK0611 | H87: =CONCATENATE(F87, " dalam ",LOWER($B$84)) -> Memiliki pemahaman yang mendalam tentang solusi komputasi cerdas dengan sistem dan infrastruktur yang ada termasuk pertimbangan keamanan sistem informasi untuk mendukung layanan publik dan ekonomi digital dalam tata kelola dan audit bisnis digital | I87: Perkuliahan/ Pertemuan, UTS, UAS | J87: =IF(R87<>"",$R$2,"") -> Unjuk Kerja (Presensi) | K87: =IF(S87<>"",$S$2,"") -> Kuis / Tugas 1 | L87: =IF(T87<>"",$T$2,"") | M87: =IF(U87<>"",$U$2,"") | N87: =IF(V87<>"",$V$2,"") | O87: =IF(W87<>"",$W$2,"") | P87: =IF(X87<>"",$X$2,"") | Q87: =CONCATENATE(J87,", ",K87,", ",L87,", ",M87,", ",N87,", ",O87,", ",P87) -> Unjuk Kerja (Presensi), Kuis / Tugas 1, , , , , | R87: 2 | S87: 9 | Y87: =SUM(R87:X87) -> 11
D88: =VLOOKUP(C88,'CPL-MK'!$E$2:$F$12,2) -> #N/A | E88: CPMK062 | F88: =VLOOKUP(E88,'CPL-CPMK-MK'!$D$1:$E$30,2) -> Memiliki kemampuan menganalisis yang mendalam tentang solusi komputasi cerdas dengan sistem dan infrastruktur yang ada termasuk pertimbangan keamanan sistem informasi untuk mendukung layanan publik dan ekonomi digital | G88: =CONCATENATE("SUBCPMK-",E88,"1") -> SUBCPMK-CPMK0621 | H88: =CONCATENATE(F88, " dalam ",LOWER($B$84)) -> Memiliki kemampuan menganalisis yang mendalam tentang solusi komputasi cerdas dengan sistem dan infrastruktur yang ada termasuk pertimbangan keamanan sistem informasi untuk mendukung layanan publik dan ekonomi digital dalam tata kelola dan audit bisnis digital | I88: Perkuliahan/ Pertemuan, UTS, UAS | J88: =IF(R88<>"",$R$2,"") -> Unjuk Kerja (Presensi) | K88: =IF(S88<>"",$S$2,"") | L88: =IF(T88<>"",$T$2,"") -> Kuis / Tugas 2 | M88: =IF(U88<>"",$U$2,"") | N88: =IF(V88<>"",$V$2,"") | O88: =IF(W88<>"",$W$2,"") | P88: =IF(X88<>"",$X$2,"") | Q88: =CONCATENATE(J88,", ",K88,", ",L88,", ",M88,", ",N88,", ",O88,", ",P88) -> Unjuk Kerja (Presensi), , Kuis / Tugas 2, , , , | R88: 2 | T88: 9 | Y88: =SUM(R88:X88) -> 11
D89: =VLOOKUP(C89,'CPL-MK'!$E$2:$F$12,2) -> #N/A | E89: CPMK063 | F89: =VLOOKUP(E89,'CPL-CPMK-MK'!$D$1:$E$30,2) -> Memiliki kemampuan mengevaluasi yang mendalam tentang solusi komputasi cerdas dengan sistem dan infrastruktur yang ada termasuk pertimbangan keamanan sistem informasi untuk mendukung layanan publik dan ekonomi digital | G89: =CONCATENATE("SUBCPMK-",E89,"1") -> SUBCPMK-CPMK0631 | H89: =CONCATENATE(F89, " dalam ",LOWER($B$84)) -> Memiliki kemampuan mengevaluasi yang mendalam tentang solusi komputasi cerdas dengan sistem dan infrastruktur yang ada termasuk pertimbangan keamanan sistem informasi untuk mendukung layanan publik dan ekonomi digital dalam tata kelola dan audit bisnis digital | I89: Perkuliahan/ Pertemuan, UTS, UAS | J89: =IF(R89<>"",$R$2,"") -> Unjuk Kerja (Presensi) | K89: =IF(S89<>"",$S$2,"") | L89: =IF(T89<>"",$T$2,"") | M89: =IF(U89<>"",$U$2,"") | N89: =IF(V89<>"",$V$2,"") -> Kuis / Tugas 4 | O89: =IF(W89<>"",$W$2,"") | P89: =IF(X89<>"",$X$2,"") -> UAS | Q89: =CONCATENATE(J89,", ",K89,", ",L89,", ",M89,", ",N89,", ",O89,", ",P89) -> Unjuk Kerja (Presensi), , , , Kuis / Tugas 4, , UAS | R89: 2 | V89: 5 | X89: 4 | Y89: =SUM(R89:X89) -> 11
C90: CPL09 | D90: =VLOOKUP(C90,'CPL-MK'!$E$2:$F$12,2) -> Mampu mengidentifikasi, menganalisis, meneliti literatur, mengevaluasi, dan memformulasi solusi-solusi algoritmik untuk masalah computing yang kompleks | E90: CPMK091 | F90: =VLOOKUP(E90,'CPL-CPMK-MK'!$D$1:$E$30,2) -> Mampu mengidentifikasi solusi_x0002_solusi algoritmik untuk masalah computing yang kompleks. | G90: =CONCATENATE("SUBCPMK-",E90,"1") -> SUBCPMK-CPMK0911 | H90: =CONCATENATE(F90, " dalam ",LOWER($B$84)) -> Mampu mengidentifikasi solusi_x0002_solusi algoritmik untuk masalah computing yang kompleks. dalam tata kelola dan audit bisnis digital | I90: Perkuliahan/ Pertemuan, UTS, UAS | J90: =IF(R90<>"",$R$2,"") -> Unjuk Kerja (Presensi) | K90: =IF(S90<>"",$S$2,"") | L90: =IF(T90<>"",$T$2,"") | M90: =IF(U90<>"",$U$2,"") | N90: =IF(V90<>"",$V$2,"") -> Kuis / Tugas 4 | O90: =IF(W90<>"",$W$2,"") | P90: =IF(X90<>"",$X$2,"") -> UAS | Q90: =CONCATENATE(J90,", ",K90,", ",L90,", ",M90,", ",N90,", ",O90,", ",P90) -> Unjuk Kerja (Presensi), , , , Kuis / Tugas 4, , UAS | R90: 2 | V90: 6 | X90: 4 | Y90: =SUM(R90:X90) -> 12
D91: =VLOOKUP(C91,'CPL-MK'!$E$2:$F$12,2) -> #N/A | E91: CPMK092 | F91: =VLOOKUP(E91,'CPL-CPMK-MK'!$D$1:$E$30,2) -> Mampu meneliti literatur dalam menganalisis solusi-solusi algoritmik untuk masalah yang kompleks. | G91: =CONCATENATE("SUBCPMK-",E91,"1") -> SUBCPMK-CPMK0921 | H91: =CONCATENATE(F91, " dalam ",LOWER($B$84)) -> Mampu meneliti literatur dalam menganalisis solusi-solusi algoritmik untuk masalah yang kompleks. dalam tata kelola dan audit bisnis digital | I91: Perkuliahan/ Pertemuan, UTS, UAS | J91: =IF(R91<>"",$R$2,"") -> Unjuk Kerja (Presensi) | K91: =IF(S91<>"",$S$2,"") | L91: =IF(T91<>"",$T$2,"") | M91: =IF(U91<>"",$U$2,"") | N91: =IF(V91<>"",$V$2,"") -> Kuis / Tugas 4 | O91: =IF(W91<>"",$W$2,"") | P91: =IF(X91<>"",$X$2,"") -> UAS | Q91: =CONCATENATE(J91,", ",K91,", ",L91,", ",M91,", ",N91,", ",O91,", ",P91) -> Unjuk Kerja (Presensi), , , , Kuis / Tugas 4, , UAS | R91: 2 | V91: 5 | X91: 4 | Y91: =SUM(R91:X91) -> 11
D92: =VLOOKUP(C92,'CPL-MK'!$E$2:$F$12,2) -> #N/A | E92: CPMK093 | F92: =VLOOKUP(E92,'CPL-CPMK-MK'!$D$1:$E$30,2) -> Mampu mengevaluasi dan memformulasi solusi-solusi algoritmik untuk masalah yang kompleks. | G92: =CONCATENATE("SUBCPMK-",E92,"1") -> SUBCPMK-CPMK0931 | H92: =CONCATENATE(F92, " dalam ",LOWER($B$84)) -> Mampu mengevaluasi dan memformulasi solusi-solusi algoritmik untuk masalah yang kompleks. dalam tata kelola dan audit bisnis digital | I92: Perkuliahan/ Pertemuan, UTS, UAS | J92: =IF(R92<>"",$R$2,"") | K92: =IF(S92<>"",$S$2,"") | L92: =IF(T92<>"",$T$2,"") | M92: =IF(U92<>"",$U$2,"") | N92: =IF(V92<>"",$V$2,"") | O92: =IF(W92<>"",$W$2,"") | P92: =IF(X92<>"",$X$2,"") -> UAS | Q92: =CONCATENATE(J92,", ",K92,", ",L92,", ",M92,", ",N92,", ",O92,", ",P92) -> , , , , , , UAS | X92: 11 | Y92: =SUM(R92:X92) -> 11 | Z92: =SUM(Y84:Y92) -> 100
A93: P.24.01.85.3.17 | B93: SISTEM PEMERINTAHAN BERBASIS ELEKTRONIK | C93: CPL08 | D93: =VLOOKUP(C93,'CPL-MK'!$E$2:$F$12,2) -> Mampu mengevaluasi, mengembangkan dan mengimplementasikan solusi komputasi cerdas dengan menggunakan teknologi terkini dalam mendukung pengembangan kota cerdas dan sistem pemerintahan berbasis elektronik | E93: CPMK081 | F93: =VLOOKUP(E93,'CPL-CPMK-MK'!$D$1:$E$30,2) -> Mampu mengevaluasi solusi komputasi cerdas dengan menggunakan teknologi terkini dalam mendukung pengembangan kota cerdas dan sistem pemerintahan berbasis elektronik | G93: =CONCATENATE("SUBCPMK-",E93,"1") -> SUBCPMK-CPMK0811 | H93: =CONCATENATE(F93, " dalam ",LOWER($B$93)) -> Mampu mengevaluasi solusi komputasi cerdas dengan menggunakan teknologi terkini dalam mendukung pengembangan kota cerdas dan sistem pemerintahan berbasis elektronik dalam sistem pemerintahan berbasis elektronik | I93: Perkuliahan/ Pertemuan, UTS, UAS | J93: =IF(R93<>"",$R$2,"") -> Unjuk Kerja (Presensi) | K93: =IF(S93<>"",$S$2,"") -> Kuis / Tugas 1 | L93: =IF(T93<>"",$T$2,"") | M93: =IF(U93<>"",$U$2,"") | N93: =IF(V93<>"",$V$2,"") | O93: =IF(W93<>"",$W$2,"") -> UTS | P93: =IF(X93<>"",$X$2,"") | Q93: =CONCATENATE(J93,", ",K93,", ",L93,", ",M93,", ",N93,", ",O93,", ",P93) -> Unjuk Kerja (Presensi), Kuis / Tugas 1, , , , UTS, | R93: 2 | S93: 4 | W93: 4 | Y93: =SUM(R93:X93) -> 10
D94: =VLOOKUP(C94,'CPL-MK'!$E$2:$F$12,2) -> #N/A | E94: CPMK082 | F94: =VLOOKUP(E94,'CPL-CPMK-MK'!$D$1:$E$30,2) -> Mampu mengembangkan solusi komputasi cerdas dengan menggunakan teknologi terkini dalam mendukung pengembangan kota cerdas dan sistem pemerintahan berbasis elektronik | G94: =CONCATENATE("SUBCPMK-",E94,"1") -> SUBCPMK-CPMK0821 | H94: =CONCATENATE(F94, " dalam ",LOWER($B$93)) -> Mampu mengembangkan solusi komputasi cerdas dengan menggunakan teknologi terkini dalam mendukung pengembangan kota cerdas dan sistem pemerintahan berbasis elektronik dalam sistem pemerintahan berbasis elektronik | I94: Perkuliahan/ Pertemuan, UTS, UAS | J94: =IF(R94<>"",$R$2,"") -> Unjuk Kerja (Presensi) | K94: =IF(S94<>"",$S$2,"") | L94: =IF(T94<>"",$T$2,"") -> Kuis / Tugas 2 | M94: =IF(U94<>"",$U$2,"") | N94: =IF(V94<>"",$V$2,"") | O94: =IF(W94<>"",$W$2,"") | P94: =IF(X94<>"",$X$2,"") -> UAS | Q94: =CONCATENATE(J94,", ",K94,", ",L94,", ",M94,", ",N94,", ",O94,", ",P94) -> Unjuk Kerja (Presensi), , Kuis / Tugas 2, , , , UAS | R94: 2 | T94: 4 | X94: 4 | Y94: =SUM(R94:X94) -> 10
D95: =VLOOKUP(C95,'CPL-MK'!$E$2:$F$12,2) -> #N/A | E95: CPMK083 | F95: =VLOOKUP(E95,'CPL-CPMK-MK'!$D$1:$E$30,2) -> Mampu mengimplementasikan solusi komputasi cerdas dengan menggunakan teknologi terkini dalam mendukung pengembangan kota cerdas dan sistem pemerintahan berbasis elektronik | G95: =CONCATENATE("SUBCPMK-",E95,"1") -> SUBCPMK-CPMK0831 | H95: =CONCATENATE(F95, " dalam ",LOWER($B$93)) -> Mampu mengimplementasikan solusi komputasi cerdas dengan menggunakan teknologi terkini dalam mendukung pengembangan kota cerdas dan sistem pemerintahan berbasis elektronik dalam sistem pemerintahan berbasis elektronik | I95: Perkuliahan/ Pertemuan, UTS, UAS | J95: =IF(R95<>"",$R$2,"") -> Unjuk Kerja (Presensi) | K95: =IF(S95<>"",$S$2,"") | L95: =IF(T95<>"",$T$2,"") | M95: =IF(U95<>"",$U$2,"") -> Kuis / Tugas 3 | N95: =IF(V95<>"",$V$2,"") | O95: =IF(W95<>"",$W$2,"") | P95: =IF(X95<>"",$X$2,"") -> UAS | Q95: =CONCATENATE(J95,", ",K95,", ",L95,", ",M95,", ",N95,", ",O95,", ",P95) -> Unjuk Kerja (Presensi), , , Kuis / Tugas 3, , , UAS | R95: 2 | U95: 4 | X95: 4 | Y95: =SUM(R95:X95) -> 10
C96: CPL09 | D96: =VLOOKUP(C96,'CPL-MK'!$E$2:$F$12,2) -> Mampu mengidentifikasi, menganalisis, meneliti literatur, mengevaluasi, dan memformulasi solusi-solusi algoritmik untuk masalah computing yang kompleks | E96: CPMK091 | F96: =VLOOKUP(E96,'CPL-CPMK-MK'!$D$1:$E$30,2) -> Mampu mengidentifikasi solusi_x0002_solusi algoritmik untuk masalah computing yang kompleks. | G96: =CONCATENATE("SUBCPMK-",E96,"1") -> SUBCPMK-CPMK0911 | H96: =CONCATENATE(F96, " dalam ",LOWER($B$93)) -> Mampu mengidentifikasi solusi_x0002_solusi algoritmik untuk masalah computing yang kompleks. dalam sistem pemerintahan berbasis elektronik | I96: Perkuliahan/ Pertemuan, UTS, UAS | J96: =IF(R96<>"",$R$2,"") -> Unjuk Kerja (Presensi) | K96: =IF(S96<>"",$S$2,"") -> Kuis / Tugas 1 | L96: =IF(T96<>"",$T$2,"") | M96: =IF(U96<>"",$U$2,"") | N96: =IF(V96<>"",$V$2,"") | O96: =IF(W96<>"",$W$2,"") | P96: =IF(X96<>"",$X$2,"") | Q96: =CONCATENATE(J96,", ",K96,", ",L96,", ",M96,", ",N96,", ",O96,", ",P96) -> Unjuk Kerja (Presensi), Kuis / Tugas 1, , , , , | R96: 2 | S96: 8 | Y96: =SUM(R96:X96) -> 10
D97: =VLOOKUP(C97,'CPL-MK'!$E$2:$F$12,2) -> #N/A | E97: CPMK092 | F97: =VLOOKUP(E97,'CPL-CPMK-MK'!$D$1:$E$30,2) -> Mampu meneliti literatur dalam menganalisis solusi-solusi algoritmik untuk masalah yang kompleks. | G97: =CONCATENATE("SUBCPMK-",E97,"1") -> SUBCPMK-CPMK0921 | H97: =CONCATENATE(F97, " dalam ",LOWER($B$93)) -> Mampu meneliti literatur dalam menganalisis solusi-solusi algoritmik untuk masalah yang kompleks. dalam sistem pemerintahan berbasis elektronik | I97: Perkuliahan/ Pertemuan, UTS, UAS | J97: =IF(R97<>"",$R$2,"") -> Unjuk Kerja (Presensi) | K97: =IF(S97<>"",$S$2,"") -> Kuis / Tugas 1 | L97: =IF(T97<>"",$T$2,"") | M97: =IF(U97<>"",$U$2,"") | N97: =IF(V97<>"",$V$2,"") | O97: =IF(W97<>"",$W$2,"") | P97: =IF(X97<>"",$X$2,"") | Q97: =CONCATENATE(J97,", ",K97,", ",L97,", ",M97,", ",N97,", ",O97,", ",P97) -> Unjuk Kerja (Presensi), Kuis / Tugas 1, , , , , | R97: 2 | S97: 8 | Y97: =SUM(R97:X97) -> 10
D98: =VLOOKUP(C98,'CPL-MK'!$E$2:$F$12,2) -> #N/A | E98: CPMK093 | F98: =VLOOKUP(E98,'CPL-CPMK-MK'!$D$1:$E$30,2) -> Mampu mengevaluasi dan memformulasi solusi-solusi algoritmik untuk masalah yang kompleks. | G98: =CONCATENATE("SUBCPMK-",E98,"1") -> SUBCPMK-CPMK0931 | H98: =CONCATENATE(F98, " dalam ",LOWER($B$93)) -> Mampu mengevaluasi dan memformulasi solusi-solusi algoritmik untuk masalah yang kompleks. dalam sistem pemerintahan berbasis elektronik | I98: Perkuliahan/ Pertemuan, UTS, UAS | J98: =IF(R98<>"",$R$2,"") -> Unjuk Kerja (Presensi) | K98: =IF(S98<>"",$S$2,"") | L98: =IF(T98<>"",$T$2,"") -> Kuis / Tugas 2 | M98: =IF(U98<>"",$U$2,"") | N98: =IF(V98<>"",$V$2,"") | O98: =IF(W98<>"",$W$2,"") -> UTS | P98: =IF(X98<>"",$X$2,"") | Q98: =CONCATENATE(J98,", ",K98,", ",L98,", ",M98,", ",N98,", ",O98,", ",P98) -> Unjuk Kerja (Presensi), , Kuis / Tugas 2, , , UTS, | R98: 2 | T98: 4 | W98: 4 | Y98: =SUM(R98:X98) -> 10
C99: CPL10 | D99: =VLOOKUP(C99,'CPL-MK'!$E$2:$F$12,2) -> Mampu menerapkan prinsip-prinsip matematika, computing, dan disiplin ilmu yang relevan untuk merumuskan solusi bagi persoalan computing yang kompleks | E99: CPMK101 | F99: =VLOOKUP(E99,'CPL-CPMK-MK'!$D$1:$E$30,2) -> Mampu menerapkan prinsip_x0002_prinsip matematika, computing, dan disiplin ilmu yang relevan untuk mendukung analisis data. | G99: =CONCATENATE("SUBCPMK-",E99,"1") -> SUBCPMK-CPMK1011 | H99: =CONCATENATE(F99, " dalam ",LOWER($B$93)) -> Mampu menerapkan prinsip_x0002_prinsip matematika, computing, dan disiplin ilmu yang relevan untuk mendukung analisis data. dalam sistem pemerintahan berbasis elektronik | I99: Perkuliahan/ Pertemuan, UTS, UAS | J99: =IF(R99<>"",$R$2,"") -> Unjuk Kerja (Presensi) | K99: =IF(S99<>"",$S$2,"") | L99: =IF(T99<>"",$T$2,"") | M99: =IF(U99<>"",$U$2,"") -> Kuis / Tugas 3 | N99: =IF(V99<>"",$V$2,"") | O99: =IF(W99<>"",$W$2,"") | P99: =IF(X99<>"",$X$2,"") | Q99: =CONCATENATE(J99,", ",K99,", ",L99,", ",M99,", ",N99,", ",O99,", ",P99) -> Unjuk Kerja (Presensi), , , Kuis / Tugas 3, , , | R99: 2 | U99: 8 | Y99: =SUM(R99:X99) -> 10
D100: =VLOOKUP(C100,'CPL-MK'!$E$2:$F$12,2) -> #N/A | E100: CPMK102 | F100: =VLOOKUP(E100,'CPL-CPMK-MK'!$D$1:$E$30,2) -> Mampu merumuskan solusi bagi bidang computing yang kompleks | G100: =CONCATENATE("SUBCPMK-",E100,"1") -> SUBCPMK-CPMK1021 | H100: =CONCATENATE(F100, " dalam ",LOWER($B$93)) -> Mampu merumuskan solusi bagi bidang computing yang kompleks dalam sistem pemerintahan berbasis elektronik | I100: Perkuliahan/ Pertemuan, UTS, UAS | J100: =IF(R100<>"",$R$2,"") -> Unjuk Kerja (Presensi) | K100: =IF(S100<>"",$S$2,"") | L100: =IF(T100<>"",$T$2,"") | M100: =IF(U100<>"",$U$2,"") | N100: =IF(V100<>"",$V$2,"") -> Kuis / Tugas 4 | O100: =IF(W100<>"",$W$2,"") | P100: =IF(X100<>"",$X$2,"") -> UAS | Q100: =CONCATENATE(J100,", ",K100,", ",L100,", ",M100,", ",N100,", ",O100,", ",P100) -> Unjuk Kerja (Presensi), , , , Kuis / Tugas 4, , UAS | R100: 2 | V100: 4 | X100: 4 | Y100: =SUM(R100:X100) -> 10
C101: CPL11 | D101: =VLOOKUP(C101,'CPL-MK'!$E$2:$F$12,2) -> Mampu memodelkan sistem yang kompleks dan membangun solusi berbasis computing yang efektif dan efisien | E101: CPMK111 | F101: =VLOOKUP(E101,'CPL-CPMK-MK'!$D$1:$E$30,2) -> Mampu merancang sistem yang kompleks dalam bidang computing. | G101: =CONCATENATE("SUBCPMK-",E101,"1") -> SUBCPMK-CPMK1111 | H101: =CONCATENATE(F101, " dalam ",LOWER($B$93)) -> Mampu merancang sistem yang kompleks dalam bidang computing. dalam sistem pemerintahan berbasis elektronik | I101: Perkuliahan/ Pertemuan, UTS, UAS | J101: =IF(R101<>"",$R$2,"") -> Unjuk Kerja (Presensi) | K101: =IF(S101<>"",$S$2,"") | L101: =IF(T101<>"",$T$2,"") | M101: =IF(U101<>"",$U$2,"") -> Kuis / Tugas 3 | N101: =IF(V101<>"",$V$2,"") -> Kuis / Tugas 4 | O101: =IF(W101<>"",$W$2,"") -> UTS | P101: =IF(X101<>"",$X$2,"") -> UAS | Q101: =CONCATENATE(J101,", ",K101,", ",L101,", ",M101,", ",N101,", ",O101,", ",P101) -> Unjuk Kerja (Presensi), , , Kuis / Tugas 3, Kuis / Tugas 4, UTS, UAS | R101: 2 | U101: 2 | V101: 2 | W101: 2 | X101: 2 | Y101: =SUM(R101:X101) -> 10
...

Sheet MEKANISME PENILAIAN
A1: KODE MK | B1: MATA KULIAH | C1: CPL | D1: CPMK | E1: SUB CPMK | F1: TAHAP PENILAIAN | H1: Bobot | I1: Total
A2: P.24.01.85.1.02 | B2: PERMODELAN STATISTIK UNTUK BISNIS | C2: CPL05 | D2: CPMK051 | E2: SUBCPMK-CPMK0511 | F2: Perkuliahan/ Pertemuan, UTS, UAS | G2: Unjuk Kerja (Presensi), Kuis / Tugas 1, , , , UTS, UAS | H2: 20
D3: CPMK052 | E3: SUBCPMK-CPMK0521 | F3: Perkuliahan/ Pertemuan, UTS, UAS | G3: Unjuk Kerja (Presensi), Kuis / Tugas 1, Kuis / Tugas 2, , , UTS, UAS | H3: 20
D4: CPMK053 | E4: SUBCPMK-CPMK0531 | F4: Perkuliahan/ Pertemuan, UTS, UAS | G4: Unjuk Kerja (Presensi), , Kuis / Tugas 2, Kuis / Tugas 3, , UTS, UAS | H4: 20
C5: CPL10 | D5: CPMK101 | E5: SUBCPMK-CPMK1011 | F5: Perkuliahan/ Pertemuan, UTS, UAS | G5: Unjuk Kerja (Presensi), , , Kuis / Tugas 3, Kuis / Tugas 4, UTS, UAS | H5: 20
D6: CPMK102 | E6: SUBCPMK-CPMK1021 | F6: Perkuliahan/ Pertemuan, UTS, UAS | G6: Unjuk Kerja (Presensi), , , , Kuis / Tugas 4, UTS, UAS | H6: 20 | I6: 100
A7: P.24.01.85.1.03 | B7: MESIN PEMBELAJARAN UNTUK BISNIS | C7: CPL05 | D7: CPMK051 | E7: SUBCPMK-CPMK0511 | F7: Perkuliahan/ Pertemuan, UTS, UAS | G7: Unjuk Kerja (Presensi), Kuis / Tugas 1, , , , UTS, UAS | H7: 15
D8: CPMK052 | E8: SUBCPMK-CPMK0521 | F8: Perkuliahan/ Pertemuan, UTS, UAS | G8: Unjuk Kerja (Presensi), Kuis / Tugas 1, Kuis / Tugas 2, , , UTS, UAS | H8: 20
D9: CPMK053 | E9: SUBCPMK-CPMK0531 | F9: Perkuliahan/ Pertemuan, UTS, UAS | G9: Unjuk Kerja (Presensi), , Kuis / Tugas 2, Kuis / Tugas 3, , UTS, UAS | H9: 20
C10: CPL10 | D10: CPMK101 | E10: SUBCPMK-CPMK1011 | F10: Perkuliahan/ Pertemuan, UTS, UAS | G10: Unjuk Kerja (Presensi), , , Kuis / Tugas 3, Kuis / Tugas 4, UTS, UAS | H10: 23
D11: CPMK102 | E11: SUBCPMK-CPMK1021 | F11: Perkuliahan/ Pertemuan, UTS, UAS | G11: Unjuk Kerja (Presensi), , , , Kuis / Tugas 4, UTS, UAS | H11: 22 | I11: 100
A12: P.24.01.85.1.04 | B12: ANALISIS DATA BESAR | C12: CPL05 | D12: CPMK051 | E12: SUBCPMK-CPMK0511 | F12: Perkuliahan/ Pertemuan, UTS, UAS | G12: Unjuk Kerja (Presensi), Kuis / Tugas 1, Kuis / Tugas 2, , , , UAS | H12: 20
D13: CPMK052 | E13: SUBCPMK-CPMK0521 | F13: Perkuliahan/ Pertemuan, UTS, UAS | G13: Unjuk Kerja (Presensi), , , Kuis / Tugas 3, , UTS, UAS | H13: 20
D14: CPMK053 | E14: SUBCPMK-CPMK0531 | F14: Perkuliahan/ Pertemuan, UTS, UAS | G14: Unjuk Kerja (Presensi), , , Kuis / Tugas 3, , , UAS | H14: 20
C15: CPL10 | D15: CPMK101 | E15: SUBCPMK-CPMK1011 | F15: Perkuliahan/ Pertemuan, UTS, UAS | G15: Unjuk Kerja (Presensi), Kuis / Tugas 1, , Kuis / Tugas 3, , , UAS | H15: 20
D16: CPMK102 | E16: SUBCPMK-CPMK1021 | F16: Perkuliahan/ Pertemuan, UTS, UAS | G16: Unjuk Kerja (Presensi), , Kuis / Tugas 2, , Kuis / Tugas 4, , UAS | H16: 20 | I16: 100
A17: P.24.01.85.1.05 | B17: MANAJEMEN STRATEGIS SISTEM INFORMASI | C17: CPL03 | D17: CPMK031 | E17: SUBCPMK-CPMK0311 | F17: Perkuliahan/ Pertemuan, UTS, UAS | G17: , , , , , , | H17: 0
D18: CPMK032 | E18: SUBCPMK-CPMK0321 | F18: Perkuliahan/ Pertemuan, UTS, UAS | G18: , , , , , , | H18: 0
D19: CPMK033 | E19: SUBCPMK-CPMK0331 | F19: Perkuliahan/ Pertemuan, UTS, UAS | G19: , , , , , , | H19: 0
C20: CPL04 | D20: CPMK041 | E20: SUBCPMK-CPMK0411 | F20: Perkuliahan/ Pertemuan, UTS, UAS | G20: , , , , , , | H20: 0
D21: CPMK042 | E21: SUBCPMK-CPMK0421 | F21: Perkuliahan/ Pertemuan, UTS, UAS | G21: , , , , , , | H21: 0
D22: CPMK043 | E22: SUBCPMK-CPMK0431 | F22: Perkuliahan/ Pertemuan, UTS, UAS | G22: , , , , , , | H22: 0
C23: CPL11 | D23: CPMK111 | E23: SUBCPMK-CPMK1111 | F23: Perkuliahan/ Pertemuan, UTS, UAS | G23: , , , , , , | H23: 0
D24: CPMK112 | E24: SUBCPMK-CPMK1121 | F24: Perkuliahan/ Pertemuan, UTS, UAS | G24: , , , , , , | H24: 0
A25: P.24.01.85.1.06 | B25: REKAYASA PERANGKAT LUNAK LANJUT | C25: CPL08 | D25: CPMK081 | E25: SUBCPMK-CPMK0811 | F25: Perkuliahan/ Pertemuan, UTS, UAS | G25: , , , , , , | H25: 0
D26: CPMK082 | E26: SUBCPMK-CPMK0821 | F26: Perkuliahan/ Pertemuan, UTS, UAS | G26: , , , , , , | H26: 0
D27: CPMK083 | E27: SUBCPMK-CPMK0831 | F27: Perkuliahan/ Pertemuan, UTS, UAS | G27: , , , , , , | H27: 0
C28: CPL11 | D28: CPMK111 | E28: SUBCPMK-CPMK1111 | F28: Perkuliahan/ Pertemuan, UTS, UAS | G28: , , , , , , | H28: 0
D29: CPMK112 | E29: SUBCPMK-CPMK1121 | F29: Perkuliahan/ Pertemuan, UTS, UAS | G29: , , , , , , | H29: 0
A30: P.24.01.85.2.07 | B30: METODOLOGI PENELITIAN DAN PENULISAN ILMIAH | C30: CPL03 | D30: CPMK031 | E30: SUBCPMK-CPMK0311 | F30: Perkuliahan/ Pertemuan, UTS, UAS | G30: Unjuk Kerja (Presensi), Kuis / Tugas 1, Kuis / Tugas 2, , , UTS, UAS | H30: 35
D31: CPMK032 | E31: SUBCPMK-CPMK0321 | F31: Perkuliahan/ Pertemuan, UTS, UAS | G31: Unjuk Kerja (Presensi), , Kuis / Tugas 2, , , UTS, UAS | H31: 25
D32: CPMK033 | E32: SUBCPMK-CPMK0331 | F32: Perkuliahan/ Pertemuan, UTS, UAS | G32: Unjuk Kerja (Presensi), , , Kuis / Tugas 3, Kuis / Tugas 4, , UAS | H32: 20
C33: CPL11 | D33: CPMK111 | E33: SUBCPMK-CPMK1111 | F33: Perkuliahan/ Pertemuan, UTS, UAS | G33: Unjuk Kerja (Presensi), Kuis / Tugas 1, , Kuis / Tugas 3, , UTS, UAS | H33: 10
D34: CPMK112 | E34: SUBCPMK-CPMK1121 | F34: Perkuliahan/ Pertemuan, UTS, UAS | G34: Unjuk Kerja (Presensi), , Kuis / Tugas 2, , Kuis / Tugas 4, UTS, UAS | H34: 10 | I34: 100
A35: P.24.01.85.2.08 | B35: REKAYASA KEBUTUHAN SISTEM | C35: CPL06 | D35: CPMK061 | E35: SUBCPMK-CPMK0611 | F35: Perkuliahan/ Pertemuan, UTS, UAS | G35: Unjuk Kerja (Presensi), Kuis / Tugas 1, , , , , | H35: 7
D36: CPMK062 | E36: SUBCPMK-CPMK0621 | F36: Perkuliahan/ Pertemuan, UTS, UAS | G36: , , Kuis / Tugas 2, Kuis / Tugas 3, , UTS, | H36: 15
D37: CPMK063 | E37: SUBCPMK-CPMK0631 | F37: Perkuliahan/ Pertemuan, UTS, UAS | G37: , , , Kuis / Tugas 3, Kuis / Tugas 4, , UAS | H37: 15
C38: CPL08 | D38: CPMK081 | E38: SUBCPMK-CPMK0811 | F38: Perkuliahan/ Pertemuan, UTS, UAS | G38: , , , Kuis / Tugas 3, , , UAS | H38: 10
D39: CPMK082 | E39: SUBCPMK-CPMK0821 | F39: Perkuliahan/ Pertemuan, UTS, UAS | G39: , , , , Kuis / Tugas 4, , UAS | H39: 10
D40: CPMK083 | E40: SUBCPMK-CPMK0831 | F40: Perkuliahan/ Pertemuan, UTS, UAS | G40: , , , , Kuis / Tugas 4, , UAS | H40: 10
C41: CPL11 | D41: CPMK111 | E41: SUBCPMK-CPMK1111 | F41: Perkuliahan/ Pertemuan, UTS, UAS | G41: Unjuk Kerja (Presensi), , Kuis / Tugas 2, , , UTS, UAS | H41: 18
D42: CPMK112 | E42: SUBCPMK-CPMK1121 | F42: Perkuliahan/ Pertemuan, UTS, UAS | G42: , , , Kuis / Tugas 3, Kuis / Tugas 4, , UAS | H42: 15 | I42: 100
A43: P.24.01.85.2.09 | B43: INTERAKSI MANUSIA DAN KOMPUTER | C43: CPL07 | D43: CPMK071 | E43: SUBCPMK-CPMK0711 | F43: Perkuliahan/ Pertemuan, UTS, UAS | G43: Unjuk Kerja (Presensi), Kuis / Tugas 1, , , , , | H43: 15
D44: CPMK072 | E44: SUBCPMK-CPMK0721 | F44: Perkuliahan/ Pertemuan, UTS, UAS | G44: Unjuk Kerja (Presensi), , Kuis / Tugas 2, Kuis / Tugas 3, , UTS, | H44: 25
D45: CPMK073 | E45: SUBCPMK-CPMK0731 | F45: Perkuliahan/ Pertemuan, UTS, UAS | G45: Unjuk Kerja (Presensi), , , Kuis / Tugas 3, , , UAS | H45: 20
C46: CPL11 | D46: CPMK111 | E46: SUBCPMK-CPMK1111 | F46: Perkuliahan/ Pertemuan, UTS, UAS | G46: Unjuk Kerja (Presensi), , , , Kuis / Tugas 4, UTS, | H46: 20
D47: CPMK112 | E47: SUBCPMK-CPMK1121 | F47: Perkuliahan/ Pertemuan, UTS, UAS | G47: Unjuk Kerja (Presensi), , , , Kuis / Tugas 4, , UAS | H47: 20 | I47: 100
A48: P.24.01.85.2.10 | B48: KEAMANAN SIBER | C48: CPL06 | D48: CPMK061 | E48: SUBCPMK-CPMK0611 | F48: Perkuliahan/ Pertemuan, UTS, UAS | G48: Unjuk Kerja (Presensi), Kuis / Tugas 1, , , , , | H48: 10
D49: CPMK062 | E49: SUBCPMK-CPMK0621 | F49: Perkuliahan/ Pertemuan, UTS, UAS | G49: Unjuk Kerja (Presensi), , Kuis / Tugas 2, , , UTS, | H49: 18
D50: CPMK063 | E50: SUBCPMK-CPMK0631 | F50: Perkuliahan/ Pertemuan, UTS, UAS | G50: Unjuk Kerja (Presensi), , , Kuis / Tugas 3, Kuis / Tugas 4, , UAS | H50: 25
C51: CPL10 | D51: CPMK101 | E51: SUBCPMK-CPMK1011 | F51: Perkuliahan/ Pertemuan, UTS, UAS | G51: Unjuk Kerja (Presensi), Kuis / Tugas 1, Kuis / Tugas 2, , , UTS, | H51: 27
D52: CPMK102 | E52: SUBCPMK-CPMK1021 | F52: Perkuliahan/ Pertemuan, UTS, UAS | G52: Unjuk Kerja (Presensi), , , , Kuis / Tugas 4, , UAS | H52: 20 | I52: 100
A53: P.24.01.85.2.11 | B53: SISTEM PENDUKUNG KEPUTUSAN CERDAS | C53: CPL05 | D53: CPMK051 | E53: SUBCPMK-CPMK0511 | F53: Perkuliahan/ Pertemuan, UTS, UAS | G53: , , , , , , | H53: 0
D54: CPMK052 | E54: SUBCPMK-CPMK0521 | F54: Perkuliahan/ Pertemuan, UTS, UAS | G54: , , , , , , | H54: 0
D55: CPMK053 | E55: SUBCPMK-CPMK0531 | F55: Perkuliahan/ Pertemuan, UTS, UAS | G55: , , , , , , | H55: 0
C56: CPL10 | D56: CPMK101 | E56: SUBCPMK-CPMK1011 | F56: Perkuliahan/ Pertemuan, UTS, UAS | G56: , , , , , , | H56: 0
D57: CPMK102 | E57: SUBCPMK-CPMK1021 | F57: Perkuliahan/ Pertemuan, UTS, UAS | G57: , , , , , , | H57: 0
A58: P.24.01.85.3.12 | B58: ARSITEKTUR ENTERPRISE UNTUK TEKNOLOGI INFORMASI | C58: CPL07 | D58: CPMK071 | E58: SUBCPMK-CPMK0711 | F58: Perkuliahan/ Pertemuan, UTS, UAS | G58: Unjuk Kerja (Presensi), Kuis / Tugas 1, , , , , | H58: 10
D59: CPMK072 | E59: SUBCPMK-CPMK0721 | F59: Perkuliahan/ Pertemuan, UTS, UAS | G59: Unjuk Kerja (Presensi), , Kuis / Tugas 2, , , , | H59: 10
D60: CPMK073 | E60: SUBCPMK-CPMK0731 | F60: Perkuliahan/ Pertemuan, UTS, UAS | G60: Unjuk Kerja (Presensi), , , Kuis / Tugas 3, , , | H60: 10
C61: CPL11 | D61: CPMK111 | E61: SUBCPMK-CPMK1111 | F61: Perkuliahan/ Pertemuan, UTS, UAS | G61: Unjuk Kerja (Presensi), Kuis / Tugas 1, Kuis / Tugas 2, Kuis / Tugas 3, , UTS, UAS | H61: 37
D62: CPMK112 | E62: SUBCPMK-CPMK1121 | F62: Perkuliahan/ Pertemuan, UTS, UAS | G62: Unjuk Kerja (Presensi), , , Kuis / Tugas 3, Kuis / Tugas 4, UTS, UAS | H62: 33 | I62: 100
A63: P.24.01.85.3.13 | B63: TESIS | C63: CPL01 | D63: CPMK011 | E63: SUBCPMK-CPMK0111 | F63: Perkuliahan/ Pertemuan, UTS, UAS | G63: Unjuk Kerja (Presensi), Kuis / Tugas 1, Kuis / Tugas 2, , , , UAS | H63: 10
D64: CPMK012 | E64: SUBCPMK-CPMK0121 | F64: Perkuliahan/ Pertemuan, UTS, UAS | G64: , Kuis / Tugas 1, Kuis / Tugas 2, Kuis / Tugas 3, Kuis / Tugas 4, , UAS | H64: 10
C65: CPL02 | D65: CPMK021 | E65: SUBCPMK-CPMK0211 | F65: Perkuliahan/ Pertemuan, UTS, UAS | G65: Unjuk Kerja (Presensi), Kuis / Tugas 1, , Kuis / Tugas 3, , UTS, UAS | H65: 10
D66: CPMK022 | E66: SUBCPMK-CPMK0221 | F66: Perkuliahan/ Pertemuan, UTS, UAS | G66: , Kuis / Tugas 1, Kuis / Tugas 2, Kuis / Tugas 3, Kuis / Tugas 4, , UAS | H66: 20
C67: CPL09 | D67: CPMK091 | E67: SUBCPMK-CPMK0911 | F67: Perkuliahan/ Pertemuan, UTS, UAS | G67: , Kuis / Tugas 1, , Kuis / Tugas 3, , , | H67: 5
D68: CPMK092 | E68: SUBCPMK-CPMK0921 | F68: Perkuliahan/ Pertemuan, UTS, UAS | G68: , Kuis / Tugas 1, Kuis / Tugas 2, , , , | H68: 5
D69: CPMK093 | E69: SUBCPMK-CPMK0931 | F69: Perkuliahan/ Pertemuan, UTS, UAS | G69: , , Kuis / Tugas 2, Kuis / Tugas 3, , , UAS | H69: 15
C70: CPL11 | D70: CPMK111 | E70: SUBCPMK-CPMK1111 | F70: Perkuliahan/ Pertemuan, UTS, UAS | G70: , , Kuis / Tugas 2, Kuis / Tugas 3, , UTS, UAS | H70: 10
D71: CPMK112 | E71: SUBCPMK-CPMK1121 | F71: Perkuliahan/ Pertemuan, UTS, UAS | G71: , , , Kuis / Tugas 3, Kuis / Tugas 4, , UAS | H71: 15 | I71: 100
A72: P.24.01.85.3.14 | B72: TEKNOLOGI KEUANGAN ( FINTECH ) DAN RESIKO | C72: CPL05 | D72: CPMK051 | E72: SUBCPMK-CPMK0511 | F72: Perkuliahan/ Pertemuan, UTS, UAS | G72: Unjuk Kerja (Presensi), Kuis / Tugas 1, Kuis / Tugas 2, , , UTS, | H72: 22
D73: CPMK052 | E73: SUBCPMK-CPMK0521 | F73: Perkuliahan/ Pertemuan, UTS, UAS | G73: Unjuk Kerja (Presensi), , Kuis / Tugas 2, Kuis / Tugas 3, Kuis / Tugas 4, , UAS | H73: 28
D74: CPMK053 | E74: SUBCPMK-CPMK0531 | F74: Perkuliahan/ Pertemuan, UTS, UAS | G74: Unjuk Kerja (Presensi), , , , Kuis / Tugas 4, , UAS | H74: 18
C75: CPL09 | D75: CPMK091 | E75: SUBCPMK-CPMK0911 | F75: Perkuliahan/ Pertemuan, UTS, UAS | G75: Unjuk Kerja (Presensi), Kuis / Tugas 1, , , , , | H75: 7
D76: CPMK092 | E76: SUBCPMK-CPMK0921 | F76: Perkuliahan/ Pertemuan, UTS, UAS | G76: Unjuk Kerja (Presensi), , Kuis / Tugas 2, Kuis / Tugas 3, , , | H76: 12
D77: CPMK093 | E77: SUBCPMK-CPMK0931 | F77: Perkuliahan/ Pertemuan, UTS, UAS | G77: Unjuk Kerja (Presensi), , , Kuis / Tugas 3, Kuis / Tugas 4, , | H77: 13 | I77: 100
A78: P.24.01.85.3.15 | B78: KECERDASAN BISNIS | C78: CPL03 | D78: CPMK031 | E78: SUBCPMK-CPMK0311 | F78: Perkuliahan/ Pertemuan, UTS, UAS | G78: Unjuk Kerja (Presensi), Kuis / Tugas 1, , , , , | H78: 15
D79: CPMK032 | E79: SUBCPMK-CPMK0321 | F79: Perkuliahan/ Pertemuan, UTS, UAS | G79: Unjuk Kerja (Presensi), Kuis / Tugas 1, Kuis / Tugas 2, , , , | H79: 15
D80: CPMK033 | E80: SUBCPMK-CPMK0331 | F80: Perkuliahan/ Pertemuan, UTS, UAS | G80: Unjuk Kerja (Presensi), Kuis / Tugas 1, Kuis / Tugas 2, , , UTS, UAS | H80: 30
C81: CPL11 | D81: CPMK111 | E81: SUBCPMK-CPMK1111 | F81: Perkuliahan/ Pertemuan, UTS, UAS | G81: Unjuk Kerja (Presensi), Kuis / Tugas 1, , , , , | H81: 10
D82: CPMK112 | E82: SUBCPMK-CPMK1121 | F82: Perkuliahan/ Pertemuan, UTS, UAS | G82: Unjuk Kerja (Presensi), , Kuis / Tugas 2, Kuis / Tugas 3, , , UAS | H82: 30 | I82: 100
A83: P.24.01.85.3.16 | B83: TATA KELOLA DAN AUDIT BISNIS DIGITAL | C83: CPL03 | D83: CPMK031 | E83: SUBCPMK-CPMK0311 | F83: Perkuliahan/ Pertemuan, UTS, UAS | G83: Unjuk Kerja (Presensi), Kuis / Tugas 1, , , , , | H83: 11
D84: CPMK032 | E84: SUBCPMK-CPMK0321 | F84: Perkuliahan/ Pertemuan, UTS, UAS | G84: Unjuk Kerja (Presensi), , Kuis / Tugas 2, , , UTS, | H84: 11
D85: CPMK033 | E85: SUBCPMK-CPMK0331 | F85: Perkuliahan/ Pertemuan, UTS, UAS | G85: Unjuk Kerja (Presensi), , , Kuis / Tugas 3, , UTS, | H85: 11
C86: CPL06 | D86: CPMK061 | E86: SUBCPMK-CPMK0611 | F86: Perkuliahan/ Pertemuan, UTS, UAS | G86: Unjuk Kerja (Presensi), Kuis / Tugas 1, , , , , | H86: 11
D87: CPMK062 | E87: SUBCPMK-CPMK0621 | F87: Perkuliahan/ Pertemuan, UTS, UAS | G87: Unjuk Kerja (Presensi), , Kuis / Tugas 2, , , , | H87: 11
D88: CPMK063 | E88: SUBCPMK-CPMK0631 | F88: Perkuliahan/ Pertemuan, UTS, UAS | G88: Unjuk Kerja (Presensi), , , , Kuis / Tugas 4, , UAS | H88: 11
C89: CPL09 | D89: CPMK091 | E89: SUBCPMK-CPMK0911 | F89: Perkuliahan/ Pertemuan, UTS, UAS | G89: Unjuk Kerja (Presensi), , , , Kuis / Tugas 4, , UAS | H89: 12
D90: CPMK092 | E90: SUBCPMK-CPMK0921 | F90: Perkuliahan/ Pertemuan, UTS, UAS | G90: Unjuk Kerja (Presensi), , , , Kuis / Tugas 4, , UAS | H90: 11
D91: CPMK093 | E91: SUBCPMK-CPMK0931 | F91: Perkuliahan/ Pertemuan, UTS, UAS | G91: , , , , , , UAS | H91: 11 | I91: 100
A92: P.24.01.85.3.17 | B92: SISTEM PEMERINTAHAN BERBASIS ELEKTRONIK | C92: CPL08 | D92: CPMK081 | E92: SUBCPMK-CPMK0811 | F92: Perkuliahan/ Pertemuan, UTS, UAS | G92: Unjuk Kerja (Presensi), Kuis / Tugas 1, , , , UTS, | H92: 10
D93: CPMK082 | E93: SUBCPMK-CPMK0821 | F93: Perkuliahan/ Pertemuan, UTS, UAS | G93: Unjuk Kerja (Presensi), , Kuis / Tugas 2, , , , UAS | H93: 10
D94: CPMK083 | E94: SUBCPMK-CPMK0831 | F94: Perkuliahan/ Pertemuan, UTS, UAS | G94: Unjuk Kerja (Presensi), , , Kuis / Tugas 3, , , UAS | H94: 10
C95: CPL09 | D95: CPMK091 | E95: SUBCPMK-CPMK0911 | F95: Perkuliahan/ Pertemuan, UTS, UAS | G95: Unjuk Kerja (Presensi), Kuis / Tugas 1, , , , , | H95: 10
D96: CPMK092 | E96: SUBCPMK-CPMK0921 | F96: Perkuliahan/ Pertemuan, UTS, UAS | G96: Unjuk Kerja (Presensi), Kuis / Tugas 1, , , , , | H96: 10
D97: CPMK093 | E97: SUBCPMK-CPMK0931 | F97: Perkuliahan/ Pertemuan, UTS, UAS | G97: Unjuk Kerja (Presensi), , Kuis / Tugas 2, , , UTS, | H97: 10
C98: CPL10 | D98: CPMK101 | E98: SUBCPMK-CPMK1011 | F98: Perkuliahan/ Pertemuan, UTS, UAS | G98: Unjuk Kerja (Presensi), , , Kuis / Tugas 3, , , | H98: 10
D99: CPMK102 | E99: SUBCPMK-CPMK1021 | F99: Perkuliahan/ Pertemuan, UTS, UAS | G99: Unjuk Kerja (Presensi), , , , Kuis / Tugas 4, , UAS | H99: 10
C100: CPL11 | D100: CPMK111 | E100: SUBCPMK-CPMK1111 | F100: Perkuliahan/ Pertemuan, UTS, UAS | G100: Unjuk Kerja (Presensi), , , Kuis / Tugas 3, Kuis / Tugas 4, UTS, UAS | H100: 10
...

Sheet SKALA CPL
A1: Skala Kompetensi | B1: Rentang Nilai | C1: Deskripsi
A2: Sangat Kompeten (Exemplary) | B2: 85,50 – 100 | C2: Mahasiswa menunjukkan pemahaman yang sangat baik dan mampu menerapkan serta menganalisis konsep dengan Tingkat kedalaman yang tinggi. Dapat menyelesaikan tugas dan masalah secara mandiri serta inovatif. | D2: Sangat Mampu
A3: Kompeten (Competent) | B3: 65,50 – 85,49 | C3: Mahasiswa memiliki pemahaman yang baik dan dapat menerapkan konsep secara efektif dalam berbagai situasi. Mampu menyelesaikan tugas dengan bimbingan minimal. | D3: Mampu
A4: Berkembang (Develop) | B4: 49,50 – 65,49 | C4: Mahasiswa memiliki pemahaman dasar yang cukup, tetapi masih memerlukan bimbingan dalam penerapan konsep. Penyelesaian tugas masih terbatas pada situasi yang sederhana. | D4: Cukup Mampu
A5: Tidak Memuaskan (Unstatisfactory) | B5: 0 – 49,49 | C5: Mahaisiswa belum memiliki pemahaman dan ketrampilan. Masih memutuhkan banyak bimbingan dalam memahami dan menerapkan konsep dasar. | D5: Kurang Mampu

Sheet IMPLEMENTASI RUBIK
K2: ='SKALA CPL'!$A$2 -> Sangat Kompeten (Exemplary) | L2: ='SKALA CPL'!$A$3 -> Kompeten (Competent) | M2: ='SKALA CPL'!$A$4 -> Berkembang (Develop) | N2: ='SKALA CPL'!$A$5 -> Tidak Memuaskan (Unstatisfactory)
A3: KODE MK | B3: MATA KULIAH | C3: CPL | D3: DESKRIPSI CPL | E3: CPMK | F3: DESKRIPSI CPMK | G3: SUB CPMK | H3: DESKRIPSI SUB CPMK | I3: Bobot | J3: Total | K3: ='SKALA CPL'!B2 -> 85,50 – 100 | L3: ='SKALA CPL'!B3 -> 65,50 – 85,49 | M3: ='SKALA CPL'!B4 -> 49,50 – 65,49 | N3: ='SKALA CPL'!B5 -> 0 – 49,49
