Workbook

Sheet Mhsw2024
A1: No | B1: NIM | C1: Nama Mahasiswa
A2: 1 | B2: 24.05.52.0002 | C2: SNEHA JAYA BAIDURI
A3: 2 | B3: 24.05.52.0003 | C3: ALFARIESSA GIFTHA ANDREA PITALOKA
A4: 3 | B4: 24.05.52.0004 | C4: MAHARANI PUTRI RUSTIANTI
A5: 4 | B5: 24.05.52.0005 | C5: FLORA SUCI FERONIKA
A6: 5 | B6: 24.05.52.0006 | C6: AATHIRA AUFA AZ-ZAHRA
A7: 6 | B7: 24.05.52.0007 | C7: SHEILA MONA PUTRI IKSANTI
A8: 7 | B8: 24.05.52.0008 | C8: RAIHAN RIFA MAHARADITYA
A9: 8 | B9: 24.05.52.0009 | C9: MARLINA DWI SAPUTRI
A10: 9 | B10: 24.05.52.0011 | C10: JONATHAN REXY FERDINAN
A11: 10 | B11: 24.05.52.0012 | C11: GITA TEONANDA ARELLIA
A12: 11 | B12: 24.05.52.0013 | C12: MUHAMMAD MAFTUF
A13: 12 | B13: 24.05.52.0014 | C13: ARELIA SALSABILA SAFITRI
... A35: 34 | B35: 24.05.52.3012 | C35: RORO AYU SUKMAWATI

Sheet ListMKSmt-1
A1: No | B1: ID | C1: Smtr | D1: Kode Matakuliah | E1: Nama Matakuliah | F1: Kategori | G1: SKS | H1: 1 | I1: 2 | J1: 3 | K1: 4 | L1: 5 | M1: 6 | N1: 7 | O1: 8 | AF1: No | AH1: Kode Matakuliah | AI1: Nama Matakuliah | AJ1: Kategori | AK1: SKS | AL1: 1 | AM1: 2 | AN1: 3 | AO1: 4 | AP1: 5 | AQ1: 6 | AR1: 7 | AS1: 8
A2: 1 | B2: MK1 | C2: I | D2: P.24.05.52.1.01 | E2: Akuntansi Pengantar 1 | F2: Wajib | G2: 3 | H2: V | AF2: 1 | AG2: MK1 | AH2: P.20.01.55.1.01 | AI2: TEORI MANAJEMEN | AJ2: Wajib | AK2: 2 | AL2: V
A3: 2 | B3: MK2 | C3: I | D3: P.24.05.52.1.02 | E3: Perpajakan 1 | F3: Wajib | G3: 3 | H3: V | AF3: 2 | AG3: MK2 | AH3: P.20.01.55.1.02 | AI3: TEORI ORGANISASI | AJ3: Wajib | AK3: 2 | AL3: V
A4: 3 | B4: MK3 | C4: I | D4: P.24.05.52.1.03 | E4: Etika Bisnis dan Profesi | F4: Wajib | G4: 2 | H4: V | AF4: 3 | AG4: MK3 | AH4: P.20.01.55.1.03 | AI4: KONSEP SISTEM DAN TEKNOLOGI INFORMASI | AJ4: Wajib | AK4: 2 | AL4: V
A5: 4 | B5: MK4 | C5: I | D5: P.24.05.52.1.04 | E5: Teori Ekonomi | F5: Wajib | G5: 3 | H5: V | AF5: 4 | AG5: MK4 | AH5: P.20.01.55.1.04 | AI5: LOGIKA DAN ALGORITMA | AJ5: Wajib | AK5: 3 | AL5: V
A6: 5 | B6: MK5 | C6: I | D6: P.24.05.52.1.05 | E6: Hukum Bisnis dan Perikatan | F6: Wajib | G6: 2 | H6: V | AF6: 5 | AG6: MK5 | AH6: P.20.01.55.1.05 | AI6: BAHASA PEMROGRAMAN | AJ6: Wajib | AK6: 2 | AL6: V
A7: 6 | B7: MK6 | C7: I | D7: U.24.05.52.1.01 | E7: Agama | F7: Wajib | G7: 2 | H7: V | AF7: 6 | AG7: MK6 | AH7: P.20.01.55.1.06 | AI7: LOGIKA MATEMATIKA | AJ7: Wajib | AK7: 3 | AL7: V
A8: 7 | B8: MK7 | C8: I | D8: U.24.05.52.1.02 | E8: Kewarganegaraan | F8: Wajib | G8: 2 | H8: V | AF8: 7 | AG8: MK7 | AH8: P.20.01.55.1.07 | AI8: MANAJEMEN BASIS DATA | AJ8: Wajib | AK8: 3 | AL8: V
A9: 8 | B9: MK8 | C9: I | D9: U.24.05.52.1.03 | E9: English for Business | F9: Wajib | G9: 2 | H9: V | AF9: 8 | AG9: MK8 | AH9: U.20.01.55.1.01 | AI9: BAHASA INGGRIS DASAR | AJ9: Wajib | AK9: 2 | AL9: V
A10: 19 | AF10: 9 | AG10: MK9 | AH10: P.20.01.55.2.08 | AI10: ANALISA SISTEM INFORMASI | AJ10: Wajib | AK10: 3 | AM10: V

Sheet MK1-TM
A1: FORM MONITORING DAN EVALUASI
A2: KETERCAPAIAN CAPAIAN PEMBELAJARAN MATAKULIAH(CPMK) PADA SATU ANGKATAN
A4: Tahun Akademik | C4: : 2024/2025 | E4: Program Studi | F4: : Akuntansi
A5: Kode Matakuliah | C5: : P.24.05.52.1.01 | E5: Fakultas | F5: : Ekonomika dan Bisnis
A6: Nama Matakuliah | C6: : Akuntansi Pengantar 1
A7: SKS Matakuliah | C7: : 3
A8: Semester/ Kelas | C8: : I / A1+DLC
A9: Dosen Pengampu | C9: : 1. YU.2.03.04.059 RR. Tjahjaning Poerwati, SE., M.Si, Ak, CA
C10: : 2. YU.2.20.01.122 Muhammad Ali Ma`Sum, S.E., M.Sc
D12: MK1 | F12: Nilai Akhir MK | G12: Nilai Huruf
D13: P.24.05.52.1.01
D14: Akuntansi Pengantar 1
D15: CPL02 | E15: CPL02
D16: CPMK021 | E16: CPMK023
D17: 50 | E17: 50
A18: No | B18: NIM | C18: Nama Mahasiswa
A19: 1 | B19: 24.05.52.0002 | C19: SNEHA JAYA BAIDURI | D19: 77.5 | E19: 82 | F19: =IFERROR((D19*($D$17/100))+(E19*($E$17/100)),"") -> 79.75 | G19: =IFERROR(VLOOKUP(F19,[1]Sheet1!$AA$1:$AB$10,2),"") -> B+
A20: 2 | B20: 24.05.52.0003 | C20: ALFARIESSA GIFTHA ANDREA PITALOKA | D20: 94 | E20: 99.5 | F20: =IFERROR((D20*($D$17/100))+(E20*($E$17/100)),"") -> 96.75 | G20: =IFERROR(VLOOKUP(F20,[1]Sheet1!$AA$1:$AB$10,2),"") -> A
A21: 3 | B21: 24.05.52.0004 | C21: MAHARANI PUTRI RUSTIANTI | D21: 93 | E21: 98.5 | F21: =IFERROR((D21*($D$17/100))+(E21*($E$17/100)),"") -> 95.75 | G21: =IFERROR(VLOOKUP(F21,[1]Sheet1!$AA$1:$AB$10,2),"") -> A
A22: 4 | B22: 24.05.52.0005 | C22: FLORA SUCI FERONIKA | D22: 77.5 | E22: 82 | F22: =IFERROR((D22*($D$17/100))+(E22*($E$17/100)),"") -> 79.75 | G22: =IFERROR(VLOOKUP(F22,[1]Sheet1!$AA$1:$AB$10,2),"") -> B+
A23: 5 | B23: 24.05.52.0006 | C23: AATHIRA AUFA AZ-ZAHRA | D23: 77.5 | E23: 82.5 | F23: =IFERROR((D23*($D$17/100))+(E23*($E$17/100)),"") -> 80 | G23: =IFERROR(VLOOKUP(F23,[1]Sheet1!$AA$1:$AB$10,2),"") -> B+
A24: 6 | B24: 24.05.52.0007 | C24: SHEILA MONA PUTRI IKSANTI | D24: 76.3 | E24: 80.8 | F24: =IFERROR((D24*($D$17/100))+(E24*($E$17/100)),"") -> 78.55 | G24: =IFERROR(VLOOKUP(F24,[1]Sheet1!$AA$1:$AB$10,2),"") -> B+
A25: 7 | B25: 24.05.52.0008 | C25: RAIHAN RIFA MAHARADITYA | D25: 93 | E25: 99 | F25: =IFERROR((D25*($D$17/100))+(E25*($E$17/100)),"") -> 96 | G25: =IFERROR(VLOOKUP(F25,[1]Sheet1!$AA$1:$AB$10,2),"") -> A
A26: 8 | B26: 24.05.52.0009 | C26: MARLINA DWI SAPUTRI | D26: 77.5 | E26: 82 | F26: =IFERROR((D26*($D$17/100))+(E26*($E$17/100)),"") -> 79.75 | G26: =IFERROR(VLOOKUP(F26,[1]Sheet1!$AA$1:$AB$10,2),"") -> B+
A27: 9 | B27: 24.05.52.0011 | C27: JONATHAN REXY FERDINAN | D27: 77.5 | E27: 81.5 | F27: =IFERROR((D27*($D$17/100))+(E27*($E$17/100)),"") -> 79.5 | G27: =IFERROR(VLOOKUP(F27,[1]Sheet1!$AA$1:$AB$10,2),"") -> B+
A28: 10 | B28: 24.05.52.0012 | C28: GITA TEONANDA ARELLIA | D28: 94 | E28: 99.5 | F28: =IFERROR((D28*($D$17/100))+(E28*($E$17/100)),"") -> 96.75 | G28: =IFERROR(VLOOKUP(F28,[1]Sheet1!$AA$1:$AB$10,2),"") -> A
A29: 11 | B29: 24.05.52.0013 | C29: MUHAMMAD MAFTUF | D29: 82 | E29: 86.5 | F29: =IFERROR((D29*($D$17/100))+(E29*($E$17/100)),"") -> 84.25 | G29: =IFERROR(VLOOKUP(F29,[1]Sheet1!$AA$1:$AB$10,2),"") -> B+
A30: 12 | B30: 24.05.52.0014 | C30: ARELIA SALSABILA SAFITRI | D30: 94 | E30: 99.5 | F30: =IFERROR((D30*($D$17/100))+(E30*($E$17/100)),"") -> 96.75 | G30: =IFERROR(VLOOKUP(F30,[1]Sheet1!$AA$1:$AB$10,2),"") -> A
... A52: 34 | B52: 24.05.52.3012 | C52: RORO AYU SUKMAWATI | D52: 80.25 | E52: 80.25 | F52: =IFERROR((D52*($D$17/100))+(E52*($E$17/100)),"") -> 80.25 | G52: =IFERROR(VLOOKUP(F52,[1]Sheet1!$AA$1:$AB$10,2),"") -> B+
D54: =D16 -> CPMK021 | E54: =E16 -> CPMK023 | F54: =F12 -> Nilai Akhir MK
C55: Tidak KRS/ Tidak Aktif | D55: =IFERROR(COUNTIF(D19:D52,""),"") -> 0 | E55: =IFERROR(COUNTIF(E19:E52,""),"") -> 0 | F55: =IFERROR(COUNTIF(F19:F52,""),"") -> 0
C56: <=65 | D56: =IFERROR(COUNTIF(D19:D52,C56)+COUNTIF(D19:D52,""),"")-D55 -> 0 | E56: =COUNTIF(E19:E52,C56)+COUNTIF(E19:E52,"")-E55 -> 0 | F56: =IFERROR(COUNTIF(F19:F52,C56)+COUNTIF(F19:F52,""),"")-F55 -> 0
C57: <85 | D57: =IFERROR(COUNTIF(D19:D52,C57)-D56,"") -> 24 | E57: =COUNTIF(E19:E52,C57)-E56 -> 19 | F57: =IFERROR(COUNTIF(F19:F52,C57)-F56,"") -> 23
C58: >=85 | D58: =COUNTIF(D19:D52,C58) -> 10 | E58: =COUNTIF(E19:E52,C58) -> 15 | F58: =IFERROR(COUNTIF(F19:F52,C58),"") -> 11
C59: Total | D59: =SUM(D55:D58) -> 34 | E59: =SUM(E55:E58) -> 34 | F59: =SUM(F55:F58) -> 34
C61: Jumlah mhsw yg lulus CPMK | D61: =(D57+D58)/(D59-D55) -> 1 | E61: =(E57+E58)/(E59-E55) -> 1 | F61: =(F57+F58)/(F59-F55) -> 1
C63: Minimal | D63: =MIN(D19:D52) -> 75.6 | E63: =MIN(E19:E52) -> 76.6 | F63: =IFERROR(MIN(F19:F52),"") -> 76.1
C64: Maksimal | D64: =MAX(D19:D37) -> 94 | E64: =MAX(E19:E52) -> 99.5 | F64: =IFERROR(MAX(F19:F52),"") -> 96.75
C65: Rata-Rata | D65: =AVERAGE(D19:D52) -> 83.072059 | E65: =AVERAGE(E19:E52) -> 85.939706 | F65: =IFERROR(AVERAGE(F19:F52),"") -> 84.505882

Sheet MK2-TO
A1: FORM MONITORING DAN EVALUASI
A2: KETERCAPAIAN CAPAIAN PEMBELAJARAN MATAKULIAH(CPMK) PADA SATU ANGKATAN
A4: Tahun Akademik | C4: : 2024/2025 | H4: Program Studi | I4: : Akuntansi
A5: Kode Matakuliah | C5: : P.24.01.52.1.02 | H5: Fakultas | I5: : Ekonomika dan Bisnis
A6: Nama Matakuliah | C6: : Perpajakan 1
A7: SKS Matakuliah | C7: : 2
A8: Semester/ Kelas | C8: : I / A1+DLC
A9: Dosen Pengampu | C9: : 1.Y.2.93.01.090 - Jaeni, S.E., M.Si., Ak., CA
C10: : 2.Y.3.00.10.075 - Rachmawati Meita O, S.E., M.Si., Ak., CA
D12: MK2 | I12: Nilai Akhir MK | J12: Nilai Huruf
D13: =TRIM(MID(C5,3,100)) -> P.24.01.52.1.02
D14: =TRIM(MID(C6,3,100)) -> Perpajakan 1
D15: CPL10 | E15: CPL10 | F15: CPL10 | G15: CPL10 | H15: CPL11
D16: CPMK101 | E16: CPMK102 | F16: CPMK103 | G16: CPMK104 | H16: CPMK111
D17: 16 | E17: 16 | F17: 26 | G17: 21 | H17: 21
A18: No | B18: NIM | C18: Nama Mahasiswa
A19: 1 | B19: 24.05.52.0002 | C19: SNEHA JAYA BAIDURI | D19: 79.25 | E19: 80.5 | F19: 83.38 | G19: 80.86 | H19: 83 | I19: =IFERROR((D19*($D$17/100))+(E19*($E$17/100))+(F19*($F$17/100))+(G19*($G$17/100))+(H19*($H$17/100)),"") -> 81.6494 | J19: =IFERROR(VLOOKUP(I19,[2]Sheet1!$AA$1:$AB$10,2),"") -> B+
A20: 2 | B20: 24.05.52.0003 | C20: ALFARIESSA GIFTHA ANDREA PITALOKA | D20: 76.13 | E20: 78.63 | F20: 86.46 | G20: 78.9 | H20: 86.1 | I20: =IFERROR((D20*($D$17/100))+(E20*($E$17/100))+(F20*($F$17/100))+(G20*($G$17/100))+(H20*($H$17/100)),"") -> 81.8912 | J20: =IFERROR(VLOOKUP(I20,[2]Sheet1!$AA$1:$AB$10,2),"") -> B+
A21: 3 | B21: 24.05.52.0004 | C21: MAHARANI PUTRI RUSTIANTI | D21: 78 | E21: 80.5 | F21: 84.15 | G21: 81.05 | H21: 83.95 | I21: =IFERROR((D21*($D$17/100))+(E21*($E$17/100))+(F21*($F$17/100))+(G21*($G$17/100))+(H21*($H$17/100)),"") -> 81.889 | J21: =IFERROR(VLOOKUP(I21,[2]Sheet1!$AA$1:$AB$10,2),"") -> B+
A22: 4 | B22: 24.05.52.0005 | C22: FLORA SUCI FERONIKA | D22: 78 | E22: 80.5 | F22: 84.15 | G22: 80.86 | H22: 83.95 | I22: =IFERROR((D22*($D$17/100))+(E22*($E$17/100))+(F22*($F$17/100))+(G22*($G$17/100))+(H22*($H$17/100)),"") -> 81.8491 | J22: =IFERROR(VLOOKUP(I22,[2]Sheet1!$AA$1:$AB$10,2),"") -> B+
A23: 5 | B23: 24.05.52.0006 | C23: AATHIRA AUFA AZ-ZAHRA | D23: 78.63 | E23: 81.13 | F23: 80.31 | G23: 81.57 | H23: 80.38 | I23: =IFERROR((D23*($D$17/100))+(E23*($E$17/100))+(F23*($F$17/100))+(G23*($G$17/100))+(H23*($H$17/100)),"") -> 80.4517 | J23: =IFERROR(VLOOKUP(I23,[2]Sheet1!$AA$1:$AB$10,2),"") -> B+
A24: 6 | B24: 24.05.52.0007 | C24: SHEILA MONA PUTRI IKSANTI | D24: 76.75 | E24: 78 | F24: 83.38 | G24: 78 | H24: 83 | I24: =IFERROR((D24*($D$17/100))+(E24*($E$17/100))+(F24*($F$17/100))+(G24*($G$17/100))+(H24*($H$17/100)),"") -> 80.2488 | J24: =IFERROR(VLOOKUP(I24,[2]Sheet1!$AA$1:$AB$10,2),"") -> B+
A25: 7 | B25: 24.05.52.0008 | C25: RAIHAN RIFA MAHARADITYA | D25: 76.13 | E25: 77.38 | F25: 84.15 | G25: 77.29 | H25: 83.71 | I25: =IFERROR((D25*($D$17/100))+(E25*($E$17/100))+(F25*($F$17/100))+(G25*($G$17/100))+(H25*($H$17/100)),"") -> 80.2506 | J25: =IFERROR(VLOOKUP(I25,[2]Sheet1!$AA$1:$AB$10,2),"") -> B+
A26: 8 | B26: 24.05.52.0009 | C26: MARLINA DWI SAPUTRI | D26: 76.75 | E26: 80.5 | F26: 84.15 | G26: 79.43 | H26: 83.95 | I26: =IFERROR((D26*($D$17/100))+(E26*($E$17/100))+(F26*($F$17/100))+(G26*($G$17/100))+(H26*($H$17/100)),"") -> 81.3488 | J26: =IFERROR(VLOOKUP(I26,[2]Sheet1!$AA$1:$AB$10,2),"") -> B+
A27: 9 | B27: 24.05.52.0011 | C27: JONATHAN REXY FERDINAN | D27: 78 | E27: 81.75 | F27: 80.31 | G27: 81.05 | H27: 80.38 | I27: =IFERROR((D27*($D$17/100))+(E27*($E$17/100))+(F27*($F$17/100))+(G27*($G$17/100))+(H27*($H$17/100)),"") -> 80.3409 | J27: =IFERROR(VLOOKUP(I27,[2]Sheet1!$AA$1:$AB$10,2),"") -> B+
A28: 10 | B28: 24.05.52.0012 | C28: GITA TEONANDA ARELLIA | D28: 78 | E28: 80.5 | F28: 84.15 | G28: 80.86 | H28: 83.95 | I28: =IFERROR((D28*($D$17/100))+(E28*($E$17/100))+(F28*($F$17/100))+(G28*($G$17/100))+(H28*($H$17/100)),"") -> 81.8491 | J28: =IFERROR(VLOOKUP(I28,[2]Sheet1!$AA$1:$AB$10,2),"") -> B+
A29: 11 | B29: 24.05.52.0013 | C29: MUHAMMAD MAFTUF | D29: 76.13 | E29: 78.63 | F29: 84.15 | G29: 78.71 | H29: 83.95 | I29: =IFERROR((D29*($D$17/100))+(E29*($E$17/100))+(F29*($F$17/100))+(G29*($G$17/100))+(H29*($H$17/100)),"") -> 80.7992 | J29: =IFERROR(VLOOKUP(I29,[2]Sheet1!$AA$1:$AB$10,2),"") -> B+
A30: 12 | B30: 24.05.52.0014 | C30: ARELIA SALSABILA SAFITRI | D30: 78 | E30: 80.5 | F30: 84.15 | G30: 81.62 | H30: 83.95 | I30: =IFERROR((D30*($D$17/100))+(E30*($E$17/100))+(F30*($F$17/100))+(G30*($G$17/100))+(H30*($H$17/100)),"") -> 82.0087 | J30: =IFERROR(VLOOKUP(I30,[2]Sheet1!$AA$1:$AB$10,2),"") -> B+
... A52: 34 | B52: 24.05.52.3012 | C52: RORO AYU SUKMAWATI | D52: 70.63 | E52: 53.13 | F52: 44.23 | G52: 70.48 | H52: 42.86 | I52: =IFERROR((D52*($D$17/100))+(E52*($E$17/100))+(F52*($F$17/100))+(G52*($G$17/100))+(H52*($H$17/100)),"") -> 55.1028 | J52: =IFERROR(VLOOKUP(I52,[2]Sheet1!$AA$1:$AB$10,2),"") -> C-
D55: =D17 -> 16 | E55: =E17 -> 16 | F55: =F17 -> 26 | G55: =G17 -> 21 | H55: =H17 -> 21 | I55: =I17 -> 0
C56: Tidak KRS/ Tidak Aktif | D56: =IFERROR(COUNTIF(D19:D52,""),"") -> 0 | E56: =IFERROR(COUNTIF(E19:E52,""),"") -> 0 | F56: =IFERROR(COUNTIF(F19:F52,""),"") -> 0 | G56: =IFERROR(COUNTIF(G19:G52,""),"") -> 0 | H56: =IFERROR(COUNTIF(H19:H52,""),"") -> 0 | I56: =IFERROR(COUNTIF(I19:I52,""),"") -> 0
C57: <=65 | D57: =IFERROR(COUNTIF(D19:D52,C57)-D56,"") -> 0 | E57: =IFERROR(COUNTIF(E19:E52,D57)+COUNTIF(E19:E52,""),"")-E56 -> 0 | F57: =IFERROR(COUNTIF(F19:F52,E57)+COUNTIF(F19:F52,""),"")-F56 -> 0 | G57: =IFERROR(COUNTIF(G19:G52,F57)+COUNTIF(G19:G52,""),"")-G56 -> 0 | H57: =IFERROR(COUNTIF(H19:H52,C57)+COUNTIF(H19:H52,""),"")-H56 -> 1 | I57: =IFERROR(COUNTIF(I19:I52,C57)+COUNTIF(I19:I52,""),"")-I56 -> 1
C58: <85 | D58: =IFERROR(COUNTIF(D19:D52,C58)-D57,"") -> 34 | E58: =IFERROR(COUNTIF(E19:E52,C58)-E57,"") -> 34 | F58: =IFERROR(COUNTIF(F19:F52,C58)-F57,"") -> 29 | G58: =IFERROR(COUNTIF(G19:G52,C58)-G57,"") -> 34 | H58: =IFERROR(COUNTIF(H19:H52,C58)-H57,"") -> 28 | I58: =IFERROR(COUNTIF(I19:I52,C58)-I57,"") -> 33
C59: >=85 | D59: =COUNTIF(D20:D53,C59) -> 0 | E59: =COUNTIF(E20:E53,C59) -> 0 | F59: =IFERROR(COUNTIF(F19:F52,C59),"") -> 5 | G59: =IFERROR(COUNTIF(G20:G53,D59),"") -> 0 | H59: =IFERROR(COUNTIF(H19:H52,C59),"") -> 5 | I59: =IFERROR(COUNTIF(I19:I52,C59),"") -> 0
C60: Total | D60: =SUM(D56:D59) -> 34 | E60: =SUM(E56:E59) -> 34 | F60: =SUM(F56:F59) -> 34 | G60: =SUM(G56:G59) -> 34 | H60: =SUM(H56:H59) -> 34 | I60: =SUM(I56:I59) -> 34
C62: Jumlah mhsw yg lulus CPMK | D62: =(D58+D59)/(D60-D56) -> 1 | E62: =(E58+E59)/(E60-E56) -> 1 | F62: =(F58+F59)/(F60-F56) -> 1 | G62: =(G58+G59)/(G60-G56) -> 1 | H62: =(H58+H59)/(H60-H56) -> 0.97058824 | I62: =(I58+I59)/(I60-I56) -> 0.97058824
C64: Minimal | D64: =MIN(D19:D52) -> 69.25 | E64: =MIN(E19:E52) -> 53.13 | F64: =MIN(F19:F52) -> 44.23 | G64: =MIN(G19:G52) -> 63.24 | H64: =MIN(H19:H52) -> 42.86 | I64: =IFERROR(MIN(I19:I52),"") -> 55.1028
C65: Maksimal | D65: =MAX(D19:D52) -> 82.5 | E65: =MAX(E19:E52) -> 84.5 | F65: =MAX(F19:F52) -> 86.46 | G65: =MAX(G19:G52) -> 83.81 | H65: =MAX(H19:H52) -> 86.48 | I65: =IFERROR(MAX(I19:I52),"") -> 84.5597
C66: Rata-Rata | D66: =AVERAGE(D19:D52) -> 77.273824 | E66: =AVERAGE(E19:E52) -> 78.442941 | F66: =AVERAGE(F19:F52) -> 80.710882 | G66: =AVERAGE(G19:G52) -> 78.175588 | H66: =AVERAGE(H19:H52) -> 80.661176 | I66: =IFERROR(AVERAGE(I19:I52),"") -> 79.255232

Sheet MK3-PSTI
A1: FORM MONITORING DAN EVALUASI
A2: KETERCAPAIAN CAPAIAN PEMBELAJARAN MATAKULIAH(CPMK) PADA SATU ANGKATAN
A4: Tahun Akademik | C4: : 2024/2025 | E4: Program Studi | F4: : Akuntansi
A5: Kode Matakuliah | C5: : P.24.05.52.1.03 | E5: Fakultas | F5: : Ekonomika dan Bisnis
A6: Nama Matakuliah | C6: : Etika Bisnis dan Profesi
A7: SKS Matakuliah | C7: : 2
A8: Semester/ Kelas | C8: : I / A1+DLC
A9: Dosen Pengampu | C9: : 1.Y.2.93.01.091 - Dr. Pancawati Hardiningsih, SE, M.Si, Ak, CA, Asean CPA, CSR
C10: : 2.Y.2.00.04.115 - Arief Himmawan Dwi Nugroho, SE, MM, M.Si., Ak, CA, CPA.
D12: MK3 | F12: Nilai Akhir MK | G12: Nilai Huruf
D13: =TRIM(MID(C5,2,20)) -> P.24.05.52.1.03
D14: =TRIM(MID(C6,2,100)) -> Etika Bisnis dan Profesi
D15: CPL08 | E15: CPL09
D16: CPMK81 | E16: CPMK91
D17: 50 | E17: 50
A18: No | B18: NIM | C18: Nama Mahasiswa
A19: 1 | B19: 24.05.52.0002 | C19: SNEHA JAYA BAIDURI | D19: 79 | E19: 82.5 | F19: =IFERROR((D19*($D$17/100))+(E19*($E$17/100)),"") -> 80.75 | G19: =IFERROR(VLOOKUP(F19,[3]Sheet1!$AA$1:$AB$10,2),"") -> B+
A20: 2 | B20: 24.05.52.0003 | C20: ALFARIESSA GIFTHA ANDREA PITALOKA | D20: 86 | E20: 86 | F20: =IFERROR((D20*($D$17/100))+(E20*($E$17/100)),"") -> 86 | G20: =IFERROR(VLOOKUP(F20,[2]Sheet1!$AA$1:$AB$10,2),"") -> A-
A21: 3 | B21: 24.05.52.0004 | C21: MAHARANI PUTRI RUSTIANTI | D21: 84 | E21: 86 | F21: =IFERROR((D21*($D$17/100))+(E21*($E$17/100)),"") -> 85 | G21: =IFERROR(VLOOKUP(F21,[2]Sheet1!$AA$1:$AB$10,2),"") -> A-
A22: 4 | B22: 24.05.52.0005 | C22: FLORA SUCI FERONIKA | D22: 78.4 | E22: 81.9 | F22: =IFERROR((D22*($D$17/100))+(E22*($E$17/100)),"") -> 80.15 | G22: =IFERROR(VLOOKUP(F22,[2]Sheet1!$AA$1:$AB$10,2),"") -> B+
A23: 5 | B23: 24.05.52.0006 | C23: AATHIRA AUFA AZ-ZAHRA | D23: 77 | E23: 82.5 | F23: =IFERROR((D23*($D$17/100))+(E23*($E$17/100)),"") -> 79.75 | G23: =IFERROR(VLOOKUP(F23,[2]Sheet1!$AA$1:$AB$10,2),"") -> B+
A24: 6 | B24: 24.05.52.0007 | C24: SHEILA MONA PUTRI IKSANTI | D24: 76.4 | E24: 81.9 | F24: =IFERROR((D24*($D$17/100))+(E24*($E$17/100)),"") -> 79.15 | G24: =IFERROR(VLOOKUP(F24,[2]Sheet1!$AA$1:$AB$10,2),"") -> B+
A25: 7 | B25: 24.05.52.0008 | C25: RAIHAN RIFA MAHARADITYA | D25: 86 | E25: 89.5 | F25: =IFERROR((D25*($D$17/100))+(E25*($E$17/100)),"") -> 87.75 | G25: =IFERROR(VLOOKUP(F25,[2]Sheet1!$AA$1:$AB$10,2),"") -> A-
A26: 8 | B26: 24.05.52.0009 | C26: MARLINA DWI SAPUTRI | D26: 79 | E26: 82.5 | F26: =IFERROR((D26*($D$17/100))+(E26*($E$17/100)),"") -> 80.75 | G26: =IFERROR(VLOOKUP(F26,[2]Sheet1!$AA$1:$AB$10,2),"") -> B+
A27: 9 | B27: 24.05.52.0011 | C27: JONATHAN REXY FERDINAN | D27: 82.5 | E27: 82.5 | F27: =IFERROR((D27*($D$17/100))+(E27*($E$17/100)),"") -> 82.5 | G27: =IFERROR(VLOOKUP(F27,[2]Sheet1!$AA$1:$AB$10,2),"") -> B+
A28: 10 | B28: 24.05.52.0012 | C28: GITA TEONANDA ARELLIA | D28: 86 | E28: 86 | F28: =IFERROR((D28*($D$17/100))+(E28*($E$17/100)),"") -> 86 | G28: =IFERROR(VLOOKUP(F28,[2]Sheet1!$AA$1:$AB$10,2),"") -> A-
A29: 11 | B29: 24.05.52.0013 | C29: MUHAMMAD MAFTUF | D29: 86 | E29: 86 | F29: =IFERROR((D29*($D$17/100))+(E29*($E$17/100)),"") -> 86 | G29: =IFERROR(VLOOKUP(F29,[2]Sheet1!$AA$1:$AB$10,2),"") -> A-
A30: 12 | B30: 24.05.52.0014 | C30: ARELIA SALSABILA SAFITRI | D30: 89.5 | E30: 89.5 | F30: =IFERROR((D30*($D$17/100))+(E30*($E$17/100)),"") -> 89.5 | G30: =IFERROR(VLOOKUP(F30,[2]Sheet1!$AA$1:$AB$10,2),"") -> A-
A31: 13 | B31: 24.05.52.0015 | C31: JULLER IBEL LAURENTIUS TURNIP | D31: 67.4 | E31: 74.4 | F31: =IFERROR((D31*($D$17/100))+(E31*($E$17/100)),"") -> 70.9 | G31: =IFERROR(VLOOKUP(F31,[2]Sheet1!$AA$1:$AB$10,2),"") -> B
... A52: 34 | B52: 24.05.52.3012 | C52: RORO AYU SUKMAWATI | D52: 10 | E52: 10 | F52: =IFERROR((D52*($D$17/100))+(E52*($E$17/100)),"") -> 10 | G52: =IFERROR(VLOOKUP(F52,[2]Sheet1!$AA$1:$AB$10,2),"") -> E
D54: =D16 -> CPMK81 | E54: =E16 -> CPMK91 | F54: =F12 -> Nilai Akhir MK
C55: Tidak KRS/ Tidak Aktif | D55: =IFERROR(COUNTIF(D19:D52,""),"") -> 0 | E55: =IFERROR(COUNTIF(E19:E52,""),"") -> 0 | F55: =IFERROR(COUNTIF(F19:F52,""),"") -> 0
C56: <=65 | D56: =IFERROR(COUNTIF(D19:D52,C56)+COUNTIF(D19:D52,""),"")-D55 -> 2 | E56: =COUNTIF(E19:E52,C56)+COUNTIF(E19:E52,"")-E55 -> 6 | F56: =IFERROR(COUNTIF(F19:F52,C56)+COUNTIF(F19:F52,""),"")-F55 -> 6
C57: <85 | D57: =IFERROR(COUNTIF(D19:D52,C57)-D56,"") -> 15 | E57: =COUNTIF(E19:E52,C57)-E56 -> 10 | F57: =IFERROR(COUNTIF(F19:F52,C57)-F56,"") -> 10
C58: >=85 | D58: =COUNTIF(D19:D52,C58) -> 17 | E58: =COUNTIF(E19:E52,C58) -> 18 | F58: =IFERROR(COUNTIF(F19:F52,C58),"") -> 18
C59: Total | D59: =SUM(D55:D58) -> 34 | E59: =SUM(E55:E58) -> 34 | F59: =SUM(F55:F58) -> 34
C61: Jumlah mhsw yg lulus CPMK | D61: =(D57+D58)/(D59-D55) -> 0.94117647 | E61: =(E57+E58)/(E59-E55) -> 0.82352941 | F61: =(F57+F58)/(F59-F55) -> 0.82352941
C63: Minimal | D63: =MIN(D19:D52) -> 10 | E63: =MIN(E19:E52) -> 10 | F63: =IFERROR(MIN(F19:F52),"") -> 10
C64: Maksimal | D64: =MAX(D19:D37) -> 89.5 | E64: =MAX(E19:E52) -> 96.5 | F64: =IFERROR(MAX(F19:F52),"") -> 91.25
C65: Rata-Rata | D65: =AVERAGE(D19:D52) -> 77.911765 | E65: =AVERAGE(E19:E52) -> 76.726471 | F65: =IFERROR(AVERAGE(F19:F52),"") -> 77.319118

Sheet MK4-L&A
A1: FORM MONITORING DAN EVALUASI
A2: KETERCAPAIAN CAPAIAN PEMBELAJARAN MATAKULIAH(CPMK) PADA SATU ANGKATAN
A4: Tahun Akademik | C4: : 2024/2025 | E4: Program Studi | F4: : Akuntansi
A5: Kode Matakuliah | C5: : P.24.05.52.1.04 | E5: Fakultas | F5: : Ekonomika dan Bisnis
A6: Nama Matakuliah | C6: : Teori Ekonomi
A7: SKS Matakuliah | C7: : 3
A8: Semester/ Kelas | C8: : I / A1+DLC
A9: Dosen Pengampu | C9: : 1. Y.2.91.10.067 Dr. SRI ISNOWATI, S.E., M.Si
C10: : 2. Y.2.92.07.087 Dr. Drs. AGUS BUDI SANTOSA, M.Si
D12: MK4 | F12: Nilai Akhir MK | G12: Nilai Huruf
D13: =TRIM(MID(C5,2,20)) -> P.24.05.52.1.04
D14: =TRIM(MID(C6,2,100)) -> Teori Ekonomi
D15: CPL05 | E15: CPL05
D16: CPMK55 | E16: CPMK56
D17: 50 | E17: 50
A18: No | B18: NIM | C18: Nama Mahasiswa
A19: 1 | B19: 24.05.52.0002 | C19: SNEHA JAYA BAIDURI | D19: 84.5 | E19: 87 | F19: =IFERROR((D19*($D$17/100))+(E19*($E$17/100)),"") -> 85.75 | G19: =IFERROR(VLOOKUP(F21,[4]Sheet1!$AA$1:$AB$10,2),"") -> A-
A20: 2 | B20: 24.05.52.0003 | C20: ALFARIESSA GIFTHA ANDREA PITALOKA | D20: 88 | E20: 87 | F20: =IFERROR((D20*($D$17/100))+(E20*($E$17/100)),"") -> 87.5 | G20: =IFERROR(VLOOKUP(F20,[4]Sheet1!$AA$1:$AB$10,2),"") -> A-
A21: 3 | B21: 24.05.52.0004 | C21: MAHARANI PUTRI RUSTIANTI | D21: 88 | E21: 87 | F21: =IFERROR((D21*($D$17/100))+(E21*($E$17/100)),"") -> 87.5 | G21: =IFERROR(VLOOKUP(F21,[4]Sheet1!$AA$1:$AB$10,2),"") -> A-
A22: 4 | B22: 24.05.52.0005 | C22: FLORA SUCI FERONIKA | D22: 81 | E22: 87 | F22: =IFERROR((D22*($D$17/100))+(E22*($E$17/100)),"") -> 84 | G22: =IFERROR(VLOOKUP(F22,[4]Sheet1!$AA$1:$AB$10,2),"") -> B+
A23: 5 | B23: 24.05.52.0006 | C23: AATHIRA AUFA AZ-ZAHRA | D23: 81 | E23: 87 | F23: =IFERROR((D23*($D$17/100))+(E23*($E$17/100)),"") -> 84 | G23: =IFERROR(VLOOKUP(F23,[4]Sheet1!$AA$1:$AB$10,2),"") -> B+
A24: 6 | B24: 24.05.52.0007 | C24: SHEILA MONA PUTRI IKSANTI | D24: 85.9 | E24: 87 | F24: =IFERROR((D24*($D$17/100))+(E24*($E$17/100)),"") -> 86.45 | G24: =IFERROR(VLOOKUP(F24,[4]Sheet1!$AA$1:$AB$10,2),"") -> A-
A25: 7 | B25: 24.05.52.0008 | C25: RAIHAN RIFA MAHARADITYA | D25: 84.5 | E25: 90.5 | F25: =IFERROR((D25*($D$17/100))+(E25*($E$17/100)),"") -> 87.5 | G25: =IFERROR(VLOOKUP(F25,[4]Sheet1!$AA$1:$AB$10,2),"") -> A-
A26: 8 | B26: 24.05.52.0009 | C26: MARLINA DWI SAPUTRI | D26: 88 | E26: 87 | F26: =IFERROR((D26*($D$17/100))+(E26*($E$17/100)),"") -> 87.5 | G26: =IFERROR(VLOOKUP(F26,[4]Sheet1!$AA$1:$AB$10,2),"") -> A-
A27: 9 | B27: 24.05.52.0011 | C27: JONATHAN REXY FERDINAN | D27: 84.5 | E27: 83.5 | F27: =IFERROR((D27*($D$17/100))+(E27*($E$17/100)),"") -> 84 | G27: =IFERROR(VLOOKUP(F27,[4]Sheet1!$AA$1:$AB$10,2),"") -> B+
A28: 10 | B28: 24.05.52.0012 | C28: GITA TEONANDA ARELLIA | D28: 88 | E28: 87 | F28: =IFERROR((D28*($D$17/100))+(E28*($E$17/100)),"") -> 87.5 | G28: =IFERROR(VLOOKUP(F28,[4]Sheet1!$AA$1:$AB$10,2),"") -> A-
A29: 11 | B29: 24.05.52.0013 | C29: MUHAMMAD MAFTUF | D29: 84.5 | E29: 83.5 | F29: =IFERROR((D29*($D$17/100))+(E29*($E$17/100)),"") -> 84 | G29: =IFERROR(VLOOKUP(F29,[4]Sheet1!$AA$1:$AB$10,2),"") -> B+
A30: 12 | B30: 24.05.52.0014 | C30: ARELIA SALSABILA SAFITRI | D30: 88 | E30: 87 | F30: =IFERROR((D30*($D$17/100))+(E30*($E$17/100)),"") -> 87.5 | G30: =IFERROR(VLOOKUP(F30,[4]Sheet1!$AA$1:$AB$10,2),"") -> A-
A31: 13 | B31: 24.05.52.0015 | C31: JULLER IBEL LAURENTIUS TURNIP | D31: 81 | E31: 80 | F31: =IFERROR((D31*($D$17/100))+(E31*($E$17/100)),"") -> 80.5 | G31: =IFERROR(VLOOKUP(F31,[4]Sheet1!$AA$1:$AB$10,2),"") -> B+
... A52: 34 | B52: 24.05.52.3012 | C52: RORO AYU SUKMAWATI | D52: 10 | E52: 59 | F52: =IFERROR((D52*($D$17/100))+(E52*($E$17/100)),"") -> 34.5 | G52: =IFERROR(VLOOKUP(F52,[4]Sheet1!$AA$1:$AB$10,2),"") -> E
D54: =D16 -> CPMK55 | E54: =E16 -> CPMK56 | F54: =F12 -> Nilai Akhir MK
C55: Tidak KRS/Tidak Aktif | D55: =IFERROR(COUNTIF(D19:D52,""),"") -> 0 | E55: =IFERROR(COUNTIF(E19:E52,""),"") -> 0 | F55: =IFERROR(COUNTIF(F19:F52,""),"") -> 0
C56: <=65 | D56: =IFERROR(COUNTIF(D19:D52,C56)+COUNTIF(D19:D52,""),"")-D55 -> 2 | E56: =COUNTIF(E19:E52,C56)+COUNTIF(E19:E52,"")-E55 -> 2 | F56: =IFERROR(COUNTIF(F19:F52,C56)+COUNTIF(F19:F52,""),"") -> 2
C57: <85 | D57: =IFERROR(COUNTIF(D19:D52,C57)-D56,"") -> 16 | E57: =COUNTIF(E19:E52,C57)-E56 -> 9 | F57: =IFERROR(COUNTIF(F19:F52,C57)-F56,"") -> 11
C58: >=85 | D58: =COUNTIF(D19:D52,C58) -> 16 | E58: =COUNTIF(E19:E52,C58) -> 23 | F58: =IFERROR(COUNTIF(F19:F52,C58),"") -> 21
C59: Total | D59: =SUM(D55:D58) -> 34 | E59: =SUM(E55:E58) -> 34 | F59: =SUM(F55:F58) -> 34
C61: Jumlah mhsw yg lulus CPMK | D61: =(D57+D58)/(D59-D55) -> 0.94117647 | E61: =(E57+E58)/(E59-E55) -> 0.94117647 | F61: =(F57+F58)/(F59-F55) -> 0.94117647
C63: Minimal | D63: =MIN(D19:D52) -> 10 | E63: =MIN(E19:E52) -> 59 | F63: =IFERROR(MIN(F19:F52),"") -> 34.5
C64: Maksimal | D64: =MAX(D19:D52) -> 88 | E64: =MAX(E19:E52) -> 94.5 | F64: =IFERROR(MAX(F19:F52),"") -> 87.75
C65: Rata-Rata | D65: =AVERAGE(D19:D52) -> 79.123529 | E65: =AVERAGE(E19:E52) -> 84.361765 | F65: =IFERROR(AVERAGE(F19:F52),"") -> 81.742647

Sheet MK5-BP
A1: FORM MONITORING DAN EVALUASI
A2: KETERCAPAIAN CAPAIAN PEMBELAJARAN MATAKULIAH(CPMK) PADA SATU ANGKATAN
A4: Tahun Akademik | C4: : 2024/2025 | E4: Program Studi | F4: : Akuntansi
A5: Kode Matakuliah | C5: : P.24.05.52.1.05 | E5: Fakultas | F5: : Ekonomika dan Bisnis
A6: Nama Matakuliah | C6: : Hukum Bisnis dan Perikatan
A7: SKS Matakuliah | C7: : 2
A8: Semester/ Kelas | C8: : I / A1+DLC
A9: Dosen Pengampu | C9: : 1. Y.2.90.01.052 Dr. TRISTIANA RIJANTI, S.H, M.M.
C10: : 2. Y.2.91.10.069 ADI SULIANTORO, SH., M.H
D12: MK5 | F12: Nilai Akhir MK | G12: Nilai Huruf
D13: =TRIM(MID(C5,2,20)) -> P.24.05.52.1.05
D14: =TRIM(MID(C6,2,100)) -> Hukum Bisnis dan Perikatan
D15: CPL11 | E15: CPL11
D16: CPMK114 | E16: CPMK115
D17: 50 | E17: 50
A18: No | B18: NIM | C18: Nama Mahasiswa
A19: 1 | B19: 24.05.52.0002 | C19: SNEHA JAYA BAIDURI | D19: 75.6 | E19: 68.1 | F19: =IFERROR((D20*($D$17/100))+(E20*($E$17/100)),"") -> 71.85 | G19: =IFERROR(VLOOKUP(F21,[4]Sheet1!$AA$1:$AB$10,2),"") -> B
A20: 2 | B20: 24.05.52.0003 | C20: ALFARIESSA GIFTHA ANDREA PITALOKA | D20: 75.6 | E20: 68.1 | F20: =IFERROR((D20*($D$17/100))+(E20*($E$17/100)),"") -> 71.85 | G20: =IFERROR(VLOOKUP(F20,[5]Sheet1!$AA$1:$AB$10,2),"") -> B
A21: 3 | B21: 24.05.52.0004 | C21: MAHARANI PUTRI RUSTIANTI | D21: 75.6 | E21: 68.1 | F21: =IFERROR((D21*($D$17/100))+(E21*($E$17/100)),"") -> 71.85 | G21: =IFERROR(VLOOKUP(F21,[5]Sheet1!$AA$1:$AB$10,2),"") -> B
A22: 4 | B22: 24.05.52.0005 | C22: FLORA SUCI FERONIKA | D22: 75.6 | E22: 68.1 | F22: =IFERROR((D22*($D$17/100))+(E22*($E$17/100)),"") -> 71.85 | G22: =IFERROR(VLOOKUP(F22,[5]Sheet1!$AA$1:$AB$10,2),"") -> B
A23: 5 | B23: 24.05.52.0006 | C23: AATHIRA AUFA AZ-ZAHRA | D23: 78.4 | E23: 70.9 | F23: =IFERROR((D23*($D$17/100))+(E23*($E$17/100)),"") -> 74.65 | G23: =IFERROR(VLOOKUP(F23,[5]Sheet1!$AA$1:$AB$10,2),"") -> B
A24: 6 | B24: 24.05.52.0007 | C24: SHEILA MONA PUTRI IKSANTI | D24: 75.6 | E24: 68.1 | F24: =IFERROR((D24*($D$17/100))+(E24*($E$17/100)),"") -> 71.85 | G24: =IFERROR(VLOOKUP(F24,[5]Sheet1!$AA$1:$AB$10,2),"") -> B
A25: 7 | B25: 24.05.52.0008 | C25: RAIHAN RIFA MAHARADITYA | D25: 78.4 | E25: 70.9 | F25: =IFERROR((D25*($D$17/100))+(E25*($E$17/100)),"") -> 74.65 | G25: =IFERROR(VLOOKUP(F25,[5]Sheet1!$AA$1:$AB$10,2),"") -> B
A26: 8 | B26: 24.05.52.0009 | C26: MARLINA DWI SAPUTRI | D26: 75.6 | E26: 68.1 | F26: =IFERROR((D26*($D$17/100))+(E26*($E$17/100)),"") -> 71.85 | G26: =IFERROR(VLOOKUP(F26,[5]Sheet1!$AA$1:$AB$10,2),"") -> B
A27: 9 | B27: 24.05.52.0011 | C27: JONATHAN REXY FERDINAN | D27: 75.6 | E27: 68.1 | F27: =IFERROR((D27*($D$17/100))+(E27*($E$17/100)),"") -> 71.85 | G27: =IFERROR(VLOOKUP(F27,[5]Sheet1!$AA$1:$AB$10,2),"") -> B
A28: 10 | B28: 24.05.52.0012 | C28: GITA TEONANDA ARELLIA | D28: 78.4 | E28: 70.9 | F28: =IFERROR((D28*($D$17/100))+(E28*($E$17/100)),"") -> 74.65 | G28: =IFERROR(VLOOKUP(F28,[5]Sheet1!$AA$1:$AB$10,2),"") -> B
A29: 11 | B29: 24.05.52.0013 | C29: MUHAMMAD MAFTUF | D29: 75.6 | E29: 68.1 | F29: =IFERROR((D29*($D$17/100))+(E29*($E$17/100)),"") -> 71.85 | G29: =IFERROR(VLOOKUP(F29,[5]Sheet1!$AA$1:$AB$10,2),"") -> B
A30: 12 | B30: 24.05.52.0014 | C30: ARELIA SALSABILA SAFITRI | D30: 78.4 | E30: 70.9 | F30: =IFERROR((D30*($D$17/100))+(E30*($E$17/100)),"") -> 74.65 | G30: =IFERROR(VLOOKUP(F30,[5]Sheet1!$AA$1:$AB$10,2),"") -> B
A31: 13 | B31: 24.05.52.0015 | C31: JULLER IBEL LAURENTIUS TURNIP | D31: 75.6 | E31: 68.1 | F31: =IFERROR((D31*($D$17/100))+(E31*($E$17/100)),"") -> 71.85 | G31: =IFERROR(VLOOKUP(F31,[5]Sheet1!$AA$1:$AB$10,2),"") -> B
... A52: 34 | B52: 24.05.52.3012 | C52: RORO AYU SUKMAWATI | D52: 95.5 | E52: 95.5 | F52: =IFERROR((D52*($D$17/100))+(E52*($E$17/100)),"") -> 95.5 | G52: =IFERROR(VLOOKUP(F52,[5]Sheet1!$AA$1:$AB$10,2),"") -> A
D54: =D16 -> CPMK114 | E54: =E16 -> CPMK115 | F54: =F12 -> Nilai Akhir MK
C55: Tidak KRS/Tidak Aktif | D55: =IFERROR(COUNTIF(D19:D52,""),"") -> 0 | E55: =IFERROR(COUNTIF(E19:E52,""),"") -> 0 | F55: =IFERROR(COUNTIF(F19:F52,""),"") -> 0
C56: <=65 | D56: =IFERROR(COUNTIF(D19:D52,C56)+COUNTIF(D19:D52,""),"")-D55 -> 0 | E56: =COUNTIF(E19:E52,C56)+COUNTIF(E19:E52,"")-E55 -> 0 | F56: =IFERROR(COUNTIF(F19:F52,C56)+COUNTIF(F19:F52,""),"") -> 0
C57: <85 | D57: =IFERROR(COUNTIF(D19:D52,C57)-D56,"") -> 23 | E57: =COUNTIF(E19:E52,C57)-E56 -> 23 | F57: =IFERROR(COUNTIF(F19:F52,C57)-F56,"") -> 23
C58: >=85 | D58: =COUNTIF(D19:D52,C58) -> 11 | E58: =COUNTIF(E19:E52,C58) -> 11 | F58: =IFERROR(COUNTIF(F19:F52,C58),"") -> 11
C59: Total | D59: =SUM(D55:D58) -> 34 | E59: =SUM(E55:E58) -> 34 | F59: =SUM(F55:F58) -> 34
C61: Jumlah mhsw yg lulus CPMK | D61: =(D57+D58)/(D59-D55) -> 1 | E61: =(E57+E58)/(E59-E55) -> 1 | F61: =(F57+F58)/(F59-F55) -> 1
C63: Minimal | D63: =MIN(D19:D52) -> 75.6 | E63: =MIN(E19:E52) -> 68.1 | F63: =IFERROR(MIN(F19:F52),"") -> 71.85
C64: Maksimal | D64: =MAX(D19:D52) -> 95.5 | E64: =MAX(E19:E52) -> 95.5 | F64: =IFERROR(MAX(F19:F52),"") -> 95.5
C65: Rata-Rata | D65: =AVERAGE(D19:D52) -> 82.035294 | E65: =AVERAGE(E19:E52) -> 76.961765 | F65: =IFERROR(AVERAGE(F19:F52),"") -> 79.498529

Sheet MK7-MBD
A1: FORM MONITORING DAN EVALUASI
A2: KETERCAPAIAN CAPAIAN PEMBELAJARAN MATAKULIAH(CPMK) PADA SATU ANGKATAN
A4: Tahun Akademik | C4: : 2024/2025 | E4: Program Studi | F4: : Akuntansi
A5: Kode Matakuliah | C5: : U.24.05.52.1.01 | E5: Fakultas | F5: : Ekonomika dan Bisnis
A6: Nama Matakuliah | C6: : Agama
A7: SKS Matakuliah | C7: : 2
A8: Semester/ Kelas | C8: : I / A1+DLC
A9: Dosen Pengampu | C9: : 1. L.0329 JUNAIDI, S.Pd.I., M.S.I.
C10: : 2. L.0410 BM. HARRY PUTRANTI, S.FK
C11: : 3. YK.2.06.07.028 Dr. ANTONO ADHI, S.Kom, M.M., M.T.
D12: MK6 | F12: Nilai Akhir MK | G12: Nilai Huruf
D13: =TRIM(MID(C5,2,20)) -> U.24.05.52.1.01
D14: =TRIM(MID(C6,2,100)) -> Agama
D15: CPL01 | E15: CPL1
D16: CPMK11 | E16: CPMK13
D17: 50 | E17: 50
A18: No | B18: NIM | C18: Nama Mahasiswa
A19: 1 | B19: 24.05.52.0002 | C19: SNEHA JAYA BAIDURI | D19: 82.7 | E19: 91.7 | F19: =IFERROR((D19*($D$17/100))+(E19*($E$17/100)),"") -> 87.2 | G19: =IFERROR(VLOOKUP(F21,[4]Sheet1!$AA$1:$AB$10,2),"") -> A-
A20: 2 | B20: 24.05.52.0003 | C20: ALFARIESSA GIFTHA ANDREA PITALOKA | D20: 84.35 | E20: 92.2 | F20: =IFERROR((D20*($D$17/100))+(E20*($E$17/100)),"") -> 88.275 | G20: =IFERROR(VLOOKUP(F20,[6]Sheet1!$AA$1:$AB$10,2),"") -> A-
A21: 3 | B21: 24.05.52.0004 | C21: MAHARANI PUTRI RUSTIANTI | D21: 81.05 | E21: 89.7 | F21: =IFERROR((D21*($D$17/100))+(E21*($E$17/100)),"") -> 85.375 | G21: =IFERROR(VLOOKUP(F21,[6]Sheet1!$AA$1:$AB$10,2),"") -> A-
A22: 4 | B22: 24.05.52.0005 | C22: FLORA SUCI FERONIKA | D22: 82.35 | E22: 91 | F22: =IFERROR((D22*($D$17/100))+(E22*($E$17/100)),"") -> 86.675 | G22: =IFERROR(VLOOKUP(F22,[6]Sheet1!$AA$1:$AB$10,2),"") -> A-
A23: 5 | B23: 24.05.52.0006 | C23: AATHIRA AUFA AZ-ZAHRA | D23: 85.5 | E23: 94.5 | F23: =IFERROR((D23*($D$17/100))+(E23*($E$17/100)),"") -> 90 | G23: =IFERROR(VLOOKUP(F23,[6]Sheet1!$AA$1:$AB$10,2),"") -> A-
A24: 6 | B24: 24.05.52.0007 | C24: SHEILA MONA PUTRI IKSANTI | D24: 87.05 | E24: 95.5 | F24: =IFERROR((D24*($D$17/100))+(E24*($E$17/100)),"") -> 91.275 | G24: =IFERROR(VLOOKUP(F24,[6]Sheet1!$AA$1:$AB$10,2),"") -> A
A25: 7 | B25: 24.05.52.0008 | C25: RAIHAN RIFA MAHARADITYA | D25: 84.4 | E25: 94.4 | F25: =IFERROR((D25*($D$17/100))+(E25*($E$17/100)),"") -> 89.4 | G25: =IFERROR(VLOOKUP(F25,[6]Sheet1!$AA$1:$AB$10,2),"") -> A-
A26: 8 | B26: 24.05.52.0009 | C26: MARLINA DWI SAPUTRI | D26: 81.9 | E26: 90.8 | F26: =IFERROR((D26*($D$17/100))+(E26*($E$17/100)),"") -> 86.35 | G26: =IFERROR(VLOOKUP(F26,[6]Sheet1!$AA$1:$AB$10,2),"") -> A-
A27: 9 | B27: 24.05.52.0011 | C27: JONATHAN REXY FERDINAN | D27: 85.5 | E27: 85 | F27: =IFERROR((D27*($D$17/100))+(E27*($E$17/100)),"") -> 85.25 | G27: =IFERROR(VLOOKUP(F27,[6]Sheet1!$AA$1:$AB$10,2),"") -> A-
A28: 10 | B28: 24.05.52.0012 | C28: GITA TEONANDA ARELLIA | D28: 84.85 | E28: 92.5 | F28: =IFERROR((D28*($D$17/100))+(E28*($E$17/100)),"") -> 88.675 | G28: =IFERROR(VLOOKUP(F28,[6]Sheet1!$AA$1:$AB$10,2),"") -> A-
A29: 11 | B29: 24.05.52.0013 | C29: MUHAMMAD MAFTUF | D29: 83.4 | E29: 93.8 | F29: =IFERROR((D29*($D$17/100))+(E29*($E$17/100)),"") -> 88.6 | G29: =IFERROR(VLOOKUP(F29,[6]Sheet1!$AA$1:$AB$10,2),"") -> A-
A30: 12 | B30: 24.05.52.0014 | C30: ARELIA SALSABILA SAFITRI | D30: 85.95 | E30: 94 | F30: =IFERROR((D30*($D$17/100))+(E30*($E$17/100)),"") -> 89.975 | G30: =IFERROR(VLOOKUP(F30,[6]Sheet1!$AA$1:$AB$10,2),"") -> A-
A31: 13 | B31: 24.05.52.0015 | C31: JULLER IBEL LAURENTIUS TURNIP | D31: 40 | E31: 40 | F31: =IFERROR((D31*($D$17/100))+(E31*($E$17/100)),"") -> 40 | G31: =IFERROR(VLOOKUP(F31,[6]Sheet1!$AA$1:$AB$10,2),"") -> E
... A52: 34 | B52: 24.05.52.3012 | C52: RORO AYU SUKMAWATI | D52: 88 | E52: 88 | F52: =IFERROR((D52*($D$17/100))+(E52*($E$17/100)),"") -> 88 | G52: =IFERROR(VLOOKUP(F52,[6]Sheet1!$AA$1:$AB$10,2),"") -> A-
D54: =D16 -> CPMK11 | E54: =E16 -> CPMK13 | F54: =F12 -> Nilai Akhir MK
C55: Tidak KRS/Tidak Aktif | D55: =IFERROR(COUNTIF(D19:D52,""),"") -> 0 | E55: =IFERROR(COUNTIF(E19:E52,""),"") -> 0 | F55: =IFERROR(COUNTIF(F19:F52,""),"") -> 0
C56: <=65 | D56: =IFERROR(COUNTIF(D19:D52,C56)+COUNTIF(D19:D52,""),"")-D55 -> 1 | E56: =COUNTIF(E19:E52,C56)+COUNTIF(E19:E52,"")-E55 -> 1 | F56: =IFERROR(COUNTIF(F19:F52,C56)+COUNTIF(F19:F52,""),"") -> 1
C57: <85 | D57: =IFERROR(COUNTIF(D19:D52,C57)-D56,"") -> 14 | E57: =COUNTIF(E19:E52,C57)-E56 -> 0 | F57: =IFERROR(COUNTIF(F19:F52,C57)-F56,"") -> 0
C58: >=85 | D58: =COUNTIF(D19:D52,C58) -> 19 | E58: =COUNTIF(E19:E52,C58) -> 33 | F58: =IFERROR(COUNTIF(F19:F52,C58),"") -> 33
C59: Total | D59: =SUM(D55:D58) -> 34 | E59: =SUM(E55:E58) -> 34 | F59: =SUM(F55:F58) -> 34
C61: Jumlah mhsw yg lulus CPMK | D61: =(D57+D58)/(D59-D55) -> 0.97058824 | E61: =(E57+E58)/(E59-E55) -> 0.97058824 | F61: =(F57+F58)/(F59-F55) -> 0.97058824
C63: Minimal | D63: =MIN(D19:D52) -> 40 | E63: =MIN(E19:E52) -> 40 | F63: =IFERROR(MIN(F19:F52),"") -> 40
C64: Maksimal | D64: =MAX(D19:D52) -> 95.55 | E64: =MAX(E19:E52) -> 95.55 | F64: =IFERROR(MAX(F19:F52),"") -> 95.55
C65: Rata-Rata | D65: =AVERAGE(D19:D52) -> 84.572059 | E65: =AVERAGE(E19:E52) -> 90.108824 | F65: =IFERROR(AVERAGE(F19:F52),"") -> 87.340441

Sheet MK8_BID
A1: FORM MONITORING DAN EVALUASI
A2: KETERCAPAIAN CAPAIAN PEMBELAJARAN MATAKULIAH(CPMK) PADA SATU ANGKATAN
A4: Tahun Akademik | C4: : 2024/2025 | E4: Program Studi | F4: : Akuntansi
A5: Kode Matakuliah | C5: : U.24.05.52.1.02 | E5: Fakultas | F5: : Ekonomika dan Bisnis
A6: Nama Matakuliah | C6: : Kewarganegaraan
A7: SKS Matakuliah | C7: : 2
A8: Semester/ Kelas | C8: : I / A1+DLC
A9: Dosen Pengampu | C9: : 1.
C10: : 2.
D12: MK7 | F12: Nilai Akhir MK | G12: Nilai Huruf
D13: =TRIM(MID(C5,2,20)) -> U.24.05.52.1.02
D14: =TRIM(MID(C6,2,100)) -> Kewarganegaraan
D15: CPL01 | E15: CPL01
D16: CPMK12 | E16: CPMK13
D17: 50 | E17: 50
A18: No | B18: NIM | C18: Nama Mahasiswa
A19: 1 | B19: 24.05.52.0002 | C19: SNEHA JAYA BAIDURI | D19: 81.4 | E19: 81.4 | F19: =IFERROR((D19*($D$17/100))+(E19*($E$17/100)),"") -> 81.4 | G19: =IFERROR(VLOOKUP(F20,[7]Sheet1!$AA$1:$AB$10,2),"") -> B+
A20: 2 | B20: 24.05.52.0003 | C20: ALFARIESSA GIFTHA ANDREA PITALOKA | D20: 76.9 | E20: 76.9 | F20: =IFERROR((D20*($D$17/100))+(E20*($E$17/100)),"") -> 76.9 | G20: =IFERROR(VLOOKUP(F20,[7]Sheet1!$AA$1:$AB$10,2),"") -> B+
A21: 3 | B21: 24.05.52.0004 | C21: MAHARANI PUTRI RUSTIANTI | D21: 76.9 | E21: 76.9 | F21: =IFERROR((D21*($D$17/100))+(E21*($E$17/100)),"") -> 76.9 | G21: =IFERROR(VLOOKUP(F21,[7]Sheet1!$AA$1:$AB$10,2),"") -> B+
A22: 4 | B22: 24.05.52.0005 | C22: FLORA SUCI FERONIKA | D22: 81.4 | E22: 81.4 | F22: =IFERROR((D22*($D$17/100))+(E22*($E$17/100)),"") -> 81.4 | G22: =IFERROR(VLOOKUP(F22,[7]Sheet1!$AA$1:$AB$10,2),"") -> B+
A23: 5 | B23: 24.05.52.0006 | C23: AATHIRA AUFA AZ-ZAHRA | D23: 76.9 | E23: 76.9 | F23: =IFERROR((D23*($D$17/100))+(E23*($E$17/100)),"") -> 76.9 | G23: =IFERROR(VLOOKUP(F23,[7]Sheet1!$AA$1:$AB$10,2),"") -> B+
A24: 6 | B24: 24.05.52.0007 | C24: SHEILA MONA PUTRI IKSANTI | D24: 85.9 | E24: 85.9 | F24: =IFERROR((D24*($D$17/100))+(E24*($E$17/100)),"") -> 85.9 | G24: =IFERROR(VLOOKUP(F24,[7]Sheet1!$AA$1:$AB$10,2),"") -> A-
A25: 7 | B25: 24.05.52.0008 | C25: RAIHAN RIFA MAHARADITYA | D25: 90.15 | E25: 90.15 | F25: =IFERROR((D25*($D$17/100))+(E25*($E$17/100)),"") -> 90.15 | G25: =IFERROR(VLOOKUP(F25,[7]Sheet1!$AA$1:$AB$10,2),"") -> A-
A26: 8 | B26: 24.05.52.0009 | C26: MARLINA DWI SAPUTRI | D26: 81.4 | E26: 81.4 | F26: =IFERROR((D26*($D$17/100))+(E26*($E$17/100)),"") -> 81.4 | G26: =IFERROR(VLOOKUP(F26,[7]Sheet1!$AA$1:$AB$10,2),"") -> B+
A27: 9 | B27: 24.05.52.0011 | C27: JONATHAN REXY FERDINAN | D27: 81.4 | E27: 81.4 | F27: =IFERROR((D27*($D$17/100))+(E27*($E$17/100)),"") -> 81.4 | G27: =IFERROR(VLOOKUP(F27,[7]Sheet1!$AA$1:$AB$10,2),"") -> B+
A28: 10 | B28: 24.05.52.0012 | C28: GITA TEONANDA ARELLIA | D28: 88.5 | E28: 88.5 | F28: =IFERROR((D28*($D$17/100))+(E28*($E$17/100)),"") -> 88.5 | G28: =IFERROR(VLOOKUP(F28,[7]Sheet1!$AA$1:$AB$10,2),"") -> A-
A29: 11 | B29: 24.05.52.0013 | C29: MUHAMMAD MAFTUF | D29: 81.4 | E29: 81.4 | F29: =IFERROR((D29*($D$17/100))+(E29*($E$17/100)),"") -> 81.4 | G29: =IFERROR(VLOOKUP(F29,[7]Sheet1!$AA$1:$AB$10,2),"") -> B+
A30: 12 | B30: 24.05.52.0014 | C30: ARELIA SALSABILA SAFITRI | D30: 90.4 | E30: 90.4 | F30: =IFERROR((D30*($D$17/100))+(E30*($E$17/100)),"") -> 90.4 | G30: =IFERROR(VLOOKUP(F30,[7]Sheet1!$AA$1:$AB$10,2),"") -> A
A31: 13 | B31: 24.05.52.0015 | C31: JULLER IBEL LAURENTIUS TURNIP | D31: 71.5 | E31: 71.5 | F31: =IFERROR((D31*($D$17/100))+(E31*($E$17/100)),"") -> 71.5 | G31: =IFERROR(VLOOKUP(F31,[7]Sheet1!$AA$1:$AB$10,2),"") -> B
... A52: 34 | B52: 24.05.52.3012 | C52: RORO AYU SUKMAWATI | D52: 47.1 | E52: 47.1 | F52: =IFERROR((D52*($D$17/100))+(E52*($E$17/100)),"") -> 47.1 | G52: =IFERROR(VLOOKUP(F52,[7]Sheet1!$AA$1:$AB$10,2),"") -> D
D54: =D16 -> CPMK12 | E54: =E16 -> CPMK13 | F54: =F12 -> Nilai Akhir MK
C55: Tidak KRS/Tidak Aktif | D55: =IFERROR(COUNTIF(D19:D52,""),"") -> 0 | E55: =IFERROR(COUNTIF(E19:E52,""),"") -> 0 | F55: =IFERROR(COUNTIF(F19:F52,""),"") -> 0
C56: <=65 | D56: =IFERROR(COUNTIF(D19:D52,C56)+COUNTIF(D19:D52,""),"")-D55 -> 2 | E56: =COUNTIF(E19:E52,C56)+COUNTIF(E19:E52,"")-E55 -> 2 | F56: =IFERROR(COUNTIF(F19:F52,C56)+COUNTIF(F19:F52,""),"") -> 2
C57: <85 | D57: =IFERROR(COUNTIF(D19:D52,C57)-D56,"") -> 19 | E57: =COUNTIF(E19:E52,C57)-E56 -> 19 | F57: =IFERROR(COUNTIF(F19:F52,C57)-F56,"") -> 19
C58: >=85 | D58: =COUNTIF(D19:D52,C58) -> 13 | E58: =COUNTIF(E19:E52,C58) -> 13 | F58: =IFERROR(COUNTIF(F19:F52,C58),"") -> 13
C59: Total | D59: =SUM(D55:D58) -> 34 | E59: =SUM(E55:E58) -> 34 | F59: =SUM(F55:F58) -> 34
C61: Jumlah mhsw yg lulus CPMK | D61: =(D57+D58)/(D59-D55) -> 0.94117647 | E61: =(E57+E58)/(E59-E55) -> 0.94117647 | F61: =(F57+F58)/(F59-F55) -> 0.94117647
C63: Minimal | D63: =MIN(D19:D52) -> 47.1 | E63: =MIN(E19:E52) -> 47.1 | F63: =IFERROR(MIN(F19:F52),"") -> 47.1
C64: Maksimal | D64: =MAX(D19:D52) -> 90.4 | E64: =MAX(E19:E52) -> 90.4 | F64: =IFERROR(MAX(F19:F52),"") -> 90.4
C65: Rata-Rata | D65: =AVERAGE(D19:D52) -> 81.225 | E65: =AVERAGE(E19:E52) -> 81.225 | F65: =IFERROR(AVERAGE(F19:F52),"") -> 81.225

Sheet MK16-AGM
A1: FORM MONITORING DAN EVALUASI
A2: KETERCAPAIAN CAPAIAN PEMBELAJARAN MATAKULIAH(CPMK) PADA SATU ANGKATAN
A4: Tahun Akademik | C4: : 2024/2025 | E4: Program Studi | F4: : Akuntansi
A5: Kode Matakuliah | C5: : UU.24.05.52.1.03 | E5: Fakultas | F5: : Ekonomika dan Bisnis
A6: Nama Matakuliah | C6: : English for Business
A7: SKS Matakuliah | C7: : 2
A8: Semester/ Kelas | C8: : I / A1+DLC
A9: Dosen Pengampu | C9: : 1. L.0308 SARAH SUMPONOGATI, S.S, M.Li.
C10: : 2.
D12: MK8 | F12: =CONCATENATE("Nilai Akhir MK"," ",D17+E17) -> Nilai Akhir MK 100 | G12: Nilai Huruf
D13: =TRIM(MID(C5,3,100)) -> UU.24.05.52.1.03
D14: =TRIM(MID(C6,3,100)) -> English for Business
D15: CPL12 | E15: CPL12
D16: CPMK122 | E16: CPMK123
D17: 50 | E17: 50
A18: No | B18: NIM | C18: Nama Mahasiswa
A19: 1 | B19: 24.05.52.0002 | C19: SNEHA JAYA BAIDURI | D19: 93.2 | E19: 97.5 | F19: =IFERROR((D19*($D$17/100))+(E19*($E$17/100)),"") -> 95.35 | G19: =IFERROR(VLOOKUP(F20,[7]Sheet1!$AA$1:$AB$10,2),"") -> A
A20: 2 | B20: 24.05.52.0003 | C20: ALFARIESSA GIFTHA ANDREA PITALOKA | D20: 95.5 | E20: 93.4 | F20: =IFERROR((D20*($D$17/100))+(E20*($E$17/100)),"") -> 94.45 | G20: =IFERROR(VLOOKUP(F20,[8]Sheet1!$AA$1:$AB$10,2),"") -> A
A21: 3 | B21: 24.05.52.0004 | C21: MAHARANI PUTRI RUSTIANTI | D21: 94.7 | E21: 95.9 | F21: =IFERROR((D21*($D$17/100))+(E21*($E$17/100)),"") -> 95.3 | G21: =IFERROR(VLOOKUP(F21,[8]Sheet1!$AA$1:$AB$10,2),"") -> A
A22: 4 | B22: 24.05.52.0005 | C22: FLORA SUCI FERONIKA | D22: 70.5 | E22: 89 | F22: =IFERROR((D22*($D$17/100))+(E22*($E$17/100)),"") -> 79.75 | G22: =IFERROR(VLOOKUP(F22,[8]Sheet1!$AA$1:$AB$10,2),"") -> B+
A23: 5 | B23: 24.05.52.0006 | C23: AATHIRA AUFA AZ-ZAHRA | D23: 70.5 | E23: 89 | F23: =IFERROR((D23*($D$17/100))+(E23*($E$17/100)),"") -> 79.75 | G23: =IFERROR(VLOOKUP(F23,[8]Sheet1!$AA$1:$AB$10,2),"") -> B+
A24: 6 | B24: 24.05.52.0007 | C24: SHEILA MONA PUTRI IKSANTI | D24: 90.4 | E24: 97.5 | F24: =IFERROR((D24*($D$17/100))+(E24*($E$17/100)),"") -> 93.95 | G24: =IFERROR(VLOOKUP(F24,[8]Sheet1!$AA$1:$AB$10,2),"") -> A
A25: 7 | B25: 24.05.52.0008 | C25: RAIHAN RIFA MAHARADITYA | D25: 80.5 | E25: 82.6 | F25: =IFERROR((D25*($D$17/100))+(E25*($E$17/100)),"") -> 81.55 | G25: =IFERROR(VLOOKUP(F25,[8]Sheet1!$AA$1:$AB$10,2),"") -> B+
A26: 8 | B26: 24.05.52.0009 | C26: MARLINA DWI SAPUTRI | D26: 93.2 | E26: 91 | F26: =IFERROR((D26*($D$17/100))+(E26*($E$17/100)),"") -> 92.1 | G26: =IFERROR(VLOOKUP(F26,[8]Sheet1!$AA$1:$AB$10,2),"") -> A
A27: 9 | B27: 24.05.52.0011 | C27: JONATHAN REXY FERDINAN | D27: 91.4 | E27: 91 | F27: =IFERROR((D27*($D$17/100))+(E27*($E$17/100)),"") -> 91.2 | G27: =IFERROR(VLOOKUP(F27,[8]Sheet1!$AA$1:$AB$10,2),"") -> A
A28: 10 | B28: 24.05.52.0012 | C28: GITA TEONANDA ARELLIA | D28: 79.2 | E28: 82.6 | F28: =IFERROR((D28*($D$17/100))+(E28*($E$17/100)),"") -> 80.9 | G28: =IFERROR(VLOOKUP(F28,[8]Sheet1!$AA$1:$AB$10,2),"") -> B+
A29: 11 | B29: 24.05.52.0013 | C29: MUHAMMAD MAFTUF | D29: 92.2 | E29: 95.5 | F29: =IFERROR((D29*($D$17/100))+(E29*($E$17/100)),"") -> 93.85 | G29: =IFERROR(VLOOKUP(F29,[8]Sheet1!$AA$1:$AB$10,2),"") -> A
A30: 12 | B30: 24.05.52.0014 | C30: ARELIA SALSABILA SAFITRI | D30: 90.9 | E30: 95.9 | F30: =IFERROR((D30*($D$17/100))+(E30*($E$17/100)),"") -> 93.4 | G30: =IFERROR(VLOOKUP(F30,[8]Sheet1!$AA$1:$AB$10,2),"") -> A
A31: 13 | B31: 24.05.52.0015 | C31: JULLER IBEL LAURENTIUS TURNIP | D31: 67 | E31: 96 | F31: =IFERROR((D31*($D$17/100))+(E31*($E$17/100)),"") -> 81.5 | G31: =IFERROR(VLOOKUP(F31,[8]Sheet1!$AA$1:$AB$10,2),"") -> B+
... A52: 34 | B52: 24.05.52.3012 | C52: RORO AYU SUKMAWATI | D52: 67.5 | E52: 64 | F52: =IFERROR((D52*($D$17/100))+(E52*($E$17/100)),"") -> 65.75 | G52: =IFERROR(VLOOKUP(F52,[8]Sheet1!$AA$1:$AB$10,2),"") -> B-
D54: =D16 -> CPMK122 | E54: =E16 -> CPMK123 | F54: =F12 -> Nilai Akhir MK 100
C55: Tidak KRS/Tidak Aktif | D55: =IFERROR(COUNTIF(D19:D52,""),"") -> 0 | E55: =IFERROR(COUNTIF(E19:E52,""),"") -> 0 | F55: =IFERROR(COUNTIF(F19:F52,""),"") -> 0
C56: <=65 | D56: =IFERROR(COUNTIF(D19:D52,C56)+COUNTIF(D19:D52,""),"")-D55 -> 0 | E56: =COUNTIF(E19:E52,C56)+COUNTIF(E19:E52,"")-E55 -> 1 | F56: =IFERROR(COUNTIF(F19:F52,C56)+COUNTIF(F19:F52,""),"") -> 0
C57: <85 | D57: =IFERROR(COUNTIF(D19:D52,C57)-D56,"") -> 11 | E57: =COUNTIF(E19:E52,C57)-E56 -> 6 | F57: =IFERROR(COUNTIF(F19:F52,C57)-F56,"") -> 12
C58: >=85 | D58: =COUNTIF(D19:D52,C58) -> 23 | E58: =COUNTIF(E19:E52,C58) -> 27 | F58: =IFERROR(COUNTIF(F19:F52,C58),"") -> 22
C59: Total | D59: =SUM(D55:D58) -> 34 | E59: =SUM(E55:E58) -> 34 | F59: =SUM(F55:F58) -> 34
C61: Jumlah mhsw yg lulus CPMK | D61: =(D57+D58)/(D59-D55) -> 1 | E61: =(E57+E58)/(E59-E55) -> 0.97058824 | F61: =(F57+F58)/(F59-F55) -> 1
C63: Minimal | D63: =MIN(D19:D52) -> 67 | E63: =MIN(E19:E52) -> 64 | F63: =IFERROR(MIN(F19:F52),"") -> 65.75
C64: Maksimal | D64: =MAX(D19:D52) -> 95.5 | E64: =MAX(E19:E52) -> 100 | F64: =IFERROR(MAX(F19:F52),"") -> 95.5
C65: Rata-Rata | D65: =AVERAGE(D19:D52) -> 85.841176 | E65: =AVERAGE(E19:E52) -> 90.432353 | F65: =IFERROR(AVERAGE(F19:F52),"") -> 88.136765

Sheet MK59-KWN
A1: FORM MONITORING DAN EVALUASI
A2: KETERCAPAIAN CAPAIAN PEMBELAJARAN MATAKULIAH(CPMK) PADA SATU ANGKATAN
A4: Tahun Akademik | C4: : 2024/2025 | E4: Program Studi | F4: : Sistem Informasi
A5: Kode Matakuliah | C5: : U.24.01.55.1.03 | E5: Fakultas | F5: : Teknologi Informasi dan Industri
A6: Nama Matakuliah | C6: : KEWARGANEGARAAN
A7: SKS Matakuliah | C7: : 2
A8: Semester/ Kelas | C8: : I / A1+DLC
A9: Dosen Pengampu | C9: : 1.YU.2.03.07.063 - R. SOELISTIJADI, S.SOS, M.Kom.
C10: : 2.
D12: MK59 | G12: =CONCATENATE("Nilai Akhir MK"," ",D17+E17+F17) -> Nilai Akhir MK 100 | H12: Nilai Huruf
D13: =TRIM(MID(C5,3,100)) -> U.24.01.55.1.03
D14: =TRIM(MID(C6,3,100)) -> KEWARGANEGARAAN
D15: CPL10 | E15: CPL12 | F15: CPL14
D16: CPMK101 | E16: CPMK122 | F16: CPMK141
D17: 25 | E17: 45 | F17: 30
A18: No | B18: NIM | C18: Nama Mahasiswa
A19: 1 | B19: 24.01.55.0002 | C19: NADIA SALSABILLA PUTRI
A20: 2 | B20: 24.01.55.0003 | C20: LISA RAHMAWATI | D20: 93.86 | E20: 88.75 | F20: 85 | G20: =IFERROR((D20*($D$17/100))+(E20*($E$17/100))+(F20*($F$17/100)),"") -> 88.9025 | H20: =IFERROR(VLOOKUP(G20,[9]Sheet1!$AA$1:$AB$10,2),"") -> A-
A21: 3 | B21: 24.01.55.0004 | C21: NAZWA FITRI AULIA | D21: 88.21 | E21: 55 | F21: 70 | G21: =IFERROR((D21*($D$17/100))+(E21*($E$17/100))+(F21*($F$17/100)),"") -> 67.8025 | H21: =IFERROR(VLOOKUP(G21,[9]Sheet1!$AA$1:$AB$10,2),"") -> B-
A22: 4 | B22: 24.01.55.0005 | C22: RAFFAEL ANGGARA ARYA DEWA | D22: 87.64 | E22: 69.25 | F22: 59 | G22: =IFERROR((D22*($D$17/100))+(E22*($E$17/100))+(F22*($F$17/100)),"") -> 70.7725 | H22: =IFERROR(VLOOKUP(G22,[9]Sheet1!$AA$1:$AB$10,2),"") -> B
A23: 5 | B23: 24.01.55.0006 | C23: YUMROTUL MUKAROMAH | D23: 91 | E23: 79 | F23: 72 | G23: =IFERROR((D23*($D$17/100))+(E23*($E$17/100))+(F23*($F$17/100)),"") -> 79.9 | H23: =IFERROR(VLOOKUP(G23,[9]Sheet1!$AA$1:$AB$10,2),"") -> B+
A24: 6 | B24: 24.01.55.0007 | C24: USWATUN AULIA PANGESTIKA | D24: 84.64 | E24: 85 | F24: 80 | G24: =IFERROR((D24*($D$17/100))+(E24*($E$17/100))+(F24*($F$17/100)),"") -> 83.41 | H24: =IFERROR(VLOOKUP(G24,[9]Sheet1!$AA$1:$AB$10,2),"") -> B+
A25: 7 | B25: 24.01.55.0008 | C25: VINCENT LISTANEOF SANTOSO | D25: 53.86 | E25: 12.5 | F25: 0 | G25: =IFERROR((D25*($D$17/100))+(E25*($E$17/100))+(F25*($F$17/100)),"") -> 19.09 | H25: =IFERROR(VLOOKUP(G25,[9]Sheet1!$AA$1:$AB$10,2),"") -> E
A26: 8 | B26: 24.01.55.0009 | C26: RETNO AJENG PUSPITASARI | D26: 67.07 | E26: 62.75 | F26: 67 | G26: =IFERROR((D26*($D$17/100))+(E26*($E$17/100))+(F26*($F$17/100)),"") -> 65.105 | H26: =IFERROR(VLOOKUP(G26,[9]Sheet1!$AA$1:$AB$10,2),"") -> C+
A27: 9 | B27: 24.01.55.0010 | C27: IQBAL FAHAR | D27: 85.5 | E27: 86.5 | F27: 82 | G27: =IFERROR((D27*($D$17/100))+(E27*($E$17/100))+(F27*($F$17/100)),"") -> 84.9 | H27: =IFERROR(VLOOKUP(G27,[9]Sheet1!$AA$1:$AB$10,2),"") -> A-
A28: 10 | B28: 24.01.55.0011 | C28: SHABRINA AULIA PUTRI | D28: 78.86 | E28: 86.25 | F28: 85 | G28: =IFERROR((D28*($D$17/100))+(E28*($E$17/100))+(F28*($F$17/100)),"") -> 84.0275 | H28: =IFERROR(VLOOKUP(G28,[9]Sheet1!$AA$1:$AB$10,2),"") -> B+
A29: 11 | B29: 24.01.55.0012 | C29: ADELA PUTRI AJI | D29: 82.64 | E29: 82.5 | F29: 80 | G29: =IFERROR((D29*($D$17/100))+(E29*($E$17/100))+(F29*($F$17/100)),"") -> 81.785 | H29: =IFERROR(VLOOKUP(G29,[9]Sheet1!$AA$1:$AB$10,2),"") -> B+
A30: 12 | B30: 24.01.55.0013 | C30: AMELIA RISKI KURNIAWATI | D30: 75.5 | E30: 79 | F30: 82 | G30: =IFERROR((D30*($D$17/100))+(E30*($E$17/100))+(F30*($F$17/100)),"") -> 79.025 | H30: =IFERROR(VLOOKUP(G30,[9]Sheet1!$AA$1:$AB$10,2),"") -> B+
A31: 13 | B31: 24.01.55.0014 | C31: DAFFA IQBAL MAULANA | D31: 89.93 | E31: 86.5 | F31: 82 | G31: =IFERROR((D31*($D$17/100))+(E31*($E$17/100))+(F31*($F$17/100)),"") -> 86.0075 | H31: =IFERROR(VLOOKUP(G31,[9]Sheet1!$AA$1:$AB$10,2),"") -> A-
... A37: 19 | B37: 24.01.55.3004 | C37: RISTRAWAN WIRAWINELDA | D37: 77.5 | E37: 70.5 | F37: 74 | G37: =IFERROR((D37*($D$17/100))+(E37*($E$17/100))+(F37*($F$17/100)),"") -> 73.3 | H37: =IFERROR(VLOOKUP(G37,[9]Sheet1!$AA$1:$AB$10,2),"") -> B
D39: =D16 -> CPMK101 | E39: =E16 -> CPMK122 | F39: =F16 -> CPMK141 | G39: =G12 -> Nilai Akhir MK 100
C40: Tidak KRS/Tidak Aktif | D40: =IFERROR(COUNTIF(D19:D37,""),"") -> 1 | E40: =IFERROR(COUNTIF(E19:E37,""),"") -> 1 | F40: =IFERROR(COUNTIF(F19:F37,""),"") -> 1 | G40: =IFERROR(COUNTIF(G19:G37,""),"") -> 1
C41: <=65 | D41: =IFERROR(COUNTIF(D19:D37,C41)+COUNTIF(D19:D37,""),"")-D40 -> 1 | E41: =COUNTIF(E19:E37,C41)+COUNTIF(E19:E37,"")-E40 -> 3 | F41: =COUNTIF(F19:F37,C41)+COUNTIF(F19:F37,"")-F40 -> 2 | G41: =IFERROR(COUNTIF(G19:G37,C41)+COUNTIF(G19:G37,""),"") -> 2
C42: <85 | D42: =IFERROR(COUNTIF(D19:D37,C42)-D41,"") -> 11 | E42: =COUNTIF(E19:E37,C42)-E41 -> 10 | F42: =COUNTIF(F19:F37,C42)-F41 -> 14 | G42: =IFERROR(COUNTIF(G19:G37,C42)-G41,"") -> 14
C43: >=85 | D43: =COUNTIF(D19:D37,C43) -> 6 | E43: =COUNTIF(E19:E37,C43) -> 5 | F43: =COUNTIF(F19:F37,C43) -> 2 | G43: =IFERROR(COUNTIF(G19:G37,C43),"") -> 2
C44: Total | D44: =SUM(D40:D43) -> 19 | E44: =SUM(E40:E43) -> 19 | F44: =SUM(F40:F43) -> 19 | G44: =SUM(G40:G43) -> 19
C46: Jumlah mhsw yg lulus CPMK | D46: =(D42+D43)/(D44-D40) -> 0.94444444 | E46: =(E42+E43)/(E44-E40) -> 0.83333333 | F46: =(F42+F43)/(F44-F40) -> 0.88888889 | G46: =(G42+G43)/(G44-G40) -> 0.88888889
C48: Minimal | D48: =MIN(D19:D37) -> 53.86 | E48: =MIN(E19:E37) -> 12.5 | F48: =MIN(F19:F37) -> 0 | G48: =IFERROR(MIN(G19:G37),"") -> 19.09
C49: Maksimal | D49: =MAX(D19:D37) -> 93.86 | E49: =MAX(E19:E37) -> 88.75 | F49: =MAX(F19:F37) -> 85 | G49: =IFERROR(MAX(G19:G37),"") -> 88.9025
C50: Rata-Rata | D50: =AVERAGE(D19:D37) -> 80.412778 | E50: =AVERAGE(E19:E37) -> 73.652778 | F50: =AVERAGE(F19:F37) -> 71.722222 | G50: =IFERROR(AVERAGE(G19:G37),"") -> 74.763611

Sheet Penguk.CPMK-Smt1
A1: Pengukuran CPMK di tingkat mata kuliah pada satu angkatan (2024)
A2: [Mata Kuliah Semester I]
D4: MK1 | F4: Nilai Akhir Matakuliah | G4: MK2 | L4: Nilai Akhir Matakuliah | M4: MK3 | O4: Nilai Akhir Matakuliah | P4: MK4 | R4: Nilai Akhir Matakuliah | S4: MK5 | U4: Nilai Akhir Matakuliah | V4: MK6 | X4: Nilai Akhir Matakuliah | Y4: MK7 | AA4: Nilai Akhir Matakuliah | AB4: MK8 | AD4: Nilai Akhir Matakuliah | AF4: Nilai | AH4: Nilai | AJ4: Nilai | AL4: Nilai | AN4: Nilai | AP4: Nilai | AR4: Nilai | AT4: Nilai | AV4: Nilai | AX4: Nilai | AZ4: Nilai | BB4: Nilai | BD4: Nilai | BF4: Nilai
D5: P.24.05.52.1.01 | G5: P.24.05.52.1.02 | M5: ='ListMKSmt-1'!D4 -> P.24.05.52.1.03 | P5: ='ListMKSmt-1'!D5 -> P.24.05.52.1.04 | S5: ='ListMKSmt-1'!D6 -> P.24.05.52.1.05 | V5: ='ListMKSmt-1'!D7 -> U.24.05.52.1.01 | Y5: ='ListMKSmt-1'!D8 -> U.24.05.52.1.02 | AB5: ='ListMKSmt-1'!D9 -> U.24.05.52.1.03
D6: Akuntansi Pengantar 1 | G6: Perpajakan 1 | M6: ='ListMKSmt-1'!E4 -> Etika Bisnis dan Profesi | P6: ='ListMKSmt-1'!E5 -> Teori Ekonomi | S6: ='ListMKSmt-1'!E6 -> Hukum Bisnis dan Perikatan | V6: ='ListMKSmt-1'!E7 -> Agama | Y6: ='ListMKSmt-1'!E8 -> Kewarganegaraan | AB6: ='ListMKSmt-1'!E9 -> English for Business | AF6: D,G,J,T | AH6: U | AJ6: N,Q | AL6: K | AV6: O,R | AX6: X,AB,AF | BB6: Y,AC,AG | BD6: E,H, L,V | BF6: Z,AD,AH | BJ6: V,W,Y,Z | BP6: U | BX6: N,Q | CD6: K | DX6: O,R | EB6: X,AB,AF | EV6: Y,AC,AG | FF6: E,H,L,V | FJ6: Z,AD,AH
D7: CPL02 | E7: CPL02 | G7: CPL10 | H7: CPL10 | I7: CPL10 | J7: CPL10 | K7: CPL11 | M7: CPL08 | N7: CPL09 | P7: CPL05 | Q7: CPL05 | S7: ='MK5-BP'!D15 -> CPL11 | T7: ='MK5-BP'!E15 -> CPL11 | V7: ='MK7-MBD'!D15 -> CPL01 | W7: ='MK7-MBD'!E15 -> CPL1 | Y7: =MK8_BID!D15 -> CPL01 | Z7: =MK8_BID!E15 -> CPL01 | AB7: ='MK16-AGM'!D15 -> CPL12 | AC7: ='MK16-AGM'!E15 -> CPL12 | AF7: CPL01 | AG7: Capaian (%) | AH7: CPL02 | AI7: Capaian (%) | AJ7: CPL03 | AK7: Capaian (%) | AL7: CPL04 | AM7: Capaian (%) | AN7: CPL05 | AO7: Capaian (%) | AP7: CPL06 | AQ7: Capaian (%) | AR7: CPL07 | AS7: Capaian (%) | AT7: CPL08 | AU7: Capaian (%) | AV7: CPL09 | AW7: Capaian (%) | AX7: CPL10 | AY7: Capaian (%) | AZ7: CPL11 | BA7: Capaian (%) | BB7: CPL12 | BC7: Capaian (%) | BD7: CPL13 | BE7: Capaian (%) | BF7: CPL14 | BG7: Capaian (%) | BJ7: CPL01 | BP7: CPL02 | BX7: CPL03 | CD7: CPL04 | CH7: CPL05 | CX7: CPL06 | DF7: CPL07 | DR7: CPL08 | DX7: CPL09 | EB7: CPL10 | EL7: CPL11 | EV7: CPL12 | FF7: CPL13 | FJ7: CPL14
D8: CPMK021 | E8: CPMK023 | G8: CPMK101 | H8: CPMK102 | I8: CPMK103 | J8: CPMK104 | K8: CPMK111 | M8: CPMK81 | N8: CPMK91 | P8: CPMK55 | Q8: CPMK56 | S8: ='MK5-BP'!D16 -> CPMK114 | T8: ='MK5-BP'!E16 -> CPMK115 | V8: ='MK7-MBD'!D16 -> CPMK11 | W8: ='MK7-MBD'!E16 -> CPMK13 | Y8: =MK8_BID!D16 -> CPMK12 | Z8: =MK8_BID!E16 -> CPMK13 | AB8: ='MK16-AGM'!D16 -> CPMK122 | AC8: ='MK16-AGM'!E16 -> CPMK123 | AE8: SMT-I | AF8: 215 | AH8: =#REF! -> #REF! | AJ8: =P9+S9 -> 100 | AL8: =#REF! -> #REF! | AV8: =Q9+T9 -> 100 | AX8: =Y9+AB9+#REF! -> #REF! | BB8: =#REF!+#REF!+#REF! -> #REF! | BD8: =E9+K9+N9+W9 -> 171 | BF8: =Z9+AC9+#REF! -> #REF! | BJ8: CPMK011 | BK8: % | BL8: CPMK012 | BM8: % | BN8: CPMK013 | BO8: % | BP8: CPMK021 | BQ8: % | BR8: CPMK022 | BS8: % | BT8: CPMK023 | BU8: % | BV8: CPMK024 | BW8: % | BX8: CPMK031 | BY8: % | BZ8: CPMK032 | CA8: % | CB8: CPMK033 | CC8: % | CD8: CPMK041 | CE8: % | CF8: CPMK042 | CG8: % | CH8: CPMK051 | CI8: % | CJ8: CPMK052 | CK8: % | CL8: CPMK053 | CM8: % | CN8: CPMK054 | CO8: % | CP8: CPMK055 | CQ8: % | CR8: CPMK056 | CS8: % | CT8: CPMK057 | CU8: % | CV8: CPMK058 | CW8: % | CX8: CPMK061 | CY8: % | CZ8: CPMK062 | DA8: % | DB8: CPMK063 | DC8: % | DD8: CPMK064 | DE8: % | DF8: CPMK071 | DG8: % | DH8: CPMK072 | DI8: % | DJ8: CPMK073 | DK8: % | DL8: CPMK074 | DM8: % | DN8: CPMK075 | DO8: % | DP8: CPMK076 | DQ8: % | DR8: CPMK081 | DS8: % | DT8: CPMK082 | DU8: % | DV8: CPMK083 | DW8: % | DX8: CPMK091 | DY8: % | DZ8: CPMK092 | EA8: % | EB8: CPMK101 | EC8: % | ED8: CPMK102 | EE8: % | EF8: CPMK103 | EG8: % | EH8: CPMK104 | EI8: % | EJ8: CPMK105 | EK8: % | EL8: CPMK111 | EM8: % | EN8: CPMK112 | EO8: % | EP8: CPMK113 | EQ8: % | ER8: CPMK114 | ES8: % | ET8: CPMK115 | EU8: % | EV8: CPMK121 | EW8: % | EX8: CPMK122 | EY8: % | EZ8: CPMK123 | FA8: % | FB8: CPMK124 | FC8: % | FD8: CPMK125 | FE8: % | FF8: CPMK131 | FG8: % | FH8: CPMK132 | FI8: % | FJ8: CPMK141 | FK8: % | FL8: CPMK142 | FM8: %
C9: =SUM(D9,E9,G9,K9,M9,#REF!,N9,P9,Q9,S9,T9,V9,#REF!,W9,Y9,#REF!,Z9,AB9,#REF!,AC9,#REF!,#REF!,#REF!) -> #REF! | D9: 50 | E9: 50 | G9: 16 | H9: 16 | I9: 26 | J9: 21 | K9: 21 | M9: 50 | N9: 50 | P9: 50 | Q9: 50 | S9: ='MK5-BP'!D17 -> 50 | T9: ='MK5-BP'!E17 -> 50 | V9: ='MK7-MBD'!D17 -> 50 | W9: ='MK7-MBD'!E17 -> 50 | Y9: =MK8_BID!D17 -> 50 | Z9: =MK8_BID!E17 -> 50 | AB9: ='MK16-AGM'!D17 -> 50 | AC9: ='MK16-AGM'!E17 -> 50 | BJ9: =V9 -> 50 | BL9: =Y9 -> 50 | BN9: =Z9 -> 50 | BP9: =D9 -> 50 | BT9: =E9 -> 50 | CP9: =P9 -> 50 | CR9: 50 | DR9: 50 | DX9: =Q9 -> 50 | EB9: 16 | ED9: 16 | EF9: =I9 -> 26 | EH9: =J9 -> 21 | EL9: =K9 -> 21 | ER9: =S9 -> 50 | ET9: =T9 -> 50 | EX9: =AB9 -> 50 | EZ9: =AC9 -> 50 | FF9: =E9+K9+N9+W9 -> 171 | FJ9: =AC9+#REF! -> #REF! | FL9: =Z9 -> 50 | FN9: =SUM(BJ9:FL9) -> #REF!
A10: No | B10: NIM | C10: Nama Mahasiswa
A11: 1 | B11: 24.05.52.0002 | C11: SNEHA JAYA BAIDURI | D11: ='MK1-TM'!D19 -> 77.5 | E11: ='MK1-TM'!E19 -> 82 | F11: =IFERROR((D11*($D$9/100))+(E11*($E$9/100)),"") -> 79.75 | G11: ='MK2-TO'!D19 -> 79.25 | H11: ='MK2-TO'!E19 -> 80.5 | I11: 83.38 | J11: 80.86 | K11: ='MK2-TO'!H19 -> 83 | L11: =IFERROR((G11*($G$9/100))+(H11*($H$9/100))+(I11*($I$9/100))+(J11*($J$9/100)+(K11*($K$9/100))),"") -> 81.6494 | M11: ='MK3-PSTI'!D19 -> 79 | N11: ='MK3-PSTI'!E19 -> 82.5 | O11: =IFERROR((M11*($M$9/100))+(N11*($N$9/100)),"") -> 80.75 | P11: =IF('MK4-L&A'!D19="","",'MK4-L&A'!D19) -> 84.5 | Q11: =IF('MK4-L&A'!E19="","",'MK4-L&A'!E19) -> 87 | R11: =IFERROR((P11*($P$9/100))+(Q11*($Q$9/100)),"") -> 85.75 | S11: =IF('MK5-BP'!D19="","",'MK5-BP'!D19) -> 75.6 | T11: =IF('MK5-BP'!E19="","",'MK5-BP'!E19) -> 68.1 | U11: =IFERROR((S11*($S$9/100))+(T11*($T$9/100)),"") -> 71.85 | V11: =IF('MK7-MBD'!D19="","",'MK7-MBD'!D19) -> 82.7 | W11: =IF('MK7-MBD'!E19="","",'MK7-MBD'!E19) -> 91.7 | X11: =IFERROR((V11*($S$9/100))+(W11*($T$9/100)),"") -> 87.2 | Y11: =IF(MK8_BID!D19="","",MK8_BID!D19) -> 81.4 | Z11: =IF(MK8_BID!E19="","",MK8_BID!E19) -> 81.4 | AA11: =IFERROR((Y11*($S$9/100))+(Z11*($T$9/100)),"") -> 81.4 | AB11: =IF('MK16-AGM'!D19="","",'MK16-AGM'!D19) -> 93.2 | AC11: =IF('MK16-AGM'!E19="","",'MK16-AGM'!E19) -> 97.5 | AD11: =IFERROR((AB11*($AB$9/100))+(AC11*($AC$9/100)),"") -> 95.35 | AF11: =IFERROR((D11*($D$9/100)+G11*($G$9/100)+M11*($M$9/100)+V11*($V$9/100)),"") -> 132.28 | AG11: =IFERROR(AF11/$AF$8*100,"") -> 61.525581 | AL11: =IFERROR((#REF!*(#REF!/100)),"") | AM11: =IFERROR(AL11/$AL$8*100,"") | BD11: =IFERROR((E11*($E$9/100)+K11*($K$9/100)+N11*($N$9/100)+W11*($W$9/100)),"") -> 145.53 | BE11: =IFERROR(BD11/$BD$8*100,"") -> 85.105263 | BJ11: =IF(V11="","",IFERROR(V11*($V$9/100),"")) -> 41.35 | BK11: =IF(BJ11="","",BJ11/$BJ$9) -> 0.827 | BL11: =IF(Y11="","",IFERROR(Y11*($BL$9/100),"")) -> 40.7 | BM11: =IF(BL11="","",BL11/$BL$9) -> 0.814 | BN11: =IF(Z11="","",IFERROR(Z11*($BN$9/100),"")) -> 40.7 | BO11: =IF(BN11="","",BN11/$BN$9) -> 0.814 | BP11: =IF(D11="","",IFERROR(D11*($D$9/100),"")) -> 38.75 | BQ11: =IF(BP11="","",BP11/$BP$9) -> 0.775 | BT11: =IF(E11="","",IFERROR(E11*($E$9/100),"")) -> 41 | BU11: =IF(BT11="","",BT11/$BT$9) -> 0.82 | CA11: =IF(BZ11="","",BZ11/$BZ$9) | CE11: =IF(CD11="","",CD11/$CD$9) | CP11: =IF(P11="","",IFERROR(P11*($P$9/100),"")) -> 42.25 | CQ11: =IF(CP11="","",CP11/$CP$9) -> 0.845 | CR11: =IF(Q11="","",IFERROR(Q11*($Q$9/100),"")) -> 43.5 | CS11: =IF(CR11="","",CR11/$CR$9) -> 0.87 | DR11: =IF(M11="","",IFERROR(M11*($M$9/100),"")) -> 39.5 | DS11: =IF(DR11="","",DR11/$DR$9) -> 0.79 | DX11: =IF(N11="","",IFERROR(N11*($N$9/100),"")) -> 41.25 | DY11: =IF(DX11="","",DX11/$DX$9) -> 0.825 | EB11: =IF(G11="","",IFERROR(G11*($G$9/100),"")) -> 12.68 | EC11: =IF(EB11="","",EB11/$EB$9) -> 0.7925 | ED11: =IF(H11="","",IFERROR(H11*($H$9/100),"")) -> 12.88 | EE11: =IF(ED11="","",ED11/$ED$9) -> 0.805 | EF11: =IF(I11="","",IFERROR(I11*($I$9/100),"")) -> 21.6788 | EG11: =IF(EF11="","",EF11/$EF$9) -> 0.8338 | EH11: =IF(J11="","",IFERROR(J11*($J$9/100),"")) -> 16.9806 | EI11: =IF(EH11="","",EH11/$EH$9) -> 0.8086 | EL11: =IF(K11="","",IFERROR(K11*($K$9/100),"")) -> 17.43 | EM11: =IF(EF11="","",EF11/$EF$9) -> 0.8338 | ER11: =IF(S11="","",IFERROR(S11*($S$9/100),"")) -> 37.8 | ES11: =IF(ER11="","",ER11/$ER$9) -> 0.756 | ET11: =IF(T11="","",IFERROR(T11*($T$9/100),"")) -> 34.05 | EU11: =IF(ET11="","",ET11/$ET$9) -> 0.681 | EV11: =IFERROR(IF(#REF!="","",IFERROR(#REF!*(#REF!/100),"")),"") | EW11: =IF(EV11="","",EV11/$EV$9) | EX11: =IF(AB11="","",IFERROR(AB11*($AB$9/100),"")) -> 46.6 | EY11: =IF(EX11="","",EX11/$EX$9) -> 0.932 | EZ11: =IF(AC11="","",IFERROR(AC11*($AC$9/100),"")) -> 48.75 | FA11: =IF(EZ11="","",EZ11/$EZ$9) -> 0.975 | FD11: =IFERROR(IF(#REF!="","",IFERROR(#REF!*(#REF!/100),""))+IF(#REF!="","",IFERROR(#REF!*(#REF!/100),"")),"") | FE11: =IF(FD11="","",FD11/$FD$9) | FF11: =IFERROR(IF(E11="","",IFERROR(E11*($E$9/100),""))+IF(K11="","",IFERROR(K11*($K$9/100),""))+IF(N11="","",IFERROR(N11*($N$9/100),""))+IF(W11="","",IFERROR(W11*($W$9/100),"")),"") -> 145.53 | FG11: =IF(FF11="","",FF11/$FF$9) -> 0.85105263 | FJ11: =IFERROR(IF(AC11="","",IFERROR(AC11*($AC$9/100),""))+IF(#REF!="","",IFERROR(#REF!*(#REF!/100),"")),"") | FK11: =IF(FJ11="","",FJ11/$FJ$9) | FL11: =IFERROR(IF(Z11="","",IFERROR(Z11*($Z$9/100),"")),"") -> 40.7 | FM11: =IF(FL11="","",FL11/$FL$9) -> 0.814 | FN11: =SUM(BJ11:FL11) -> 819.72815 | FO11: =FN11/$FN$9 -> #REF!
A12: 2 | B12: 24.05.52.0003 | C12: ALFARIESSA GIFTHA ANDREA PITALOKA | D12: ='MK1-TM'!D20 -> 94 | E12: ='MK1-TM'!E20 -> 99.5 | F12: =IFERROR((D12*($D$9/100))+(E12*($E$9/100)),"") -> 96.75 | G12: ='MK2-TO'!D20 -> 76.13 | H12: ='MK2-TO'!E20 -> 78.63 | I12: ='MK2-TO'!F20 -> 86.46 | J12: 78.9 | K12: ='MK2-TO'!H20 -> 86.1 | L12: =IFERROR((G12*($G$9/100))+(H12*($H$9/100))+(I12*($I$9/100))+(J12*($J$9/100)+(K12*($K$9/100))),"") -> 81.8912 | M12: ='MK3-PSTI'!D20 -> 86 | N12: ='MK3-PSTI'!E20 -> 86 | O12: =IFERROR((M12*($M$9/100))+(N12*($N$9/100)),"") -> 86 | P12: =IF('MK4-L&A'!D20="","",'MK4-L&A'!D20) -> 88 | Q12: =IF('MK4-L&A'!E20="","",'MK4-L&A'!E20) -> 87 | R12: =IFERROR((P12*($P$9/100))+(Q12*($Q$9/100)),"") -> 87.5 | S12: =IF('MK5-BP'!D20="","",'MK5-BP'!D20) -> 75.6 | T12: =IF('MK5-BP'!E20="","",'MK5-BP'!E20) -> 68.1 | U12: =IFERROR((S12*($S$9/100))+(T12*($T$9/100)),"") -> 71.85 | V12: =IF('MK7-MBD'!D20="","",'MK7-MBD'!D20) -> 84.35 | W12: =IF('MK7-MBD'!E20="","",'MK7-MBD'!E20) -> 92.2 | X12: =IFERROR((V12*($S$9/100))+(W12*($T$9/100)),"") -> 88.275 | Y12: =IF(MK8_BID!D20="","",MK8_BID!D20) -> 76.9 | Z12: =IF(MK8_BID!E20="","",MK8_BID!E20) -> 76.9 | AA12: =IFERROR((Y12*($S$9/100))+(Z12*($T$9/100)),"") -> 76.9 | AB12: =IF('MK16-AGM'!D20="","",'MK16-AGM'!D20) -> 95.5 | AC12: =IF('MK16-AGM'!E20="","",'MK16-AGM'!E20) -> 93.4 | AD12: =IFERROR((AB12*($AB$9/100))+(AC12*($AC$9/100)),"") -> 94.45 | AF12: =IFERROR((D12*($D$9/100)+G12*($G$9/100)+M12*($M$9/100)+V12*($V$9/100)),"") -> 144.3558 | AG12: =IFERROR(AF12/$AF$8*100,"") -> 67.142233 | AH12: =IFERROR((#REF!*(#REF!/100)),"") | AI12: =IFERROR(AH12/$AH$8*100,"") | AJ12: =IFERROR((P12*($P$9/100)+S12*($S$9/100)),"") -> 81.8 | AK12: =IFERROR(AJ12/$AJ$8*100,"") -> 81.8 | AL12: =IFERROR((#REF!*(#REF!/100)),"") | AM12: =IFERROR(AL12/$AL$8*100,"") | AV12: =IFERROR((Q12*($Q$9/100)+T12*($T$9/100)),"") -> 77.55 | AW12: =IFERROR(AV12/$AV$8*100,"") -> 77.55 | AX12: =IFERROR((Y12*($Y$9/100)+AB12*($AB$9/100)+#REF!*(#REF!/100)),"") | AY12: =IFERROR(AX12/$AX$8*100,"") | BB12: =IFERROR((#REF!*(#REF!/100)+#REF!*(#REF!/100)+#REF!*(#REF!/100)),"") | BC12: =IFERROR(BB12/$BB$8*100,"") | BD12: =IFERROR((E12*($E$9/100)+K12*($K$9/100)+N12*($N$9/100)+W12*($W$9/100)),"") -> 156.931 | BE12: =IFERROR(BD12/$BD$8*100,"") -> 91.772515 | BF12: =IFERROR((Z12*($Z$9/100)+(AC12*($AC$9/100))+(#REF!*(#REF!/100))),"") | BG12: =IFERROR(BF12/$BF$8*100,"") | BJ12: =IF(V12="","",IFERROR(V12*($V$9/100),"")) -> 42.175 | BK12: =IF(BJ12="","",BJ12/$BJ$9) -> 0.8435 | BL12: =IF(Y12="","",IFERROR(Y12*($BL$9/100),"")) -> 38.45 | BM12: =IF(BL12="","",BL12/$BL$9) -> 0.769 | BN12: =IF(Z12="","",IFERROR(Z12*($BN$9/100),"")) -> 38.45 | BO12: =IF(BN12="","",BN12/$BN$9) -> 0.769 | BP12: =IF(D12="","",IFERROR(D12*($D$9/100),"")) -> 47 | BQ12: =IF(BP12="","",BP12/$BP$9) -> 0.94 | BT12: =IF(E12="","",IFERROR(E12*($E$9/100),"")) -> 49.75 | BU12: =IF(BT12="","",BT12/$BT$9) -> 0.995 | CA12: =IF(BZ12="","",BZ12/$BZ$9) | CE12: =IF(CD12="","",CD12/$CD$9) | CP12: =IF(P12="","",IFERROR(P12*($P$9/100),"")) -> 44 | CQ12: =IF(CP12="","",CP12/$CP$9) -> 0.88 | CR12: =IF(Q12="","",IFERROR(Q12*($Q$9/100),"")) -> 43.5 | CS12: =IF(CR12="","",CR12/$CR$9) -> 0.87 | DR12: =IF(M12="","",IFERROR(M12*($M$9/100),"")) -> 43 | DS12: =IF(DR12="","",DR12/$DR$9) -> 0.86 | DX12: =IF(N12="","",IFERROR(N12*($N$9/100),"")) -> 43 | DY12: =IF(DX12="","",DX12/$DX$9) -> 0.86 | EB12: =IF(G12="","",IFERROR(G12*($G$9/100),"")) -> 12.1808 | EC12: =IF(EB12="","",EB12/$EB$9) -> 0.7613 | ED12: =IF(H12="","",IFERROR(H12*($H$9/100),"")) -> 12.5808 | EE12: =IF(ED12="","",ED12/$ED$9) -> 0.7863 | EF12: =IF(I12="","",IFERROR(I12*($I$9/100),"")) -> 22.4796 | EG12: =IF(EF12="","",EF12/$EF$9) -> 0.8646 | EH12: =IF(J12="","",IFERROR(J12*($J$9/100),"")) -> 16.569 | EI12: =IF(EH12="","",EH12/$EH$9) -> 0.789 | EL12: =IF(K12="","",IFERROR(K12*($K$9/100),"")) -> 18.081 | EM12: =IF(EF12="","",EF12/$EF$9) -> 0.8646 | EO12: =IF(EN12="","",EN12/$EN$9) | ER12: =IF(S12="","",IFERROR(S12*($S$9/100),"")) -> 37.8 | ES12: =IF(ER12="","",ER12/$ER$9) -> 0.756 | ET12: =IF(T12="","",IFERROR(T12*($T$9/100),"")) -> 34.05 | EU12: =IF(ET12="","",ET12/$ET$9) -> 0.681 | EV12: =IFERROR(IF(#REF!="","",IFERROR(#REF!*(#REF!/100),"")),"") | EW12: =IF(EV12="","",EV12/$EV$9) | EX12: =IF(AB12="","",IFERROR(AB12*($AB$9/100),"")) -> 47.75 | EY12: =IF(EX12="","",EX12/$EX$9) -> 0.955 | EZ12: =IF(AC12="","",IFERROR(AC12*($AC$9/100),"")) -> 46.7 | FA12: =IF(EZ12="","",EZ12/$EZ$9) -> 0.934 | FD12: =IFERROR(IF(#REF!="","",IFERROR(#REF!*(#REF!/100),""))+IF(#REF!="","",IFERROR(#REF!*(#REF!/100),"")),"") | FE12: =IF(FD12="","",FD12/$FD$9) | FF12: =IFERROR(IF(E12="","",IFERROR(E12*($E$9/100),""))+IF(K12="","",IFERROR(K12*($K$9/100),""))+IF(N12="","",IFERROR(N12*($N$9/100),""))+IF(W12="","",IFERROR(W12*($W$9/100),"")),"") -> 156.931 | FG12: =IF(FF12="","",FF12/$FF$9) -> 0.91772515 | FJ12: =IFERROR(IF(AC12="","",IFERROR(AC12*($AC$9/100),""))+IF(#REF!="","",IFERROR(#REF!*(#REF!/100),"")),"") | FK12: =IF(FJ12="","",FJ12/$FJ$9) | FL12: =IFERROR(IF(Z12="","",IFERROR(Z12*($Z$9/100),"")),"") -> 38.45 | FM12: =IF(FL12="","",FL12/$FL$9) -> 0.769 | FN12: =SUM(BJ12:FL12) -> 848.99323 | FO12: =FN12/$FN$9 -> #REF!
A13: 3 | B13: 24.05.52.0004 | C13: MAHARANI PUTRI RUSTIANTI | D13: ='MK1-TM'!D21 -> 93 | E13: ='MK1-TM'!E21 -> 98.5 | F13: =IFERROR((D13*($D$9/100))+(E13*($E$9/100)),"") -> 95.75 | G13: ='MK2-TO'!D21 -> 78 | H13: ='MK2-TO'!E21 -> 80.5 | I13: ='MK2-TO'!F21 -> 84.15 | J13: 81.05 | K13: ='MK2-TO'!H21 -> 83.95 | L13: =IFERROR((G13*($G$9/100))+(H13*($H$9/100))+(I13*($I$9/100))+(J13*($J$9/100)+(K13*($K$9/100))),"") -> 81.889 | M13: ='MK3-PSTI'!D21 -> 84 | N13: ='MK3-PSTI'!E21 -> 86 | O13: =IFERROR((M13*($M$9/100))+(N13*($N$9/100)),"") -> 85 | P13: =IF('MK4-L&A'!D21="","",'MK4-L&A'!D21) -> 88 | Q13: =IF('MK4-L&A'!E21="","",'MK4-L&A'!E21) -> 87 | R13: =IFERROR((P13*($P$9/100))+(Q13*($Q$9/100)),"") -> 87.5 | S13: =IF('MK5-BP'!D21="","",'MK5-BP'!D21) -> 75.6 | T13: =IF('MK5-BP'!E21="","",'MK5-BP'!E21) -> 68.1 | U13: =IFERROR((S13*($S$9/100))+(T13*($T$9/100)),"") -> 71.85 | V13: =IF('MK7-MBD'!D21="","",'MK7-MBD'!D21) -> 81.05 | W13: =IF('MK7-MBD'!E21="","",'MK7-MBD'!E21) -> 89.7 | X13: =IFERROR((V13*($S$9/100))+(W13*($T$9/100)),"") -> 85.375 | Y13: =IF(MK8_BID!D21="","",MK8_BID!D21) -> 76.9 | Z13: =IF(MK8_BID!E21="","",MK8_BID!E21) -> 76.9 | AA13: =IFERROR((Y13*($S$9/100))+(Z13*($T$9/100)),"") -> 76.9 | AB13: =IF('MK16-AGM'!D21="","",'MK16-AGM'!D21) -> 94.7 | AC13: =IF('MK16-AGM'!E21="","",'MK16-AGM'!E21) -> 95.9 | AD13: =IFERROR((AB13*($AB$9/100))+(AC13*($AC$9/100)),"") -> 95.3 | AF13: =IFERROR((D13*($D$9/100)+G13*($G$9/100)+M13*($M$9/100)+V13*($V$9/100)),"") -> 141.505 | AG13: =IFERROR(AF13/$AF$8*100,"") -> 65.816279 | AH13: =IFERROR((#REF!*(#REF!/100)),"") | AI13: =IFERROR(AH13/$AH$8*100,"") | AJ13: =IFERROR((P13*($P$9/100)+S13*($S$9/100)),"") -> 81.8 | AK13: =IFERROR(AJ13/$AJ$8*100,"") -> 81.8 | AL13: =IFERROR((#REF!*(#REF!/100)),"") | AM13: =IFERROR(AL13/$AL$8*100,"") | AV13: =IFERROR((Q13*($Q$9/100)+T13*($T$9/100)),"") -> 77.55 | AW13: =IFERROR(AV13/$AV$8*100,"") -> 77.55 | AX13: =IFERROR((Y13*($Y$9/100)+AB13*($AB$9/100)+#REF!*(#REF!/100)),"") | AY13: =IFERROR(AX13/$AX$8*100,"") | BB13: =IFERROR((#REF!*(#REF!/100)+#REF!*(#REF!/100)+#REF!*(#REF!/100)),"") | BC13: =IFERROR(BB13/$BB$8*100,"") | BD13: =IFERROR((E13*($E$9/100)+K13*($K$9/100)+N13*($N$9/100)+W13*($W$9/100)),"") -> 154.7295 | BE13: =IFERROR(BD13/$BD$8*100,"") -> 90.485088 | BF13: =IFERROR((Z13*($Z$9/100)+(AC13*($AC$9/100))+(#REF!*(#REF!/100))),"") | BG13: =IFERROR(BF13/$BF$8*100,"") | BJ13: =IF(V13="","",IFERROR(V13*($V$9/100),"")) -> 40.525 | BK13: =IF(BJ13="","",BJ13/$BJ$9) -> 0.8105 | BL13: =IF(Y13="","",IFERROR(Y13*($BL$9/100),"")) -> 38.45 | BM13: =IF(BL13="","",BL13/$BL$9) -> 0.769 | BN13: =IF(Z13="","",IFERROR(Z13*($BN$9/100),"")) -> 38.45 | BO13: =IF(BN13="","",BN13/$BN$9) -> 0.769 | BP13: =IF(D13="","",IFERROR(D13*($D$9/100),"")) -> 46.5 | BQ13: =IF(BP13="","",BP13/$BP$9) -> 0.93 | BT13: =IF(E13="","",IFERROR(E13*($E$9/100),"")) -> 49.25 | BU13: =IF(BT13="","",BT13/$BT$9) -> 0.985 | CA13: =IF(BZ13="","",BZ13/$BZ$9) | CE13: =IF(CD13="","",CD13/$CD$9) | CP13: =IF(P13="","",IFERROR(P13*($P$9/100),"")) -> 44 | CQ13: =IF(CP13="","",CP13/$CP$9) -> 0.88 | CR13: =IF(Q13="","",IFERROR(Q13*($Q$9/100),"")) -> 43.5 | CS13: =IF(CR13="","",CR13/$CR$9) -> 0.87 | DR13: =IF(M13="","",IFERROR(M13*($M$9/100),"")) -> 42 | DS13: =IF(DR13="","",DR13/$DR$9) -> 0.84 | DX13: =IF(N13="","",IFERROR(N13*($N$9/100),"")) -> 43 | DY13: =IF(DX13="","",DX13/$DX$9) -> 0.86 | EB13: =IF(G13="","",IFERROR(G13*($G$9/100),"")) -> 12.48 | EC13: =IF(EB13="","",EB13/$EB$9) -> 0.78 | ED13: =IF(H13="","",IFERROR(H13*($H$9/100),"")) -> 12.88 | EE13: =IF(ED13="","",ED13/$ED$9) -> 0.805 | EF13: =IF(I13="","",IFERROR(I13*($I$9/100),"")) -> 21.879 | EG13: =IF(EF13="","",EF13/$EF$9) -> 0.8415 | EH13: =IF(J13="","",IFERROR(J13*($J$9/100),"")) -> 17.0205 | EI13: =IF(EH13="","",EH13/$EH$9) -> 0.8105 | EL13: =IF(K13="","",IFERROR(K13*($K$9/100),"")) -> 17.6295 | EM13: =IF(EF13="","",EF13/$EF$9) -> 0.8415 | EO13: =IF(EN13="","",EN13/$EN$9) | ER13: =IF(S13="","",IFERROR(S13*($S$9/100),"")) -> 37.8 | ES13: =IF(ER13="","",ER13/$ER$9) -> 0.756 | ET13: =IF(T13="","",IFERROR(T13*($T$9/100),"")) -> 34.05 | EU13: =IF(ET13="","",ET13/$ET$9) -> 0.681 | EV13: =IFERROR(IF(#REF!="","",IFERROR(#REF!*(#REF!/100),"")),"") | EW13: =IF(EV13="","",EV13/$EV$9) | EX13: =IF(AB13="","",IFERROR(AB13*($AB$9/100),"")) -> 47.35 | EY13: =IF(EX13="","",EX13/$EX$9) -> 0.947 | EZ13: =IF(AC13="","",IFERROR(AC13*($AC$9/100),"")) -> 47.95 | FA13: =IF(EZ13="","",EZ13/$EZ$9) -> 0.959 | FD13: =IFERROR(IF(#REF!="","",IFERROR(#REF!*(#REF!/100),""))+IF(#REF!="","",IFERROR(#REF!*(#REF!/100),"")),"") | FE13: =IF(FD13="","",FD13/$FD$9) | FF13: =IFERROR(IF(E13="","",IFERROR(E13*($E$9/100),""))+IF(K13="","",IFERROR(K13*($K$9/100),""))+IF(N13="","",IFERROR(N13*($N$9/100),""))+IF(W13="","",IFERROR(W13*($W$9/100),"")),"") -> 154.7295 | FG13: =IF(FF13="","",FF13/$FF$9) -> 0.90485088 | FJ13: =IFERROR(IF(AC13="","",IFERROR(AC13*($AC$9/100),""))+IF(#REF!="","",IFERROR(#REF!*(#REF!/100),"")),"") | FK13: =IF(FJ13="","",FJ13/$FJ$9) | FL13: =IFERROR(IF(Z13="","",IFERROR(Z13*($Z$9/100),"")),"") -> 38.45 | FM13: =IF(FL13="","",FL13/$FL$9) -> 0.769 | FN13: =SUM(BJ13:FL13) -> 843.93335 | FO13: =FN13/$FN$9 -> #REF!
A14: 4 | B14: 24.05.52.0005 | C14: FLORA SUCI FERONIKA | D14: ='MK1-TM'!D22 -> 77.5 | E14: ='MK1-TM'!E22 -> 82 | F14: =IFERROR((D14*($D$9/100))+(E14*($E$9/100)),"") -> 79.75 | G14: ='MK2-TO'!D22 -> 78 | H14: ='MK2-TO'!E22 -> 80.5 | I14: ='MK2-TO'!F22 -> 84.15 | J14: 80.86 | K14: ='MK2-TO'!H22 -> 83.95 | L14: =IFERROR((G14*($G$9/100))+(H14*($H$9/100))+(I14*($I$9/100))+(J14*($J$9/100)+(K14*($K$9/100))),"") -> 81.8491 | M14: ='MK3-PSTI'!D22 -> 78.4 | N14: ='MK3-PSTI'!E22 -> 81.9 | O14: =IFERROR((M14*($M$9/100))+(N14*($N$9/100)),"") -> 80.15 | P14: =IF('MK4-L&A'!D22="","",'MK4-L&A'!D22) -> 81 | Q14: =IF('MK4-L&A'!E22="","",'MK4-L&A'!E22) -> 87 | R14: =IFERROR((P14*($P$9/100))+(Q14*($Q$9/100)),"") -> 84 | S14: =IF('MK5-BP'!D22="","",'MK5-BP'!D22) -> 75.6 | T14: =IF('MK5-BP'!E22="","",'MK5-BP'!E22) -> 68.1 | U14: =IFERROR((S14*($S$9/100))+(T14*($T$9/100)),"") -> 71.85 | V14: =IF('MK7-MBD'!D22="","",'MK7-MBD'!D22) -> 82.35 | W14: =IF('MK7-MBD'!E22="","",'MK7-MBD'!E22) -> 91 | X14: =IFERROR((V14*($S$9/100))+(W14*($T$9/100)),"") -> 86.675 | Y14: =IF(MK8_BID!D22="","",MK8_BID!D22) -> 81.4 | Z14: =IF(MK8_BID!E22="","",MK8_BID!E22) -> 81.4 | AA14: =IFERROR((Y14*($S$9/100))+(Z14*($T$9/100)),"") -> 81.4 | AB14: =IF('MK16-AGM'!D22="","",'MK16-AGM'!D22) -> 70.5 | AC14: =IF('MK16-AGM'!E22="","",'MK16-AGM'!E22) -> 89 | AD14: =IFERROR((AB14*($AB$9/100))+(AC14*($AC$9/100)),"") -> 79.75 | AF14: =IFERROR((D14*($D$9/100)+G14*($G$9/100)+M14*($M$9/100)+V14*($V$9/100)),"") -> 131.605 | AG14: =IFERROR(AF14/$AF$8*100,"") -> 61.211628 | AH14: =IFERROR((#REF!*(#REF!/100)),"") | AI14: =IFERROR(AH14/$AH$8*100,"") | AJ14: =IFERROR((P14*($P$9/100)+S14*($S$9/100)),"") -> 78.3 | AK14: =IFERROR(AJ14/$AJ$8*100,"") -> 78.3 | AL14: =IFERROR((#REF!*(#REF!/100)),"") | AM14: =IFERROR(AL14/$AL$8*100,"") | AV14: =IFERROR((Q14*($Q$9/100)+T14*($T$9/100)),"") -> 77.55 | AW14: =IFERROR(AV14/$AV$8*100,"") -> 77.55 | AX14: =IFERROR((Y14*($Y$9/100)+AB14*($AB$9/100)+#REF!*(#REF!/100)),"") | AY14: =IFERROR(AX14/$AX$8*100,"") | BB14: =IFERROR((#REF!*(#REF!/100)+#REF!*(#REF!/100)+#REF!*(#REF!/100)),"") | BC14: =IFERROR(BB14/$BB$8*100,"") | BD14: =IFERROR((E14*($E$9/100)+K14*($K$9/100)+N14*($N$9/100)+W14*($W$9/100)),"") -> 145.0795 | BE14: =IFERROR(BD14/$BD$8*100,"") -> 84.841813 | BF14: =IFERROR((Z14*($Z$9/100)+AC14*($AC$9/100)+#REF!*(#REF!/100)),"") | BG14: =IFERROR(BF14/$BF$8*100,"") | BJ14: =IF(V14="","",IFERROR(V14*($V$9/100),"")) -> 41.175 | BK14: =IF(BJ14="","",BJ14/$BJ$9) -> 0.8235 | BL14: =IF(Y14="","",IFERROR(Y14*($BL$9/100),"")) -> 40.7 | BM14: =IF(BL14="","",BL14/$BL$9) -> 0.814 | BN14: =IF(Z14="","",IFERROR(Z14*($BN$9/100),"")) -> 40.7 | BO14: =IF(BN14="","",BN14/$BN$9) -> 0.814 | BP14: =IF(D14="","",IFERROR(D14*($D$9/100),"")) -> 38.75 | BQ14: =IF(BP14="","",BP14/$BP$9) -> 0.775 | BT14: =IF(E14="","",IFERROR(E14*($E$9/100),"")) -> 41 | BU14: =IF(BT14="","",BT14/$BT$9) -> 0.82 | CA14: =IF(BZ14="","",BZ14/$BZ$9) | CE14: =IF(CD14="","",CD14/$CD$9) | CP14: =IF(P14="","",IFERROR(P14*($P$9/100),"")) -> 40.5 | CQ14: =IF(CP14="","",CP14/$CP$9) -> 0.81 | CR14: =IF(Q14="","",IFERROR(Q14*($Q$9/100),"")) -> 43.5 | CS14: =IF(CR14="","",CR14/$CR$9) -> 0.87 | DR14: =IF(M14="","",IFERROR(M14*($M$9/100),"")) -> 39.2 | DS14: =IF(DR14="","",DR14/$DR$9) -> 0.784 | DX14: =IF(N14="","",IFERROR(N14*($N$9/100),"")) -> 40.95 | DY14: =IF(DX14="","",DX14/$DX$9) -> 0.819 | EB14: =IF(G14="","",IFERROR(G14*($G$9/100),"")) -> 12.48 | EC14: =IF(EB14="","",EB14/$EB$9) -> 0.78 | ED14: =IF(H14="","",IFERROR(H14*($H$9/100),"")) -> 12.88 | EE14: =IF(ED14="","",ED14/$ED$9) -> 0.805 | EF14: =IF(I14="","",IFERROR(I14*($I$9/100),"")) -> 21.879 | EG14: =IF(EF14="","",EF14/$EF$9) -> 0.8415 | EH14: =IF(J14="","",IFERROR(J14*($J$9/100),"")) -> 16.9806 | EI14: =IF(EH14="","",EH14/$EH$9) -> 0.8086 | EL14: =IF(K14="","",IFERROR(K14*($K$9/100),"")) -> 17.6295 | EM14: =IF(EF14="","",EF14/$EF$9) -> 0.8415 | EO14: =IF(EN14="","",EN14/$EN$9) | ER14: =IF(S14="","",IFERROR(S14*($S$9/100),"")) -> 37.8 | ES14: =IF(ER14="","",ER14/$ER$9) -> 0.756 | ET14: =IF(T14="","",IFERROR(T14*($T$9/100),"")) -> 34.05 | EU14: =IF(ET14="","",ET14/$ET$9) -> 0.681 | EV14: =IFERROR(IF(#REF!="","",IFERROR(#REF!*(#REF!/100),"")),"") | EW14: =IF(EV14="","",EV14/$EV$9) | EX14: =IF(AB14="","",IFERROR(AB14*($AB$9/100),"")) -> 35.25 | EY14: =IF(EX14="","",EX14/$EX$9) -> 0.705 | EZ14: =IF(AC14="","",IFERROR(AC14*($AC$9/100),"")) -> 44.5 | FA14: =IF(EZ14="","",EZ14/$EZ$9) -> 0.89 | FD14: =IFERROR(IF(#REF!="","",IFERROR(#REF!*(#REF!/100),""))+IF(#REF!="","",IFERROR(#REF!*(#REF!/100),"")),"") | FE14: =IF(FD14="","",FD14/$FD$9) | FF14: =IFERROR(IF(E14="","",IFERROR(E14*($E$9/100),""))+IF(K14="","",IFERROR(K14*($K$9/100),""))+IF(N14="","",IFERROR(N14*($N$9/100),""))+IF(W14="","",IFERROR(W14*($W$9/100),"")),"") -> 145.0795 | FG14: =IF(FF14="","",FF14/$FF$9) -> 0.84841813 | FJ14: =IFERROR(IF(AC14="","",IFERROR(AC14*($AC$9/100),""))+IF(#REF!="","",IFERROR(#REF!*(#REF!/100),"")),"") | FK14: =IF(FJ14="","",FJ14/$FJ$9) | FL14: =IFERROR(IF(Z14="","",IFERROR(Z14*($Z$9/100),"")),"") -> 40.7 | FM14: =IF(FL14="","",FL14/$FL$9) -> 0.814 | FN14: =SUM(BJ14:FL14) -> 800.99012 | FO14: =FN14/$FN$9 -> #REF!
A15: 5 | B15: 24.05.52.0006 | C15: AATHIRA AUFA AZ-ZAHRA | D15: ='MK1-TM'!D23 -> 77.5 | E15: ='MK1-TM'!E23 -> 82.5 | F15: =IFERROR((D15*($D$9/100))+(E15*($E$9/100)),"") -> 80 | G15: ='MK2-TO'!D23 -> 78.63 | H15: ='MK2-TO'!E23 -> 81.13 | I15: ='MK2-TO'!F23 -> 80.31 | J15: 81.57 | K15: ='MK2-TO'!H23 -> 80.38 | L15: =IFERROR((G15*($G$9/100))+(H15*($H$9/100))+(I15*($I$9/100))+(J15*($J$9/100)+(K15*($K$9/100))),"") -> 80.4517 | M15: ='MK3-PSTI'!D23 -> 77 | N15: ='MK3-PSTI'!E23 -> 82.5 | O15: =IFERROR((M15*($M$9/100))+(N15*($N$9/100)),"") -> 79.75 | P15: =IF('MK4-L&A'!D23="","",'MK4-L&A'!D23) -> 81 | Q15: =IF('MK4-L&A'!E23="","",'MK4-L&A'!E23) -> 87 | R15: =IFERROR((P15*($P$9/100))+(Q15*($Q$9/100)),"") -> 84 | S15: =IF('MK5-BP'!D23="","",'MK5-BP'!D23) -> 78.4 | T15: =IF('MK5-BP'!E23="","",'MK5-BP'!E23) -> 70.9 | U15: =IFERROR((S15*($S$9/100))+(T15*($T$9/100)),"") -> 74.65 | V15: =IF('MK7-MBD'!D23="","",'MK7-MBD'!D23) -> 85.5 | W15: =IF('MK7-MBD'!E23="","",'MK7-MBD'!E23) -> 94.5 | X15: =IFERROR((V15*($S$9/100))+(W15*($T$9/100)),"") -> 90 | Y15: =IF(MK8_BID!D23="","",MK8_BID!D23) -> 76.9 | Z15: =IF(MK8_BID!E23="","",MK8_BID!E23) -> 76.9 | AA15: =IFERROR((Y15*($S$9/100))+(Z15*($T$9/100)),"") -> 76.9 | AB15: =IF('MK16-AGM'!D23="","",'MK16-AGM'!D23) -> 70.5 | AC15: =IF('MK16-AGM'!E23="","",'MK16-AGM'!E23) -> 89 | AD15: =IFERROR((AB15*($AB$9/100))+(AC15*($AC$9/100)),"") -> 79.75 | AF15: =IFERROR((D15*($D$9/100)+G15*($G$9/100)+M15*($M$9/100)+V15*($V$9/100)),"") -> 132.5808 | AG15: =IFERROR(AF15/$AF$8*100,"") -> 61.665488 | AH15: =IFERROR((#REF!*(#REF!/100)),"") | AI15: =IFERROR(AH15/$AH$8*100,"") | AJ15: =IFERROR((P15*($P$9/100)+S15*($S$9/100)),"") -> 79.7 | AK15: =IFERROR(AJ15/$AJ$8*100,"") -> 79.7 | AL15: =IFERROR((#REF!*(#REF!/100)),"") | AM15: =IFERROR(AL15/$AL$8*100,"") | AV15: =IFERROR((Q15*($Q$9/100)+T15*($T$9/100)),"") -> 78.95 | AW15: =IFERROR(AV15/$AV$8*100,"") -> 78.95 | AX15: =IFERROR((Y15*($Y$9/100)+AB15*($AB$9/100)+#REF!*(#REF!/100)),"") | AY15: =IFERROR(AX15/$AX$8*100,"") | BB15: =IFERROR((#REF!*(#REF!/100)+#REF!*(#REF!/100)+#REF!*(#REF!/100)),"") | BC15: =IFERROR(BB15/$BB$8*100,"") | BD15: =IFERROR((E15*($E$9/100)+K15*($K$9/100)+N15*($N$9/100)+W15*($W$9/100)),"") -> 146.6298 | BE15: =IFERROR(BD15/$BD$8*100,"") -> 85.748421 | BF15: =IFERROR((Z15*($Z$9/100)+AC15*($AC$9/100)+#REF!*(#REF!/100)),"") | BG15: =IFERROR(BF15/$BF$8*100,"") | BJ15: =IF(V15="","",IFERROR(V15*($V$9/100),"")) -> 42.75 | BK15: =IF(BJ15="","",BJ15/$BJ$9) -> 0.855 | BL15: =IF(Y15="","",IFERROR(Y15*($BL$9/100),"")) -> 38.45 | BM15: =IF(BL15="","",BL15/$BL$9) -> 0.769 | BN15: =IF(Z15="","",IFERROR(Z15*($BN$9/100),"")) -> 38.45 | BO15: =IF(BN15="","",BN15/$BN$9) -> 0.769 | BP15: =IF(D15="","",IFERROR(D15*($D$9/100),"")) -> 38.75 | BQ15: =IF(BP15="","",BP15/$BP$9) -> 0.775 | BT15: =IF(E15="","",IFERROR(E15*($E$9/100),"")) -> 41.25 | BU15: =IF(BT15="","",BT15/$BT$9) -> 0.825 | CA15: =IF(BZ15="","",BZ15/$BZ$9) | CE15: =IF(CD15="","",CD15/$CD$9) | CP15: =IF(P15="","",IFERROR(P15*($P$9/100),"")) -> 40.5 | CQ15: =IF(CP15="","",CP15/$CP$9) -> 0.81 | CR15: =IF(Q15="","",IFERROR(Q15*($Q$9/100),"")) -> 43.5 | CS15: =IF(CR15="","",CR15/$CR$9) -> 0.87 | DR15: =IF(M15="","",IFERROR(M15*($M$9/100),"")) -> 38.5 | DS15: =IF(DR15="","",DR15/$DR$9) -> 0.77 | DX15: =IF(N15="","",IFERROR(N15*($N$9/100),"")) -> 41.25 | DY15: =IF(DX15="","",DX15/$DX$9) -> 0.825 | EB15: =IF(G15="","",IFERROR(G15*($G$9/100),"")) -> 12.5808 | EC15: =IF(EB15="","",EB15/$EB$9) -> 0.7863 | ED15: =IF(H15="","",IFERROR(H15*($H$9/100),"")) -> 12.9808 | EE15: =IF(ED15="","",ED15/$ED$9) -> 0.8113 | EF15: =IF(I15="","",IFERROR(I15*($I$9/100),"")) -> 20.8806 | EG15: =IF(EF15="","",EF15/$EF$9) -> 0.8031 | EH15: =IF(J15="","",IFERROR(J15*($J$9/100),"")) -> 17.1297 | EI15: =IF(EH15="","",EH15/$EH$9) -> 0.8157 | EL15: =IF(K15="","",IFERROR(K15*($K$9/100),"")) -> 16.8798 | EM15: =IF(EF15="","",EF15/$EF$9) -> 0.8031 | EO15: =IF(EN15="","",EN15/$EN$9) | ER15: =IF(S15="","",IFERROR(S15*($S$9/100),"")) -> 39.2 | ES15: =IF(ER15="","",ER15/$ER$9) -> 0.784 | ET15: =IF(T15="","",IFERROR(T15*($T$9/100),"")) -> 35.45 | EU15: =IF(ET15="","",ET15/$ET$9) -> 0.709 | EV15: =IFERROR(IF(#REF!="","",IFERROR(#REF!*(#REF!/100),"")),"") | EW15: =IF(EV15="","",EV15/$EV$9) | EX15: =IF(AB15="","",IFERROR(AB15*($AB$9/100),"")) -> 35.25 | EY15: =IF(EX15="","",EX15/$EX$9) -> 0.705 | EZ15: =IF(AC15="","",IFERROR(AC15*($AC$9/100),"")) -> 44.5 | FA15: =IF(EZ15="","",EZ15/$EZ$9) -> 0.89 | FD15: =IFERROR(IF(#REF!="","",IFERROR(#REF!*(#REF!/100),""))+IF(#REF!="","",IFERROR(#REF!*(#REF!/100),"")),"") | FE15: =IF(FD15="","",FD15/$FD$9) | FF15: =IFERROR(IF(E15="","",IFERROR(E15*($E$9/100),""))+IF(K15="","",IFERROR(K15*($K$9/100),""))+IF(N15="","",IFERROR(N15*($N$9/100),""))+IF(W15="","",IFERROR(W15*($W$9/100),"")),"") -> 146.6298 | FG15: =IF(FF15="","",FF15/$FF$9) -> 0.85748421 | FJ15: =IFERROR(IF(AC15="","",IFERROR(AC15*($AC$9/100),""))+IF(#REF!="","",IFERROR(#REF!*(#REF!/100),"")),"") | FK15: =IF(FJ15="","",FJ15/$FJ$9) | FL15: =IFERROR(IF(Z15="","",IFERROR(Z15*($Z$9/100),"")),"") -> 38.45 | FM15: =IF(FL15="","",FL15/$FL$9) -> 0.769 | FN15: =SUM(BJ15:FL15) -> 798.56448 | FO15: =FN15/$FN$9 -> #REF!
A16: 6 | B16: 24.05.52.0007 | C16: SHEILA MONA PUTRI IKSANTI | D16: ='MK1-TM'!D24 -> 76.3 | E16: ='MK1-TM'!E24 -> 80.8 | F16: =IFERROR((D16*($D$9/100))+(E16*($E$9/100)),"") -> 78.55 | G16: ='MK2-TO'!D24 -> 76.75 | H16: ='MK2-TO'!E24 -> 78 | I16: ='MK2-TO'!F24 -> 83.38 | J16: 78 | K16: ='MK2-TO'!H24 -> 83 | L16: =IFERROR((G16*($G$9/100))+(H16*($H$9/100))+(I16*($I$9/100))+(J16*($J$9/100)+(K16*($K$9/100))),"") -> 80.2488 | M16: ='MK3-PSTI'!D24 -> 76.4 | N16: ='MK3-PSTI'!E24 -> 81.9 | O16: =IFERROR((M16*($M$9/100))+(N16*($N$9/100)),"") -> 79.15 | P16: =IF('MK4-L&A'!D24="","",'MK4-L&A'!D24) -> 85.9 | Q16: =IF('MK4-L&A'!E24="","",'MK4-L&A'!E24) -> 87 | R16: =IFERROR((P16*($P$9/100))+(Q16*($Q$9/100)),"") -> 86.45 | S16: =IF('MK5-BP'!D24="","",'MK5-BP'!D24) -> 75.6 | T16: =IF('MK5-BP'!E24="","",'MK5-BP'!E24) -> 68.1 | U16: =IFERROR((S16*($S$9/100))+(T16*($T$9/100)),"") -> 71.85 | V16: =IF('MK7-MBD'!D24="","",'MK7-MBD'!D24) -> 87.05 | W16: =IF('MK7-MBD'!E24="","",'MK7-MBD'!E24) -> 95.5 | X16: =IFERROR((V16*($S$9/100))+(W16*($T$9/100)),"") -> 91.275 | Y16: =IF(MK8_BID!D24="","",MK8_BID!D24) -> 85.9 | Z16: =IF(MK8_BID!E24="","",MK8_BID!E24) -> 85.9 | AA16: =IFERROR((Y16*($S$9/100))+(Z16*($T$9/100)),"") -> 85.9 | AB16: =IF('MK16-AGM'!D24="","",'MK16-AGM'!D24) -> 90.4 | AC16: =IF('MK16-AGM'!E24="","",'MK16-AGM'!E24) -> 97.5 | AD16: =IFERROR((AB16*($AB$9/100))+(AC16*($AC$9/100)),"") -> 93.95 | AF16: =IFERROR((D16*($D$9/100)+G16*($G$9/100)+M16*($M$9/100)+V16*($V$9/100)),"") -> 132.155 | AG16: =IFERROR(AF16/$AF$8*100,"") -> 61.467442 | AH16: =IFERROR((#REF!*(#REF!/100)),"") | AI16: =IFERROR(AH16/$AH$8*100,"") | AJ16: =IFERROR((P16*($P$9/100)+S16*($S$9/100)),"") -> 80.75 | AK16: =IFERROR(AJ16/$AJ$8*100,"") -> 80.75 | AL16: =IFERROR((#REF!*(#REF!/100)),"") | AM16: =IFERROR(AL16/$AL$8*100,"") | AV16: =IFERROR((Q16*($Q$9/100)+T16*($T$9/100)),"") -> 77.55 | AW16: =IFERROR(AV16/$AV$8*100,"") -> 77.55 | AX16: =IFERROR((Y16*($Y$9/100)+AB16*($AB$9/100)+#REF!*(#REF!/100)),"") | AY16: =IFERROR(AX16/$AX$8*100,"") | BB16: =IFERROR((#REF!*(#REF!/100)+#REF!*(#REF!/100)+#REF!*(#REF!/100)),"") | BC16: =IFERROR(BB16/$BB$8*100,"") | BD16: =IFERROR((E16*($E$9/100)+K16*($K$9/100)+N16*($N$9/100)+W16*($W$9/100)),"") -> 146.53 | BE16: =IFERROR(BD16/$BD$8*100,"") -> 85.690058 | BF16: =IFERROR((Z16*($Z$9/100)+AC16*($AC$9/100)+#REF!*(#REF!/100)),"") | BG16: =IFERROR(BF16/$BF$8*100,"") | BJ16: =IF(V16="","",IFERROR(V16*($V$9/100),"")) -> 43.525 | BK16: =IF(BJ16="","",BJ16/$BJ$9) -> 0.8705 | BL16: =IF(Y16="","",IFERROR(Y16*($BL$9/100),"")) -> 42.95 | BM16: =IF(BL16="","",BL16/$BL$9) -> 0.859 | BN16: =IF(Z16="","",IFERROR(Z16*($BN$9/100),"")) -> 42.95 | BO16: =IF(BN16="","",BN16/$BN$9) -> 0.859 | BP16: =IF(D16="","",IFERROR(D16*($D$9/100),"")) -> 38.15 | BQ16: =IF(BP16="","",BP16/$BP$9) -> 0.763 | BT16: =IF(E16="","",IFERROR(E16*($E$9/100),"")) -> 40.4 | BU16: =IF(BT16="","",BT16/$BT$9) -> 0.808 | CA16: =IF(BZ16="","",BZ16/$BZ$9) | CE16: =IF(CD16="","",CD16/$CD$9) | CP16: =IF(P16="","",IFERROR(P16*($P$9/100),"")) -> 42.95 | CQ16: =IF(CP16="","",CP16/$CP$9) -> 0.859 | CR16: =IF(Q16="","",IFERROR(Q16*($Q$9/100),"")) -> 43.5 | CS16: =IF(CR16="","",CR16/$CR$9) -> 0.87 | DR16: =IF(M16="","",IFERROR(M16*($M$9/100),"")) -> 38.2 | DS16: =IF(DR16="","",DR16/$DR$9) -> 0.764 | DX16: =IF(N16="","",IFERROR(N16*($N$9/100),"")) -> 40.95 | DY16: =IF(DX16="","",DX16/$DX$9) -> 0.819 | EB16: =IF(G16="","",IFERROR(G16*($G$9/100),"")) -> 12.28 | EC16: =IF(EB16="","",EB16/$EB$9) -> 0.7675 | ED16: =IF(H16="","",IFERROR(H16*($H$9/100),"")) -> 12.48 | EE16: =IF(ED16="","",ED16/$ED$9) -> 0.78 | EF16: =IF(I16="","",IFERROR(I16*($I$9/100),"")) -> 21.6788 | EG16: =IF(EF16="","",EF16/$EF$9) -> 0.8338 | EH16: =IF(J16="","",IFERROR(J16*($J$9/100),"")) -> 16.38 | EI16: =IF(EH16="","",EH16/$EH$9) -> 0.78 | EL16: =IF(K16="","",IFERROR(K16*($K$9/100),"")) -> 17.43 | EM16: =IF(EF16="","",EF16/$EF$9) -> 0.8338 | EO16: =IF(EN16="","",EN16/$EN$9) | ER16: =IF(S16="","",IFERROR(S16*($S$9/100),"")) -> 37.8 | ES16: =IF(ER16="","",ER16/$ER$9) -> 0.756 | ET16: =IF(T16="","",IFERROR(T16*($T$9/100),"")) -> 34.05 | EU16: =IF(ET16="","",ET16/$ET$9) -> 0.681 | EV16: =IFERROR(IF(#REF!="","",IFERROR(#REF!*(#REF!/100),"")),"") | EW16: =IF(EV16="","",EV16/$EV$9) | EX16: =IF(AB16="","",IFERROR(AB16*($AB$9/100),"")) -> 45.2 | EY16: =IF(EX16="","",EX16/$EX$9) -> 0.904 | EZ16: =IF(AC16="","",IFERROR(AC16*($AC$9/100),"")) -> 48.75 | FA16: =IF(EZ16="","",EZ16/$EZ$9) -> 0.975 | FD16: =IFERROR(IF(#REF!="","",IFERROR(#REF!*(#REF!/100),""))+IF(#REF!="","",IFERROR(#REF!*(#REF!/100),"")),"") | FE16: =IF(FD16="","",FD16/$FD$9) | FF16: =IFERROR(IF(E16="","",IFERROR(E16*($E$9/100),""))+IF(K16="","",IFERROR(K16*($K$9/100),""))+IF(N16="","",IFERROR(N16*($N$9/100),""))+IF(W16="","",IFERROR(W16*($W$9/100),"")),"") -> 146.53 | FG16: =IF(FF16="","",FF16/$FF$9) -> 0.85690058 | FJ16: =IFERROR(IF(AC16="","",IFERROR(AC16*($AC$9/100),""))+IF(#REF!="","",IFERROR(#REF!*(#REF!/100),"")),"") | FK16: =IF(FJ16="","",FJ16/$FJ$9) | FL16: =IFERROR(IF(Z16="","",IFERROR(Z16*($Z$9/100),"")),"") -> 42.95 | FM16: =IF(FL16="","",FL16/$FL$9) -> 0.859 | FN16: =SUM(BJ16:FL16) -> 824.7433 | FO16: =FN16/$FN$9 -> #REF!
A17: 7 | B17: 24.05.52.0008 | C17: RAIHAN RIFA MAHARADITYA | D17: ='MK1-TM'!D25 -> 93 | E17: ='MK1-TM'!E25 -> 99 | F17: =IFERROR((D17*($D$9/100))+(E17*($E$9/100)),"") -> 96 | G17: ='MK2-TO'!D25 -> 76.13 | H17: ='MK2-TO'!E25 -> 77.38 | I17: ='MK2-TO'!F25 -> 84.15 | J17: 77.29 | K17: ='MK2-TO'!H25 -> 83.71 | L17: =IFERROR((G17*($G$9/100))+(H17*($H$9/100))+(I17*($I$9/100))+(J17*($J$9/100)+(K17*($K$9/100))),"") -> 80.2506 | M17: ='MK3-PSTI'!D25 -> 86 | N17: ='MK3-PSTI'!E25 -> 89.5 | O17: =IFERROR((M17*($M$9/100))+(N17*($N$9/100)),"") -> 87.75 | P17: =IF('MK4-L&A'!D25="","",'MK4-L&A'!D25) -> 84.5 | Q17: =IF('MK4-L&A'!E25="","",'MK4-L&A'!E25) -> 90.5 | R17: =IFERROR((P17*($P$9/100))+(Q17*($Q$9/100)),"") -> 87.5 | S17: =IF('MK5-BP'!D25="","",'MK5-BP'!D25) -> 78.4 | T17: =IF('MK5-BP'!E25="","",'MK5-BP'!E25) -> 70.9 | U17: =IFERROR((S17*($S$9/100))+(T17*($T$9/100)),"") -> 74.65 | V17: =IF('MK7-MBD'!D25="","",'MK7-MBD'!D25) -> 84.4 | W17: =IF('MK7-MBD'!E25="","",'MK7-MBD'!E25) -> 94.4 | X17: =IFERROR((V17*($S$9/100))+(W17*($T$9/100)),"") -> 89.4 | Y17: =IF(MK8_BID!D25="","",MK8_BID!D25) -> 90.15 | Z17: =IF(MK8_BID!E25="","",MK8_BID!E25) -> 90.15 | AA17: =IFERROR((Y17*($S$9/100))+(Z17*($T$9/100)),"") -> 90.15 | AB17: =IF('MK16-AGM'!D25="","",'MK16-AGM'!D25) -> 80.5 | AC17: =IF('MK16-AGM'!E25="","",'MK16-AGM'!E25) -> 82.6 | AD17: =IFERROR((AB17*($AB$9/100))+(AC17*($AC$9/100)),"") -> 81.55 | AF17: =IFERROR((D17*($D$9/100)+G17*($G$9/100)+M17*($M$9/100)+V17*($V$9/100)),"") -> 143.8808 | AG17: =IFERROR(AF17/$AF$8*100,"") -> 66.921302 | AJ17: =IFERROR((P17*($P$9/100)+S17*($S$9/100)),"") -> 81.45 | AK17: =IFERROR(AJ17/$AJ$8*100,"") -> 81.45 | AL17: =IFERROR((#REF!*(#REF!/100)),"") | AM17: =IFERROR(AL17/$AL$8*100,"") | AV17: =IFERROR((Q17*($Q$9/100)+T17*($T$9/100)),"") -> 80.7 | AW17: =IFERROR(AV17/$AV$8*100,"") -> 80.7 | AX17: =IFERROR((Y17*($Y$9/100)+AB17*($AB$9/100)+#REF!*(#REF!/100)),"") | AY17: =IFERROR(AX17/$AX$8*100,"") | BB17: =IFERROR((#REF!*(#REF!/100)+#REF!*(#REF!/100)+#REF!*(#REF!/100)),"") | BC17: =IFERROR(BB17/$BB$8*100,"") | BD17: =IFERROR((E17*($E$9/100)+K17*($K$9/100)+N17*($N$9/100)+W17*($W$9/100)),"") -> 159.0291 | BE17: =IFERROR(BD17/$BD$8*100,"") -> 92.999474 | BF17: =IFERROR((Z17*($Z$9/100)+AC17*($AC$9/100)+#REF!*(#REF!/100)),"") | BG17: =IFERROR(BF17/$BF$8*100,"") | BJ17: =IF(V17="","",IFERROR(V17*($V$9/100),"")) -> 42.2 | BK17: =IF(BJ17="","",BJ17/$BJ$9) -> 0.844 | BL17: =IF(Y17="","",IFERROR(Y17*($BL$9/100),"")) -> 45.075 | BM17: =IF(BL17="","",BL17/$BL$9) -> 0.9015 | BN17: =IF(Z17="","",IFERROR(Z17*($BN$9/100),"")) -> 45.075 | BO17: =IF(BN17="","",BN17/$BN$9) -> 0.9015 | BP17: =IF(D17="","",IFERROR(D17*($D$9/100),"")) -> 46.5 | BQ17: =IF(BP17="","",BP17/$BP$9) -> 0.93 | BT17: =IF(E17="","",IFERROR(E17*($E$9/100),"")) -> 49.5 | BU17: =IF(BT17="","",BT17/$BT$9) -> 0.99 | CA17: =IF(BZ17="","",BZ17/$BZ$9) | CE17: =IF(CD17="","",CD17/$CD$9) | CP17: =IF(P17="","",IFERROR(P17*($P$9/100),"")) -> 42.25 | CQ17: =IF(CP17="","",CP17/$CP$9) -> 0.845 | CR17: =IF(Q17="","",IFERROR(Q17*($Q$9/100),"")) -> 45.25 | CS17: =IF(CR17="","",CR17/$CR$9) -> 0.905 | DR17: =IF(M17="","",IFERROR(M17*($M$9/100),"")) -> 43 | DS17: =IF(DR17="","",DR17/$DR$9) -> 0.86 | DX17: =IF(N17="","",IFERROR(N17*($N$9/100),"")) -> 44.75 | DY17: =IF(DX17="","",DX17/$DX$9) -> 0.895 | EB17: =IF(G17="","",IFERROR(G17*($G$9/100),"")) -> 12.1808 | EC17: =IF(EB17="","",EB17/$EB$9) -> 0.7613 | ED17: =IF(H17="","",IFERROR(H17*($H$9/100),"")) -> 12.3808 | EE17: =IF(ED17="","",ED17/$ED$9) -> 0.7738 | EF17: =IF(I17="","",IFERROR(I17*($I$9/100),"")) -> 21.879 | EG17: =IF(EF17="","",EF17/$EF$9) -> 0.8415 | EH17: =IF(J17="","",IFERROR(J17*($J$9/100),"")) -> 16.2309 | EI17: =IF(EH17="","",EH17/$EH$9) -> 0.7729 | EL17: =IF(K17="","",IFERROR(K17*($K$9/100),"")) -> 17.5791 | EM17: =IF(EF17="","",EF17/$EF$9) -> 0.8415 | EO17: =IF(EN17="","",EN17/$EN$9) | ER17: =IF(S17="","",IFERROR(S17*($S$9/100),"")) -> 39.2 | ES17: =IF(ER17="","",ER17/$ER$9) -> 0.784 | ET17: =IF(T17="","",IFERROR(T17*($T$9/100),"")) -> 35.45 | EU17: =IF(ET17="","",ET17/$ET$9) -> 0.709 | EW17: =IF(EV17="","",EV17/$EV$9) | EX17: =IF(AB17="","",IFERROR(AB17*($AB$9/100),"")) -> 40.25 | EY17: =IF(EX17="","",EX17/$EX$9) -> 0.805 | EZ17: =IF(AC17="","",IFERROR(AC17*($AC$9/100),"")) -> 41.3 | FA17: =IF(EZ17="","",EZ17/$EZ$9) -> 0.826 | FE17: =IF(FD17="","",FD17/$FD$9) | FF17: =IFERROR(IF(E17="","",IFERROR(E17*($E$9/100),""))+IF(K17="","",IFERROR(K17*($K$9/100),""))+IF(N17="","",IFERROR(N17*($N$9/100),""))+IF(W17="","",IFERROR(W17*($W$9/100),"")),"") -> 159.0291 | FG17: =IF(FF17="","",FF17/$FF$9) -> 0.92999474 | FJ17: =IFERROR(IF(AC17="","",IFERROR(AC17*($AC$9/100),""))+IF(#REF!="","",IFERROR(#REF!*(#REF!/100),"")),"") | FK17: =IF(FJ17="","",FJ17/$FJ$9) | FL17: =IFERROR(IF(Z17="","",IFERROR(Z17*($Z$9/100),"")),"") -> 45.075 | FM17: =IF(FL17="","",FL17/$FL$9) -> 0.9015 | FN17: =SUM(BJ17:FL17) -> 860.27169 | FO17: =FN17/$FN$9 -> #REF!
A18: 8 | B18: 24.05.52.0009 | C18: MARLINA DWI SAPUTRI | D18: ='MK1-TM'!D26 -> 77.5 | E18: ='MK1-TM'!E26 -> 82 | F18: =IFERROR((D18*($D$9/100))+(E18*($E$9/100)),"") -> 79.75 | G18: ='MK2-TO'!D26 -> 76.75 | H18: ='MK2-TO'!E26 -> 80.5 | I18: ='MK2-TO'!F26 -> 84.15 | J18: 79.43 | K18: ='MK2-TO'!H26 -> 83.95 | L18: =IFERROR((G18*($G$9/100))+(H18*($H$9/100))+(I18*($I$9/100))+(J18*($J$9/100)+(K18*($K$9/100))),"") -> 81.3488 | M18: ='MK3-PSTI'!D26 -> 79 | N18: ='MK3-PSTI'!E26 -> 82.5 | O18: =IFERROR((M18*($M$9/100))+(N18*($N$9/100)),"") -> 80.75 | P18: =IF('MK4-L&A'!D26="","",'MK4-L&A'!D26) -> 88 | Q18: =IF('MK4-L&A'!E26="","",'MK4-L&A'!E26) -> 87 | R18: =IFERROR((P18*($P$9/100))+(Q18*($Q$9/100)),"") -> 87.5 | S18: =IF('MK5-BP'!D26="","",'MK5-BP'!D26) -> 75.6 | T18: =IF('MK5-BP'!E26="","",'MK5-BP'!E26) -> 68.1 | U18: =IFERROR((S18*($S$9/100))+(T18*($T$9/100)),"") -> 71.85 | V18: =IF('MK7-MBD'!D26="","",'MK7-MBD'!D26) -> 81.9 | W18: =IF('MK7-MBD'!E26="","",'MK7-MBD'!E26) -> 90.8 | X18: =IFERROR((V18*($S$9/100))+(W18*($T$9/100)),"") -> 86.35 | Y18: =IF(MK8_BID!D26="","",MK8_BID!D26) -> 81.4 | Z18: =IF(MK8_BID!E26="","",MK8_BID!E26) -> 81.4 | AA18: =IFERROR((Y18*($S$9/100))+(Z18*($T$9/100)),"") -> 81.4 | AB18: =IF('MK16-AGM'!D26="","",'MK16-AGM'!D26) -> 93.2 | AC18: =IF('MK16-AGM'!E26="","",'MK16-AGM'!E26) -> 91 | AD18: =IFERROR((AB18*($AB$9/100))+(AC18*($AC$9/100)),"") -> 92.1 | AF18: =IFERROR((D18*($D$9/100)+G18*($G$9/100)+M18*($M$9/100)+V18*($V$9/100)),"") -> 131.48 | AG18: =IFERROR(AF18/$AF$8*100,"") -> 61.153488 | AH18: =IFERROR((#REF!*(#REF!/100)),"") | AI18: =IFERROR(AH18/$AH$8*100,"") | AJ18: =IFERROR((P18*($P$9/100)+S18*($S$9/100)),"") -> 81.8 | AK18: =IFERROR(AJ18/$AJ$8*100,"") -> 81.8 | AL18: =IFERROR((#REF!*(#REF!/100)),"") | AM18: =IFERROR(AL18/$AL$8*100,"") | AV18: =IFERROR((Q18*($Q$9/100)+T18*($T$9/100)),"") -> 77.55 | AW18: =IFERROR(AV18/$AV$8*100,"") -> 77.55 | AX18: =IFERROR((Y18*($Y$9/100)+AB18*($AB$9/100)+#REF!*(#REF!/100)),"") | AY18: =IFERROR(AX18/$AX$8*100,"") | BB18: =IFERROR((#REF!*(#REF!/100)+#REF!*(#REF!/100)+#REF!*(#REF!/100)),"") | BC18: =IFERROR(BB18/$BB$8*100,"") | BD18: =IFERROR((E18*($E$9/100)+K18*($K$9/100)+N18*($N$9/100)+W18*($W$9/100)),"") -> 145.2795 | BE18: =IFERROR(BD18/$BD$8*100,"") -> 84.958772 | BF18: =IFERROR((Z18*($Z$9/100)+AC18*($AC$9/100)+#REF!*(#REF!/100)),"") | BG18: =IFERROR(BF18/$BF$8*100,"") | BJ18: =IF(V18="","",IFERROR(V18*($V$9/100),"")) -> 40.95 | BK18: =IF(BJ18="","",BJ18/$BJ$9) -> 0.819 | BL18: =IF(Y18="","",IFERROR(Y18*($BL$9/100),"")) -> 40.7 | BM18: =IF(BL18="","",BL18/$BL$9) -> 0.814 | BN18: =IF(Z18="","",IFERROR(Z18*($BN$9/100),"")) -> 40.7 | BO18: =IF(BN18="","",BN18/$BN$9) -> 0.814 | BP18: =IF(D18="","",IFERROR(D18*($D$9/100),"")) -> 38.75 | BQ18: =IF(BP18="","",BP18/$BP$9) -> 0.775 | BT18: =IF(E18="","",IFERROR(E18*($E$9/100),"")) -> 41 | BU18: =IF(BT18="","",BT18/$BT$9) -> 0.82 | CA18: =IF(BZ18="","",BZ18/$BZ$9) | CE18: =IF(CD18="","",CD18/$CD$9) | CP18: =IF(P18="","",IFERROR(P18*($P$9/100),"")) -> 44 | CQ18: =IF(CP18="","",CP18/$CP$9) -> 0.88 | CR18: =IF(Q18="","",IFERROR(Q18*($Q$9/100),"")) -> 43.5 | CS18: =IF(CR18="","",CR18/$CR$9) -> 0.87 | DR18: =IF(M18="","",IFERROR(M18*($M$9/100),"")) -> 39.5 | DS18: =IF(DR18="","",DR18/$DR$9) -> 0.79 | DX18: =IF(N18="","",IFERROR(N18*($N$9/100),"")) -> 41.25 | DY18: =IF(DX18="","",DX18/$DX$9) -> 0.825 | EB18: =IF(G18="","",IFERROR(G18*($G$9/100),"")) -> 12.28 | EC18: =IF(EB18="","",EB18/$EB$9) -> 0.7675 | ED18: =IF(H18="","",IFERROR(H18*($H$9/100),"")) -> 12.88 | EE18: =IF(ED18="","",ED18/$ED$9) -> 0.805 | EF18: =IF(I18="","",IFERROR(I18*($I$9/100),"")) -> 21.879 | EG18: =IF(EF18="","",EF18/$EF$9) -> 0.8415 | EH18: =IF(J18="","",IFERROR(J18*($J$9/100),"")) -> 16.6803 | EI18: =IF(EH18="","",EH18/$EH$9) -> 0.7943 | EL18: =IF(K18="","",IFERROR(K18*($K$9/100),"")) -> 17.6295 | EM18: =IF(EF18="","",EF18/$EF$9) -> 0.8415 | EO18: =IF(EN18="","",EN18/$EN$9) | ER18: =IF(S18="","",IFERROR(S18*($S$9/100),"")) -> 37.8 | ES18: =IF(ER18="","",ER18/$ER$9) -> 0.756 | ET18: =IF(T18="","",IFERROR(T18*($T$9/100),"")) -> 34.05 | EU18: =IF(ET18="","",ET18/$ET$9) -> 0.681 | EV18: =IFERROR(IF(#REF!="","",IFERROR(#REF!*(#REF!/100),"")),"") | EW18: =IF(EV18="","",EV18/$EV$9) | EX18: =IF(AB18="","",IFERROR(AB18*($AB$9/100),"")) -> 46.6 | EY18: =IF(EX18="","",EX18/$EX$9) -> 0.932 | EZ18: =IF(AC18="","",IFERROR(AC18*($AC$9/100),"")) -> 45.5 | FA18: =IF(EZ18="","",EZ18/$EZ$9) -> 0.91 | FD18: =IFERROR(IF(#REF!="","",IFERROR(#REF!*(#REF!/100),""))+IF(#REF!="","",IFERROR(#REF!*(#REF!/100),"")),"") | FE18: =IF(FD18="","",FD18/$FD$9) | FF18: =IFERROR(IF(E18="","",IFERROR(E18*($E$9/100),""))+IF(K18="","",IFERROR(K18*($K$9/100),""))+IF(N18="","",IFERROR(N18*($N$9/100),""))+IF(W18="","",IFERROR(W18*($W$9/100),"")),"") -> 145.2795 | FG18: =IF(FF18="","",FF18/$FF$9) -> 0.84958772 | FJ18: =IFERROR(IF(AC18="","",IFERROR(AC18*($AC$9/100),""))+IF(#REF!="","",IFERROR(#REF!*(#REF!/100),"")),"") | FK18: =IF(FJ18="","",FJ18/$FJ$9) | FL18: =IFERROR(IF(Z18="","",IFERROR(Z18*($Z$9/100),"")),"") -> 40.7 | FM18: =IF(FL18="","",FL18/$FL$9) -> 0.814 | FN18: =SUM(BJ18:FL18) -> 817.21369 | FO18: =FN18/$FN$9 -> #REF!
A19: 9 | B19: 24.05.52.0011 | C19: JONATHAN REXY FERDINAN | D19: ='MK1-TM'!D27 -> 77.5 | E19: ='MK1-TM'!E27 -> 81.5 | F19: =IFERROR((D19*($D$9/100))+(E19*($E$9/100)),"") -> 79.5 | G19: ='MK2-TO'!D27 -> 78 | H19: ='MK2-TO'!E27 -> 81.75 | I19: ='MK2-TO'!F27 -> 80.31 | J19: 81.05 | K19: ='MK2-TO'!H27 -> 80.38 | L19: =IFERROR((G19*($G$9/100))+(H19*($H$9/100))+(I19*($I$9/100))+(J19*($J$9/100)+(K19*($K$9/100))),"") -> 80.3409 | M19: ='MK3-PSTI'!D27 -> 82.5 | N19: ='MK3-PSTI'!E27 -> 82.5 | O19: =IFERROR((M19*($M$9/100))+(N19*($N$9/100)),"") -> 82.5 | P19: =IF('MK4-L&A'!D27="","",'MK4-L&A'!D27) -> 84.5 | Q19: =IF('MK4-L&A'!E27="","",'MK4-L&A'!E27) -> 83.5 | R19: =IFERROR((P19*($P$9/100))+(Q19*($Q$9/100)),"") -> 84 | S19: =IF('MK5-BP'!D27="","",'MK5-BP'!D27) -> 75.6 | T19: =IF('MK5-BP'!E27="","",'MK5-BP'!E27) -> 68.1 | U19: =IFERROR((S19*($S$9/100))+(T19*($T$9/100)),"") -> 71.85 | V19: =IF('MK7-MBD'!D27="","",'MK7-MBD'!D27) -> 85.5 | W19: =IF('MK7-MBD'!E27="","",'MK7-MBD'!E27) -> 85 | X19: =IFERROR((V19*($S$9/100))+(W19*($T$9/100)),"") -> 85.25 | Y19: =IF(MK8_BID!D27="","",MK8_BID!D27) -> 81.4 | Z19: =IF(MK8_BID!E27="","",MK8_BID!E27) -> 81.4 | AA19: =IFERROR((Y19*($S$9/100))+(Z19*($T$9/100)),"") -> 81.4 | AB19: =IF('MK16-AGM'!D27="","",'MK16-AGM'!D27) -> 91.4 | AC19: =IF('MK16-AGM'!E27="","",'MK16-AGM'!E27) -> 91 | AD19: =IFERROR((AB19*($AB$9/100))+(AC19*($AC$9/100)),"") -> 91.2 | AF19: =IFERROR((D19*($D$9/100)+G19*($G$9/100)+M19*($M$9/100)+V19*($V$9/100)),"") -> 135.23 | AG19: =IFERROR(AF19/$AF$8*100,"") -> 62.897674 | AH19: =IFERROR((#REF!*(#REF!/100)),"") | AI19: =IFERROR(AH19/$AH$8*100,"") | AJ19: =IFERROR((P19*($P$9/100)+S19*($S$9/100)),"") -> 80.05 | AK19: =IFERROR(AJ19/$AJ$8*100,"") -> 80.05 | AL19: =IFERROR((#REF!*(#REF!/100)),"") | AM19: =IFERROR(AL19/$AL$8*100,"") | AV19: =IFERROR((Q19*($Q$9/100)+T19*($T$9/100)),"") -> 75.8 | AW19: =IFERROR(AV19/$AV$8*100,"") -> 75.8 | AX19: =IFERROR((Y19*($Y$9/100)+AB19*($AB$9/100)+#REF!*(#REF!/100)),"") | AY19: =IFERROR(AX19/$AX$8*100,"") | BB19: =IFERROR((#REF!*(#REF!/100)+#REF!*(#REF!/100)+#REF!*(#REF!/100)),"") | BC19: =IFERROR(BB19/$BB$8*100,"") | BD19: =IFERROR((E19*($E$9/100)+K19*($K$9/100)+N19*($N$9/100)+W19*($W$9/100)),"") -> 141.3798 | BE19: =IFERROR(BD19/$BD$8*100,"") -> 82.678246 | BF19: =IFERROR((Z19*($Z$9/100)+AC19*($AC$9/100)+#REF!*(#REF!/100)),"") | BG19: =IFERROR(BF19/$BF$8*100,"") | BJ19: =IF(V19="","",IFERROR(V19*($V$9/100),"")) -> 42.75 | BK19: =IF(BJ19="","",BJ19/$BJ$9) -> 0.855 | BL19: =IF(Y19="","",IFERROR(Y19*($BL$9/100),"")) -> 40.7 | BM19: =IF(BL19="","",BL19/$BL$9) -> 0.814 | BN19: =IF(Z19="","",IFERROR(Z19*($BN$9/100),"")) -> 40.7 | BO19: =IF(BN19="","",BN19/$BN$9) -> 0.814 | BP19: =IF(D19="","",IFERROR(D19*($D$9/100),"")) -> 38.75 | BQ19: =IF(BP19="","",BP19/$BP$9) -> 0.775 | BT19: =IF(E19="","",IFERROR(E19*($E$9/100),"")) -> 40.75 | BU19: =IF(BT19="","",BT19/$BT$9) -> 0.815 | CA19: =IF(BZ19="","",BZ19/$BZ$9) | CE19: =IF(CD19="","",CD19/$CD$9) | CP19: =IF(P19="","",IFERROR(P19*($P$9/100),"")) -> 42.25 | CQ19: =IF(CP19="","",CP19/$CP$9) -> 0.845 | CR19: =IF(Q19="","",IFERROR(Q19*($Q$9/100),"")) -> 41.75 | CS19: =IF(CR19="","",CR19/$CR$9) -> 0.835 | DR19: =IF(M19="","",IFERROR(M19*($M$9/100),"")) -> 41.25 | DS19: =IF(DR19="","",DR19/$DR$9) -> 0.825 | DX19: =IF(N19="","",IFERROR(N19*($N$9/100),"")) -> 41.25 | DY19: =IF(DX19="","",DX19/$DX$9) -> 0.825 | EB19: =IF(G19="","",IFERROR(G19*($G$9/100),"")) -> 12.48 | EC19: =IF(EB19="","",EB19/$EB$9) -> 0.78 | ED19: =IF(H19="","",IFERROR(H19*($H$9/100),"")) -> 13.08 | EE19: =IF(ED19="","",ED19/$ED$9) -> 0.8175 | EF19: =IF(I19="","",IFERROR(I19*($I$9/100),"")) -> 20.8806 | EG19: =IF(EF19="","",EF19/$EF$9) -> 0.8031 | EH19: =IF(J19="","",IFERROR(J19*($J$9/100),"")) -> 17.0205 | EI19: =IF(EH19="","",EH19/$EH$9) -> 0.8105 | EL19: =IF(K19="","",IFERROR(K19*($K$9/100),"")) -> 16.8798 | EM19: =IF(EF19="","",EF19/$EF$9) -> 0.8031 | EO19: =IF(EN19="","",EN19/$EN$9) | ER19: =IF(S19="","",IFERROR(S19*($S$9/100),"")) -> 37.8 | ES19: =IF(ER19="","",ER19/$ER$9) -> 0.756 | ET19: =IF(T19="","",IFERROR(T19*($T$9/100),"")) -> 34.05 | EU19: =IF(ET19="","",ET19/$ET$9) -> 0.681 | EV19: =IFERROR(IF(#REF!="","",IFERROR(#REF!*(#REF!/100),"")),"") | EW19: =IF(EV19="","",EV19/$EV$9) | EX19: =IF(AB19="","",IFERROR(AB19*($AB$9/100),"")) -> 45.7 | EY19: =IF(EX19="","",EX19/$EX$9) -> 0.914 | EZ19: =IF(AC19="","",IFERROR(AC19*($AC$9/100),"")) -> 45.5 | FA19: =IF(EZ19="","",EZ19/$EZ$9) -> 0.91 | FD19: =IFERROR(IF(#REF!="","",IFERROR(#REF!*(#REF!/100),""))+IF(#REF!="","",IFERROR(#REF!*(#REF!/100),"")),"") | FE19: =IF(FD19="","",FD19/$FD$9) | FF19: =IFERROR(IF(E19="","",IFERROR(E19*($E$9/100),""))+IF(K19="","",IFERROR(K19*($K$9/100),""))+IF(N19="","",IFERROR(N19*($N$9/100),""))+IF(W19="","",IFERROR(W19*($W$9/100),"")),"") -> 141.3798 | FG19: =IF(FF19="","",FF19/$FF$9) -> 0.82678246 | FJ19: =IFERROR(IF(AC19="","",IFERROR(AC19*($AC$9/100),""))+IF(#REF!="","",IFERROR(#REF!*(#REF!/100),"")),"") | FK19: =IF(FJ19="","",FJ19/$FJ$9) | FL19: =IFERROR(IF(Z19="","",IFERROR(Z19*($Z$9/100),"")),"") -> 40.7 | FM19: =IF(FL19="","",FL19/$FL$9) -> 0.814 | FN19: =SUM(BJ19:FL19) -> 811.12568 | FO19: =FN19/$FN$9 -> #REF!
A20: 10 | B20: 24.05.52.0012 | C20: GITA TEONANDA ARELLIA | D20: ='MK1-TM'!D28 -> 94 | E20: ='MK1-TM'!E28 -> 99.5 | F20: =IFERROR((D20*($D$9/100))+(E20*($E$9/100)),"") -> 96.75 | G20: ='MK2-TO'!D28 -> 78 | H20: ='MK2-TO'!E28 -> 80.5 | I20: ='MK2-TO'!F28 -> 84.15 | J20: ='MK2-TO'!G28 -> 80.86 | K20: ='MK2-TO'!H28 -> 83.95 | L20: =IFERROR((G20*($G$9/100))+(H20*($H$9/100))+(I20*($I$9/100))+(J20*($J$9/100)+(K20*($K$9/100))),"") -> 81.8491 | M20: ='MK3-PSTI'!D28 -> 86 | N20: ='MK3-PSTI'!E28 -> 86 | O20: =IFERROR((M20*($M$9/100))+(N20*($N$9/100)),"") -> 86 | P20: =IF('MK4-L&A'!D28="","",'MK4-L&A'!D28) -> 88 | Q20: =IF('MK4-L&A'!E28="","",'MK4-L&A'!E28) -> 87 | R20: =IFERROR((P20*($P$9/100))+(Q20*($Q$9/100)),"") -> 87.5 | S20: =IF('MK5-BP'!D28="","",'MK5-BP'!D28) -> 78.4 | T20: =IF('MK5-BP'!E28="","",'MK5-BP'!E28) -> 70.9 | U20: =IFERROR((S20*($S$9/100))+(T20*($T$9/100)),"") -> 74.65 | V20: =IF('MK7-MBD'!D28="","",'MK7-MBD'!D28) -> 84.85 | W20: =IF('MK7-MBD'!E28="","",'MK7-MBD'!E28) -> 92.5 | X20: =IFERROR((V20*($S$9/100))+(W20*($T$9/100)),"") -> 88.675 | Y20: =IF(MK8_BID!D28="","",MK8_BID!D28) -> 88.5 | Z20: =IF(MK8_BID!E28="","",MK8_BID!E28) -> 88.5 | AA20: =IFERROR((Y20*($S$9/100))+(Z20*($T$9/100)),"") -> 88.5 | AB20: =IF('MK16-AGM'!D28="","",'MK16-AGM'!D28) -> 79.2 | AC20: =IF('MK16-AGM'!E28="","",'MK16-AGM'!E28) -> 82.6 | AD20: =IFERROR((AB20*($AB$9/100))+(AC20*($AC$9/100)),"") -> 80.9 | BJ20: =IF(V20="","",IFERROR(V20*($V$9/100),"")) -> 42.425 | BK20: =IF(BJ20="","",BJ20/$BJ$9) -> 0.8485 | BL20: =IF(Y20="","",IFERROR(Y20*($BL$9/100),"")) -> 44.25 | BM20: =IF(BL20="","",BL20/$BL$9) -> 0.885 | BN20: =IF(Z20="","",IFERROR(Z20*($BN$9/100),"")) -> 44.25 | BO20: =IF(BN20="","",BN20/$BN$9) -> 0.885 | BP20: =IF(D20="","",IFERROR(D20*($D$9/100),"")) -> 47 | BQ20: =IF(BP20="","",BP20/$BP$9) -> 0.94 | BT20: =IF(E20="","",IFERROR(E20*($E$9/100),"")) -> 49.75 | BU20: =IF(BT20="","",BT20/$BT$9) -> 0.995 | CP20: =IF(P20="","",IFERROR(P20*($P$9/100),"")) -> 44 | CQ20: =IF(CP20="","",CP20/$CP$9) -> 0.88 | CR20: =IF(Q20="","",IFERROR(Q20*($Q$9/100),"")) -> 43.5 | CS20: =IF(CR20="","",CR20/$CR$9) -> 0.87 | DR20: =IF(M20="","",IFERROR(M20*($M$9/100),"")) -> 43 | DS20: =IF(DR20="","",DR20/$DR$9) -> 0.86 | DX20: =IF(N20="","",IFERROR(N20*($N$9/100),"")) -> 43 | DY20: =IF(DX20="","",DX20/$DX$9) -> 0.86 | EB20: =IF(G20="","",IFERROR(G20*($G$9/100),"")) -> 12.48 | EC20: =IF(EB20="","",EB20/$EB$9) -> 0.78 | ED20: =IF(H20="","",IFERROR(H20*($H$9/100),"")) -> 12.88 | EE20: =IF(ED20="","",ED20/$ED$9) -> 0.805 | EF20: =IF(I20="","",IFERROR(I20*($I$9/100),"")) -> 21.879 | EG20: =IF(EF20="","",EF20/$EF$9) -> 0.8415 | EH20: =IF(J20="","",IFERROR(J20*($J$9/100),"")) -> 16.9806 | EI20: =IF(EH20="","",EH20/$EH$9) -> 0.8086 | EL20: =IF(K20="","",IFERROR(K20*($K$9/100),"")) -> 17.6295 | EM20: =IF(EF20="","",EF20/$EF$9) -> 0.8415 | EO20: =IF(EN20="","",EN20/$EN$9) | ER20: =IF(S20="","",IFERROR(S20*($S$9/100),"")) -> 39.2 | ES20: =IF(ER20="","",ER20/$ER$9) -> 0.784 | ET20: =IF(T20="","",IFERROR(T20*($T$9/100),"")) -> 35.45 | EU20: =IF(ET20="","",ET20/$ET$9) -> 0.709 | EX20: =IF(AB20="","",IFERROR(AB20*($AB$9/100),"")) -> 39.6 | EY20: =IF(EX20="","",EX20/$EX$9) -> 0.792 | EZ20: =IF(AC20="","",IFERROR(AC20*($AC$9/100),"")) -> 41.3 | FA20: =IF(EZ20="","",EZ20/$EZ$9) -> 0.826
A21: 11 | B21: 24.05.52.0013 | C21: MUHAMMAD MAFTUF | D21: ='MK1-TM'!D29 -> 82 | E21: ='MK1-TM'!E29 -> 86.5 | F21: =IFERROR((D21*($D$9/100))+(E21*($E$9/100)),"") -> 84.25 | G21: ='MK2-TO'!D29 -> 76.13 | H21: ='MK2-TO'!E29 -> 78.63 | I21: ='MK2-TO'!F29 -> 84.15 | J21: ='MK2-TO'!G29 -> 78.71 | K21: ='MK2-TO'!H29 -> 83.95 | L21: =IFERROR((G21*($G$9/100))+(H21*($H$9/100))+(I21*($I$9/100))+(J21*($J$9/100)+(K21*($K$9/100))),"") -> 80.7992 | M21: ='MK3-PSTI'!D29 -> 86 | N21: ='MK3-PSTI'!E29 -> 86 | O21: =IFERROR((M21*($M$9/100))+(N21*($N$9/100)),"") -> 86 | P21: =IF('MK4-L&A'!D29="","",'MK4-L&A'!D29) -> 84.5 | Q21: =IF('MK4-L&A'!E29="","",'MK4-L&A'!E29) -> 83.5 | R21: =IFERROR((P21*($P$9/100))+(Q21*($Q$9/100)),"") -> 84 | S21: =IF('MK5-BP'!D29="","",'MK5-BP'!D29) -> 75.6 | T21: =IF('MK5-BP'!E29="","",'MK5-BP'!E29) -> 68.1 | U21: =IFERROR((S21*($S$9/100))+(T21*($T$9/100)),"") -> 71.85 | V21: =IF('MK7-MBD'!D29="","",'MK7-MBD'!D29) -> 83.4 | W21: =IF('MK7-MBD'!E29="","",'MK7-MBD'!E29) -> 93.8 | X21: =IFERROR((V21*($S$9/100))+(W21*($T$9/100)),"") -> 88.6 | Y21: =IF(MK8_BID!D29="","",MK8_BID!D29) -> 81.4 | Z21: =IF(MK8_BID!E29="","",MK8_BID!E29) -> 81.4 | AA21: =IFERROR((Y21*($S$9/100))+(Z21*($T$9/100)),"") -> 81.4 | AB21: =IF('MK16-AGM'!D29="","",'MK16-AGM'!D29) -> 92.2 | AC21: =IF('MK16-AGM'!E29="","",'MK16-AGM'!E29) -> 95.5 | AD21: =IFERROR((AB21*($AB$9/100))+(AC21*($AC$9/100)),"") -> 93.85 | BJ21: =IF(V21="","",IFERROR(V21*($V$9/100),"")) -> 41.7 | BK21: =IF(BJ21="","",BJ21/$BJ$9) -> 0.834 | BL21: =IF(Y21="","",IFERROR(Y21*($BL$9/100),"")) -> 40.7 | BM21: =IF(BL21="","",BL21/$BL$9) -> 0.814 | BN21: =IF(Z21="","",IFERROR(Z21*($BN$9/100),"")) -> 40.7 | BO21: =IF(BN21="","",BN21/$BN$9) -> 0.814 | BP21: =IF(D21="","",IFERROR(D21*($D$9/100),"")) -> 41 | BQ21: =IF(BP21="","",BP21/$BP$9) -> 0.82 | BT21: =IF(E21="","",IFERROR(E21*($E$9/100),"")) -> 43.25 | BU21: =IF(BT21="","",BT21/$BT$9) -> 0.865 | CP21: =IF(P21="","",IFERROR(P21*($P$9/100),"")) -> 42.25 | CQ21: =IF(CP21="","",CP21/$CP$9) -> 0.845 | CR21: =IF(Q21="","",IFERROR(Q21*($Q$9/100),"")) -> 41.75 | CS21: =IF(CR21="","",CR21/$CR$9) -> 0.835 | DR21: =IF(M21="","",IFERROR(M21*($M$9/100),"")) -> 43 | DS21: =IF(DR21="","",DR21/$DR$9) -> 0.86 | DX21: =IF(N21="","",IFERROR(N21*($N$9/100),"")) -> 43 | DY21: =IF(DX21="","",DX21/$DX$9) -> 0.86 | EB21: =IF(G21="","",IFERROR(G21*($G$9/100),"")) -> 12.1808 | EC21: =IF(EB21="","",EB21/$EB$9) -> 0.7613 | ED21: =IF(H21="","",IFERROR(H21*($H$9/100),"")) -> 12.5808 | EE21: =IF(ED21="","",ED21/$ED$9) -> 0.7863 | EF21: =IF(I11="","",IFERROR(I21*($I$9/100),"")) -> 21.879 | EG21: =IF(EF21="","",EF21/$EF$9) -> 0.8415 | EH21: =IF(J11="","",IFERROR(J21*($J$9/100),"")) -> 16.5291 | EI21: =IF(EH21="","",EH21/$EH$9) -> 0.7871 | EL21: =IF(K11="","",IFERROR(K21*($K$9/100),"")) -> 17.6295 | EM21: =IF(EF21="","",EF21/$EF$9) -> 0.8415 | EO21: =IF(EN21="","",EN21/$EN$9) | ER21: =IF(S21="","",IFERROR(S21*($S$9/100),"")) -> 37.8 | ES21: =IF(ER21="","",ER21/$ER$9) -> 0.756 | ET21: =IF(T21="","",IFERROR(T21*($T$9/100),"")) -> 34.05 | EU21: =IF(ET21="","",ET21/$ET$9) -> 0.681 | EX21: =IF(AB21="","",IFERROR(AB21*($AB$9/100),"")) -> 46.1 | EY21: =IF(EX21="","",EX21/$EX$9) -> 0.922 | EZ21: =IF(AC21="","",IFERROR(AC21*($AC$9/100),"")) -> 47.75 | FA21: =IF(EZ21="","",EZ21/$EZ$9) -> 0.955
A22: 12 | B22: 24.05.52.0014 | C22: ARELIA SALSABILA SAFITRI | D22: ='MK1-TM'!D30 -> 94 | E22: ='MK1-TM'!E30 -> 99.5 | F22: =IFERROR((D22*($D$9/100))+(E22*($E$9/100)),"") -> 96.75 | G22: ='MK2-TO'!D30 -> 78 | H22: ='MK2-TO'!E30 -> 80.5 | I22: ='MK2-TO'!F30 -> 84.15 | J22: ='MK2-TO'!G30 -> 81.62 | K22: ='MK2-TO'!H30 -> 83.95 | L22: =IFERROR((G22*($G$9/100))+(H22*($H$9/100))+(I22*($I$9/100))+(J22*($J$9/100)+(K22*($K$9/100))),"") -> 82.0087 | M22: ='MK3-PSTI'!D30 -> 89.5 | N22: ='MK3-PSTI'!E30 -> 89.5 | O22: =IFERROR((M22*($M$9/100))+(N22*($N$9/100)),"") -> 89.5 | P22: =IF('MK4-L&A'!D30="","",'MK4-L&A'!D30) -> 88 | Q22: =IF('MK4-L&A'!E30="","",'MK4-L&A'!E30) -> 87 | R22: =IFERROR((P22*($P$9/100))+(Q22*($Q$9/100)),"") -> 87.5 | S22: =IF('MK5-BP'!D30="","",'MK5-BP'!D30) -> 78.4 | T22: =IF('MK5-BP'!E30="","",'MK5-BP'!E30) -> 70.9 | U22: =IFERROR((S22*($S$9/100))+(T22*($T$9/100)),"") -> 74.65 | V22: =IF('MK7-MBD'!D30="","",'MK7-MBD'!D30) -> 85.95 | W22: =IF('MK7-MBD'!E30="","",'MK7-MBD'!E30) -> 94 | X22: =IFERROR((V22*($S$9/100))+(W22*($T$9/100)),"") -> 89.975 | Y22: =IF(MK8_BID!D30="","",MK8_BID!D30) -> 90.4 | Z22: =IF(MK8_BID!E30="","",MK8_BID!E30) -> 90.4 | AA22: =IFERROR((Y22*($S$9/100))+(Z22*($T$9/100)),"") -> 90.4 | AB22: =IF('MK16-AGM'!D30="","",'MK16-AGM'!D30) -> 90.9 | AC22: =IF('MK16-AGM'!E30="","",'MK16-AGM'!E30) -> 95.9 | AD22: =IFERROR((AB22*($AB$9/100))+(AC22*($AC$9/100)),"") -> 93.4 | BJ22: =IF(V22="","",IFERROR(V22*($V$9/100),"")) -> 42.975 | BK22: =IF(BJ22="","",BJ22/$BJ$9) -> 0.8595 | BL22: =IF(Y22="","",IFERROR(Y22*($BL$9/100),"")) -> 45.2 | BM22: =IF(BL22="","",BL22/$BL$9) -> 0.904 | BN22: =IF(Z22="","",IFERROR(Z22*($BN$9/100),"")) -> 45.2 | BO22: =IF(BN22="","",BN22/$BN$9) -> 0.904 | BP22: =IF(D22="","",IFERROR(D22*($D$9/100),"")) -> 47 | BQ22: =IF(BP22="","",BP22/$BP$9) -> 0.94 | BT22: =IF(E22="","",IFERROR(E22*($E$9/100),"")) -> 49.75 | BU22: =IF(BT22="","",BT22/$BT$9) -> 0.995 | CP22: =IF(P22="","",IFERROR(P22*($P$9/100),"")) -> 44 | CQ22: =IF(CP22="","",CP22/$CP$9) -> 0.88 | CR22: =IF(Q22="","",IFERROR(Q22*($Q$9/100),"")) -> 43.5 | CS22: =IF(CR22="","",CR22/$CR$9) -> 0.87 | DR22: =IF(M22="","",IFERROR(M22*($M$9/100),"")) -> 44.75 | DS22: =IF(DR22="","",DR22/$DR$9) -> 0.895 | DX22: =IF(N22="","",IFERROR(N22*($N$9/100),"")) -> 44.75 | DY22: =IF(DX22="","",DX22/$DX$9) -> 0.895 | EB22: =IF(G22="","",IFERROR(G22*($G$9/100),"")) -> 12.48 | EC22: =IF(EB22="","",EB22/$EB$9) -> 0.78 | ED22: =IF(H22="","",IFERROR(H22*($H$9/100),"")) -> 12.88 | EE22: =IF(ED22="","",ED22/$ED$9) -> 0.805 | EF22: =IF(I12="","",IFERROR(I22*($I$9/100),"")) -> 21.879 | EG22: =IF(EF22="","",EF22/$EF$9) -> 0.8415 | EH22: =IF(J12="","",IFERROR(J22*($J$9/100),"")) -> 17.1402 | EI22: =IF(EH22="","",EH22/$EH$9) -> 0.8162 | EL22: =IF(K12="","",IFERROR(K22*($K$9/100),"")) -> 17.6295 | EM22: =IF(EF22="","",EF22/$EF$9) -> 0.8415 | EO22: =IF(EN22="","",EN22/$EN$9) | ER22: =IF(S22="","",IFERROR(S22*($S$9/100),"")) -> 39.2 | ES22: =IF(ER22="","",ER22/$ER$9) -> 0.784 | ET22: =IF(T22="","",IFERROR(T22*($T$9/100),"")) -> 35.45 | EU22: =IF(ET22="","",ET22/$ET$9) -> 0.709 | EX22: =IF(AB22="","",IFERROR(AB22*($AB$9/100),"")) -> 45.45 | EY22: =IF(EX22="","",EX22/$EX$9) -> 0.909 | EZ22: =IF(AC22="","",IFERROR(AC22*($AC$9/100),"")) -> 47.95 | FA22: =IF(EZ22="","",EZ22/$EZ$9) -> 0.959
A23: 13 | B23: 24.05.52.0015 | C23: JULLER IBEL LAURENTIUS TURNIP | D23: ='MK1-TM'!D31 -> 75.6 | E23: ='MK1-TM'!E31 -> 76.6 | F23: =IFERROR((D23*($D$9/100))+(E23*($E$9/100)),"") -> 76.1 | G23: ='MK2-TO'!D31 -> 77.25 | H23: ='MK2-TO'!E31 -> 79.75 | I23: ='MK2-TO'!F31 -> 86 | J23: ='MK2-TO'!G31 -> 79.33 | K23: ='MK2-TO'!H31 -> 85.52 | L23: =IFERROR((G23*($G$9/100))+(H23*($H$9/100))+(I23*($I$9/100))+(J23*($J$9/100)+(K23*($K$9/100))),"") -> 82.0985 | M23: ='MK3-PSTI'!D31 -> 67.4 | N23: ='MK3-PSTI'!E31 -> 74.4 | O23: =IFERROR((M23*($M$9/100))+(N23*($N$9/100)),"") -> 70.9 | P23: =IF('MK4-L&A'!D31="","",'MK4-L&A'!D31) -> 81 | Q23: =IF('MK4-L&A'!E31="","",'MK4-L&A'!E31) -> 80 | R23: =IFERROR((P23*($P$9/100))+(Q23*($Q$9/100)),"") -> 80.5 | S23: =IF('MK5-BP'!D31="","",'MK5-BP'!D31) -> 75.6 | T23: =IF('MK5-BP'!E31="","",'MK5-BP'!E31) -> 68.1 | U23: =IFERROR((S23*($S$9/100))+(T23*($T$9/100)),"") -> 71.85 | V23: =IF('MK7-MBD'!D31="","",'MK7-MBD'!D31) -> 40 | W23: =IF('MK7-MBD'!E31="","",'MK7-MBD'!E31) -> 40 | X23: =IFERROR((V23*($S$9/100))+(W23*($T$9/100)),"") -> 40 | Y23: =IF(MK8_BID!D31="","",MK8_BID!D31) -> 71.5 | Z23: =IF(MK8_BID!E31="","",MK8_BID!E31) -> 71.5 | AA23: =IFERROR((Y23*($S$9/100))+(Z23*($T$9/100)),"") -> 71.5 | AB23: =IF('MK16-AGM'!D31="","",'MK16-AGM'!D31) -> 67 | AC23: =IF('MK16-AGM'!E31="","",'MK16-AGM'!E31) -> 96 | AD23: =IFERROR((AB23*($AB$9/100))+(AC23*($AC$9/100)),"") -> 81.5 | BJ23: =IF(V23="","",IFERROR(V23*($V$9/100),"")) -> 20 | BK23: =IF(BJ23="","",BJ23/$BJ$9) -> 0.4 | BL23: =IF(Y23="","",IFERROR(Y23*($BL$9/100),"")) -> 35.75 | BM23: =IF(BL23="","",BL23/$BL$9) -> 0.715 | BN23: =IF(Z23="","",IFERROR(Z23*($BN$9/100),"")) -> 35.75 | BO23: =IF(BN23="","",BN23/$BN$9) -> 0.715 | BP23: =IF(D23="","",IFERROR(D23*($D$9/100),"")) -> 37.8 | BQ23: =IF(BP23="","",BP23/$BP$9) -> 0.756 | BT23: =IF(E23="","",IFERROR(E23*($E$9/100),"")) -> 38.3 | BU23: =IF(BT23="","",BT23/$BT$9) -> 0.766 | CP23: =IF(P23="","",IFERROR(P23*($P$9/100),"")) -> 40.5 | CQ23: =IF(CP23="","",CP23/$CP$9) -> 0.81 | CR23: =IF(Q23="","",IFERROR(Q23*($Q$9/100),"")) -> 40 | CS23: =IF(CR23="","",CR23/$CR$9) -> 0.8 | DR23: =IF(M23="","",IFERROR(M23*($M$9/100),"")) -> 33.7 | DS23: =IF(DR23="","",DR23/$DR$9) -> 0.674 | DX23: =IF(N23="","",IFERROR(N23*($N$9/100),"")) -> 37.2 | DY23: =IF(DX23="","",DX23/$DX$9) -> 0.744 | EB23: =IF(G23="","",IFERROR(G23*($G$9/100),"")) -> 12.36 | EC23: =IF(EB23="","",EB23/$EB$9) -> 0.7725 | ED23: =IF(H23="","",IFERROR(H23*($H$9/100),"")) -> 12.76 | EE23: =IF(ED23="","",ED23/$ED$9) -> 0.7975 | EF23: =IF(I13="","",IFERROR(I23*($I$9/100),"")) -> 22.36 | EG23: =IF(EF23="","",EF23/$EF$9) -> 0.86 | EH23: =IF(J13="","",IFERROR(J23*($J$9/100),"")) -> 16.6593 | EI23: =IF(EH23="","",EH23/$EH$9) -> 0.7933 | EL23: =IF(K13="","",IFERROR(K23*($K$9/100),"")) -> 17.9592 | EM23: =IF(EF23="","",EF23/$EF$9) -> 0.86 | EO23: =IF(EN23="","",EN23/$EN$9) | ER23: =IF(S23="","",IFERROR(S23*($S$9/100),"")) -> 37.8 | ES23: =IF(ER23="","",ER23/$ER$9) -> 0.756 | ET23: =IF(T23="","",IFERROR(T23*($T$9/100),"")) -> 34.05 | EU23: =IF(ET23="","",ET23/$ET$9) -> 0.681 | EX23: =IF(AB23="","",IFERROR(AB23*($AB$9/100),"")) -> 33.5 | EY23: =IF(EX23="","",EX23/$EX$9) -> 0.67 | EZ23: =IF(AC23="","",IFERROR(AC23*($AC$9/100),"")) -> 48 | FA23: =IF(EZ23="","",EZ23/$EZ$9) -> 0.96
A24: 14 | B24: 24.05.52.0016 | C24: GADING BINTANG WICAKSONO | D24: ='MK1-TM'!D32 -> 82 | E24: ='MK1-TM'!E32 -> 86.5 | F24: =IFERROR((D24*($D$9/100))+(E24*($E$9/100)),"") -> 84.25 | G24: ='MK2-TO'!D32 -> 77.38 | H24: ='MK2-TO'!E32 -> 79.88 | I24: ='MK2-TO'!F32 -> 83.38 | J24: ='MK2-TO'!G32 -> 79.19 | K24: ='MK2-TO'!H32 -> 83.24 | L24: =IFERROR((G24*($G$9/100))+(H24*($H$9/100))+(I24*($I$9/100))+(J24*($J$9/100)+(K24*($K$9/100))),"") -> 80.9507 | M24: ='MK3-PSTI'!D32 -> 86 | N24: ='MK3-PSTI'!E32 -> 86 | O24: =IFERROR((M24*($M$9/100))+(N24*($N$9/100)),"") -> 86 | P24: =IF('MK4-L&A'!D32="","",'MK4-L&A'!D32) -> 81 | Q24: =IF('MK4-L&A'!E32="","",'MK4-L&A'!E32) -> 80 | R24: =IFERROR((P24*($P$9/100))+(Q24*($Q$9/100)),"") -> 80.5 | S24: =IF('MK5-BP'!D32="","",'MK5-BP'!D32) -> 75.6 | T24: =IF('MK5-BP'!E32="","",'MK5-BP'!E32) -> 68.1 | U24: =IFERROR((S24*($S$9/100))+(T24*($T$9/100)),"") -> 71.85 | V24: =IF('MK7-MBD'!D32="","",'MK7-MBD'!D32) -> 82.5 | W24: =IF('MK7-MBD'!E32="","",'MK7-MBD'!E32) -> 92 | X24: =IFERROR((V24*($S$9/100))+(W24*($T$9/100)),"") -> 87.25 | Y24: =IF(MK8_BID!D32="","",MK8_BID!D32) -> 85.9 | Z24: =IF(MK8_BID!E32="","",MK8_BID!E32) -> 85.9 | AA24: =IFERROR((Y24*($S$9/100))+(Z24*($T$9/100)),"") -> 85.9 | AB24: =IF('MK16-AGM'!D32="","",'MK16-AGM'!D32) -> 93.2 | AC24: =IF('MK16-AGM'!E32="","",'MK16-AGM'!E32) -> 94.9 | AD24: =IFERROR((AB24*($AB$9/100))+(AC24*($AC$9/100)),"") -> 94.05 | BJ24: =IF(V24="","",IFERROR(V24*($V$9/100),"")) -> 41.25 | BK24: =IF(BJ24="","",BJ24/$BJ$9) -> 0.825 | BL24: =IF(Y24="","",IFERROR(Y24*($BL$9/100),"")) -> 42.95 | BM24: =IF(BL24="","",BL24/$BL$9) -> 0.859 | BN24: =IF(Z24="","",IFERROR(Z24*($BN$9/100),"")) -> 42.95 | BO24: =IF(BN24="","",BN24/$BN$9) -> 0.859 | BP24: =IF(D24="","",IFERROR(D24*($D$9/100),"")) -> 41 | BQ24: =IF(BP24="","",BP24/$BP$9) -> 0.82 | BT24: =IF(E24="","",IFERROR(E24*($E$9/100),"")) -> 43.25 | BU24: =IF(BT24="","",BT24/$BT$9) -> 0.865 | CP24: =IF(P24="","",IFERROR(P24*($P$9/100),"")) -> 40.5 | CQ24: =IF(CP24="","",CP24/$CP$9) -> 0.81 | CR24: =IF(Q24="","",IFERROR(Q24*($Q$9/100),"")) -> 40 | CS24: =IF(CR24="","",CR24/$CR$9) -> 0.8 | DR24: =IF(M24="","",IFERROR(M24*($M$9/100),"")) -> 43 | DS24: =IF(DR24="","",DR24/$DR$9) -> 0.86 | DX24: =IF(N24="","",IFERROR(N24*($N$9/100),"")) -> 43 | DY24: =IF(DX24="","",DX24/$DX$9) -> 0.86 | EB24: =IF(G24="","",IFERROR(G24*($G$9/100),"")) -> 12.3808 | EC24: =IF(EB24="","",EB24/$EB$9) -> 0.7738 | ED24: =IF(H24="","",IFERROR(H24*($H$9/100),"")) -> 12.7808 | EE24: =IF(ED24="","",ED24/$ED$9) -> 0.7988 | EF24: =IF(I14="","",IFERROR(I24*($I$9/100),"")) -> 21.6788 | EG24: =IF(EF24="","",EF24/$EF$9) -> 0.8338 | EH24: =IF(J14="","",IFERROR(J24*($J$9/100),"")) -> 16.6299 | EI24: =IF(EH24="","",EH24/$EH$9) -> 0.7919 | EL24: =IF(K14="","",IFERROR(K24*($K$9/100),"")) -> 17.4804 | EM24: =IF(EF24="","",EF24/$EF$9) -> 0.8338 | EO24: =IF(EN24="","",EN24/$EN$9) | ER24: =IF(S24="","",IFERROR(S24*($S$9/100),"")) -> 37.8 | ES24: =IF(ER24="","",ER24/$ER$9) -> 0.756 | ET24: =IF(T24="","",IFERROR(T24*($T$9/100),"")) -> 34.05 | EU24: =IF(ET24="","",ET24/$ET$9) -> 0.681 | EX24: =IF(AB24="","",IFERROR(AB24*($AB$9/100),"")) -> 46.6 | EY24: =IF(EX24="","",EX24/$EX$9) -> 0.932 | EZ24: =IF(AC24="","",IFERROR(AC24*($AC$9/100),"")) -> 47.45 | FA24: =IF(EZ24="","",EZ24/$EZ$9) -> 0.949
A25: 15 | B25: 24.05.52.0017 | C25: VINA OKITA | D25: ='MK1-TM'!D33 -> 94 | E25: ='MK1-TM'!E33 -> 99.5 | F25: =IFERROR((D25*($D$9/100))+(E25*($E$9/100)),"") -> 96.75 | G25: ='MK2-TO'!D33 -> 76.13 | H25: ='MK2-TO'!E33 -> 78.63 | I25: ='MK2-TO'!F33 -> 84.92 | J25: ='MK2-TO'!G33 -> 77.76 | K25: ='MK2-TO'!H33 -> 84.67 | L25: =IFERROR((G25*($G$9/100))+(H25*($H$9/100))+(I25*($I$9/100))+(J25*($J$9/100)+(K25*($K$9/100))),"") -> 80.9511 | M25: ='MK3-PSTI'!D33 -> 86 | N25: ='MK3-PSTI'!E33 -> 86 | O25: =IFERROR((M25*($M$9/100))+(N25*($N$9/100)),"") -> 86 | P25: =IF('MK4-L&A'!D33="","",'MK4-L&A'!D33) -> 88 | Q25: =IF('MK4-L&A'!E33="","",'MK4-L&A'!E33) -> 87 | R25: =IFERROR((P25*($P$9/100))+(Q25*($Q$9/100)),"") -> 87.5 | S25: =IF('MK5-BP'!D33="","",'MK5-BP'!D33) -> 78.4 | T25: =IF('MK5-BP'!E33="","",'MK5-BP'!E33) -> 70.9 | U25: =IFERROR((S25*($S$9/100))+(T25*($T$9/100)),"") -> 74.65 | V25: =IF('MK7-MBD'!D33="","",'MK7-MBD'!D33) -> 85.3 | W25: =IF('MK7-MBD'!E33="","",'MK7-MBD'!E33) -> 94.1 | X25: =IFERROR((V25*($S$9/100))+(W25*($T$9/100)),"") -> 89.7 | Y25: =IF(MK8_BID!D33="","",MK8_BID!D33) -> 81.4 | Z25: =IF(MK8_BID!E33="","",MK8_BID!E33) -> 81.4 | AA25: =IFERROR((Y25*($S$9/100))+(Z25*($T$9/100)),"") -> 81.4 | AB25: =IF('MK16-AGM'!D33="","",'MK16-AGM'!D33) -> 91.4 | AC25: =IF('MK16-AGM'!E33="","",'MK16-AGM'!E33) -> 98 | AD25: =IFERROR((AB25*($AB$9/100))+(AC25*($AC$9/100)),"") -> 94.7 | BJ25: =IF(V25="","",IFERROR(V25*($V$9/100),"")) -> 42.65 | BK25: =IF(BJ25="","",BJ25/$BJ$9) -> 0.853 | BL25: =IF(Y25="","",IFERROR(Y25*($BL$9/100),"")) -> 40.7 | BM25: =IF(BL25="","",BL25/$BL$9) -> 0.814 | BN25: =IF(Z25="","",IFERROR(Z25*($BN$9/100),"")) -> 40.7 | BO25: =IF(BN25="","",BN25/$BN$9) -> 0.814 | BP25: =IF(D25="","",IFERROR(D25*($D$9/100),"")) -> 47 | BQ25: =IF(BP25="","",BP25/$BP$9) -> 0.94 | BT25: =IF(E25="","",IFERROR(E25*($E$9/100),"")) -> 49.75 | BU25: =IF(BT25="","",BT25/$BT$9) -> 0.995 | CP25: =IF(P25="","",IFERROR(P25*($P$9/100),"")) -> 44 | CQ25: =IF(CP25="","",CP25/$CP$9) -> 0.88 | CR25: =IF(Q25="","",IFERROR(Q25*($Q$9/100),"")) -> 43.5 | CS25: =IF(CR25="","",CR25/$CR$9) -> 0.87 | DR25: =IF(M25="","",IFERROR(M25*($M$9/100),"")) -> 43 | DS25: =IF(DR25="","",DR25/$DR$9) -> 0.86 | DX25: =IF(N25="","",IFERROR(N25*($N$9/100),"")) -> 43 | DY25: =IF(DX25="","",DX25/$DX$9) -> 0.86 | EB25: =IF(G25="","",IFERROR(G25*($G$9/100),"")) -> 12.1808 | EC25: =IF(EB25="","",EB25/$EB$9) -> 0.7613 | ED25: =IF(H25="","",IFERROR(H25*($H$9/100),"")) -> 12.5808 | EE25: =IF(ED25="","",ED25/$ED$9) -> 0.7863 | EF25: =IF(I15="","",IFERROR(I25*($I$9/100),"")) -> 22.0792 | EG25: =IF(EF25="","",EF25/$EF$9) -> 0.8492 | EH25: =IF(J15="","",IFERROR(J25*($J$9/100),"")) -> 16.3296 | EI25: =IF(EH25="","",EH25/$EH$9) -> 0.7776 | EL25: =IF(K15="","",IFERROR(K25*($K$9/100),"")) -> 17.7807 | EM25: =IF(EF25="","",EF25/$EF$9) -> 0.8492 | EO25: =IF(EN25="","",EN25/$EN$9) | ER25: =IF(S25="","",IFERROR(S25*($S$9/100),"")) -> 39.2 | ES25: =IF(ER25="","",ER25/$ER$9) -> 0.784 | ET25: =IF(T25="","",IFERROR(T25*($T$9/100),"")) -> 35.45 | EU25: =IF(ET25="","",ET25/$ET$9) -> 0.709 | EX25: =IF(AB25="","",IFERROR(AB25*($AB$9/100),"")) -> 45.7 | EY25: =IF(EX25="","",EX25/$EX$9) -> 0.914 | EZ25: =IF(AC25="","",IFERROR(AC25*($AC$9/100),"")) -> 49 | FA25: =IF(EZ25="","",EZ25/$EZ$9) -> 0.98
A26: 16 | B26: 24.05.52.0018 | C26: VIMAS CHARIZA ANGGRAINY | D26: ='MK1-TM'!D34 -> 82 | E26: ='MK1-TM'!E34 -> 87 | F26: =IFERROR((D26*($D$9/100))+(E26*($E$9/100)),"") -> 84.5 | G26: ='MK2-TO'!D34 -> 78.63 | H26: ='MK2-TO'!E34 -> 81.13 | I26: ='MK2-TO'!F34 -> 84.92 | J26: ='MK2-TO'!G34 -> 81.57 | K26: ='MK2-TO'!H34 -> 84.67 | L26: =IFERROR((G26*($G$9/100))+(H26*($H$9/100))+(I26*($I$9/100))+(J26*($J$9/100)+(K26*($K$9/100))),"") -> 82.5512 | M26: ='MK3-PSTI'!D34 -> 86 | N26: ='MK3-PSTI'!E34 -> 86 | O26: =IFERROR((M26*($M$9/100))+(N26*($N$9/100)),"") -> 86 | P26: =IF('MK4-L&A'!D34="","",'MK4-L&A'!D34) -> 88 | Q26: =IF('MK4-L&A'!E34="","",'MK4-L&A'!E34) -> 87 | R26: =IFERROR((P26*($P$9/100))+(Q26*($Q$9/100)),"") -> 87.5 | S26: =IF('MK5-BP'!D34="","",'MK5-BP'!D34) -> 78.4 | T26: =IF('MK5-BP'!E34="","",'MK5-BP'!E34) -> 70.9 | U26: =IFERROR((S26*($S$9/100))+(T26*($T$9/100)),"") -> 74.65 | V26: =IF('MK7-MBD'!D34="","",'MK7-MBD'!D34) -> 82.6 | W26: =IF('MK7-MBD'!E34="","",'MK7-MBD'!E34) -> 91.5 | X26: =IFERROR((V26*($S$9/100))+(W26*($T$9/100)),"") -> 87.05 | Y26: =IF(MK8_BID!D34="","",MK8_BID!D34) -> 81.4 | Z26: =IF(MK8_BID!E34="","",MK8_BID!E34) -> 81.4 | AA26: =IFERROR((Y26*($S$9/100))+(Z26*($T$9/100)),"") -> 81.4 | AB26: =IF('MK16-AGM'!D34="","",'MK16-AGM'!D34) -> 91.4 | AC26: =IF('MK16-AGM'!E34="","",'MK16-AGM'!E34) -> 98 | AD26: =IFERROR((AB26*($AB$9/100))+(AC26*($AC$9/100)),"") -> 94.7 | BJ26: =IF(V26="","",IFERROR(V26*($V$9/100),"")) -> 41.3 | BK26: =IF(BJ26="","",BJ26/$BJ$9) -> 0.826 | BL26: =IF(Y26="","",IFERROR(Y26*($BL$9/100),"")) -> 40.7 | BM26: =IF(BL26="","",BL26/$BL$9) -> 0.814 | BN26: =IF(Z26="","",IFERROR(Z26*($BN$9/100),"")) -> 40.7 | BO26: =IF(BN26="","",BN26/$BN$9) -> 0.814 | BP26: =IF(D26="","",IFERROR(D26*($D$9/100),"")) -> 41 | BQ26: =IF(BP26="","",BP26/$BP$9) -> 0.82 | BT26: =IF(E26="","",IFERROR(E26*($E$9/100),"")) -> 43.5 | BU26: =IF(BT26="","",BT26/$BT$9) -> 0.87 | CP26: =IF(P26="","",IFERROR(P26*($P$9/100),"")) -> 44 | CQ26: =IF(CP26="","",CP26/$CP$9) -> 0.88 | CR26: =IF(Q26="","",IFERROR(Q26*($Q$9/100),"")) -> 43.5 | CS26: =IF(CR26="","",CR26/$CR$9) -> 0.87 | DR26: =IF(M26="","",IFERROR(M26*($M$9/100),"")) -> 43 | DS26: =IF(DR26="","",DR26/$DR$9) -> 0.86 | DX26: =IF(N26="","",IFERROR(N26*($N$9/100),"")) -> 43 | DY26: =IF(DX26="","",DX26/$DX$9) -> 0.86 | EB26: =IF(G26="","",IFERROR(G26*($G$9/100),"")) -> 12.5808 | EC26: =IF(EB26="","",EB26/$EB$9) -> 0.7863 | ED26: =IF(H26="","",IFERROR(H26*($H$9/100),"")) -> 12.9808 | EE26: =IF(ED26="","",ED26/$ED$9) -> 0.8113 | EF26: =IF(I16="","",IFERROR(I26*($I$9/100),"")) -> 22.0792 | EG26: =IF(EF26="","",EF26/$EF$9) -> 0.8492 | EH26: =IF(J16="","",IFERROR(J26*($J$9/100),"")) -> 17.1297 | EI26: =IF(EH26="","",EH26/$EH$9) -> 0.8157 | EL26: =IF(K16="","",IFERROR(K26*($K$9/100),"")) -> 17.7807 | EM26: =IF(EF26="","",EF26/$EF$9) -> 0.8492 | EO26: =IF(EN26="","",EN26/$EN$9) | ER26: =IF(S26="","",IFERROR(S26*($S$9/100),"")) -> 39.2 | ES26: =IF(ER26="","",ER26/$ER$9) -> 0.784 | ET26: =IF(T26="","",IFERROR(T26*($T$9/100),"")) -> 35.45 | EU26: =IF(ET26="","",ET26/$ET$9) -> 0.709 | EX26: =IF(AB26="","",IFERROR(AB26*($AB$9/100),"")) -> 45.7 | EY26: =IF(EX26="","",EX26/$EX$9) -> 0.914 | EZ26: =IF(AC26="","",IFERROR(AC26*($AC$9/100),"")) -> 49 | FA26: =IF(EZ26="","",EZ26/$EZ$9) -> 0.98
A27: 17 | B27: 24.05.52.0019 | C27: KADIZHA OKTI FAUSTA | D27: ='MK1-TM'!D35 -> 82 | E27: ='MK1-TM'!E35 -> 87 | F27: =IFERROR((D27*($D$9/100))+(E27*($E$9/100)),"") -> 84.5 | G27: ='MK2-TO'!D35 -> 78 | H27: ='MK2-TO'!E35 -> 81.75 | I27: ='MK2-TO'!F35 -> 84.15 | J27: ='MK2-TO'!G35 -> 81.05 | K27: ='MK2-TO'!H35 -> 83.95 | L27: =IFERROR((G27*($G$9/100))+(H27*($H$9/100))+(I27*($I$9/100))+(J27*($J$9/100)+(K27*($K$9/100))),"") -> 82.089 | M27: ='MK3-PSTI'!D35 -> 85.4 | N27: ='MK3-PSTI'!E35 -> 88.9 | O27: =IFERROR((M27*($M$9/100))+(N27*($N$9/100)),"") -> 87.15 | P27: =IF('MK4-L&A'!D35="","",'MK4-L&A'!D35) -> 88 | Q27: =IF('MK4-L&A'!E35="","",'MK4-L&A'!E35) -> 87 | R27: =IFERROR((P27*($P$9/100))+(Q27*($Q$9/100)),"") -> 87.5 | S27: =IF('MK5-BP'!D35="","",'MK5-BP'!D35) -> 78.4 | T27: =IF('MK5-BP'!E35="","",'MK5-BP'!E35) -> 70.9 | U27: =IFERROR((S27*($S$9/100))+(T27*($T$9/100)),"") -> 74.65 | V27: =IF('MK7-MBD'!D35="","",'MK7-MBD'!D35) -> 83.85 | W27: =IF('MK7-MBD'!E35="","",'MK7-MBD'!E35) -> 94 | X27: =IFERROR((V27*($S$9/100))+(W27*($T$9/100)),"") -> 88.925 | Y27: =IF(MK8_BID!D35="","",MK8_BID!D35) -> 81.4 | Z27: =IF(MK8_BID!E35="","",MK8_BID!E35) -> 81.4 | AA27: =IFERROR((Y27*($S$9/100))+(Z27*($T$9/100)),"") -> 81.4 | AB27: =IF('MK16-AGM'!D35="","",'MK16-AGM'!D35) -> 71.5 | AC27: =IF('MK16-AGM'!E35="","",'MK16-AGM'!E35) -> 80.9 | AD27: =IFERROR((AB27*($AB$9/100))+(AC27*($AC$9/100)),"") -> 76.2 | BJ27: =IF(V27="","",IFERROR(V27*($V$9/100),"")) -> 41.925 | BK27: =IF(BJ27="","",BJ27/$BJ$9) -> 0.8385 | BL27: =IF(Y27="","",IFERROR(Y27*($BL$9/100),"")) -> 40.7 | BM27: =IF(BL27="","",BL27/$BL$9) -> 0.814 | BN27: =IF(Z27="","",IFERROR(Z27*($BN$9/100),"")) -> 40.7 | BO27: =IF(BN27="","",BN27/$BN$9) -> 0.814 | BP27: =IF(D27="","",IFERROR(D27*($D$9/100),"")) -> 41 | BQ27: =IF(BP27="","",BP27/$BP$9) -> 0.82 | BT27: =IF(E27="","",IFERROR(E27*($E$9/100),"")) -> 43.5 | BU27: =IF(BT27="","",BT27/$BT$9) -> 0.87 | CP27: =IF(P27="","",IFERROR(P27*($P$9/100),"")) -> 44 | CQ27: =IF(CP27="","",CP27/$CP$9) -> 0.88 | CR27: =IF(Q27="","",IFERROR(Q27*($Q$9/100),"")) -> 43.5 | CS27: =IF(CR27="","",CR27/$CR$9) -> 0.87 | DR27: =IF(M27="","",IFERROR(M27*($M$9/100),"")) -> 42.7 | DS27: =IF(DR27="","",DR27/$DR$9) -> 0.854 | DX27: =IF(N27="","",IFERROR(N27*($N$9/100),"")) -> 44.45 | DY27: =IF(DX27="","",DX27/$DX$9) -> 0.889 | EB27: =IF(G27="","",IFERROR(G27*($G$9/100),"")) -> 12.48 | EC27: =IF(EB27="","",EB27/$EB$9) -> 0.78 | ED27: =IF(H27="","",IFERROR(H27*($H$9/100),"")) -> 13.08 | EE27: =IF(ED27="","",ED27/$ED$9) -> 0.8175 | EF27: =IF(I17="","",IFERROR(I27*($I$9/100),"")) -> 21.879 | EG27: =IF(EF27="","",EF27/$EF$9) -> 0.8415 | EH27: =IF(J17="","",IFERROR(J27*($J$9/100),"")) -> 17.0205 | EI27: =IF(EH27="","",EH27/$EH$9) -> 0.8105 | EL27: =IF(K17="","",IFERROR(K27*($K$9/100),"")) -> 17.6295 | EM27: =IF(EF27="","",EF27/$EF$9) -> 0.8415 | EO27: =IF(EN27="","",EN27/$EN$9) | ER27: =IF(S27="","",IFERROR(S27*($S$9/100),"")) -> 39.2 | ES27: =IF(ER27="","",ER27/$ER$9) -> 0.784 | ET27: =IF(T27="","",IFERROR(T27*($T$9/100),"")) -> 35.45 | EU27: =IF(ET27="","",ET27/$ET$9) -> 0.709 | EX27: =IF(AB27="","",IFERROR(AB27*($AB$9/100),"")) -> 35.75 | EY27: =IF(EX27="","",EX27/$EX$9) -> 0.715 | EZ27: =IF(AC27="","",IFERROR(AC27*($AC$9/100),"")) -> 40.45 | FA27: =IF(EZ27="","",EZ27/$EZ$9) -> 0.809
A28: 18 | B28: 24.05.52.0020 | C28: FIRMAN AKBAR SAMUDRA | D28: ='MK1-TM'!D36 -> 77.4 | E28: ='MK1-TM'!E36 -> 81.9 | F28: =IFERROR((D28*($D$9/100))+(E28*($E$9/100)),"") -> 79.65 | G28: ='MK2-TO'!D36 -> 76.75 | H28: ='MK2-TO'!E36 -> 79.25 | I28: ='MK2-TO'!F36 -> 84.15 | J28: ='MK2-TO'!G36 -> 78.48 | K28: ='MK2-TO'!H36 -> 83.95 | L28: =IFERROR((G28*($G$9/100))+(H28*($H$9/100))+(I28*($I$9/100))+(J28*($J$9/100)+(K28*($K$9/100))),"") -> 80.9493 | M28: ='MK3-PSTI'!D36 -> 85.4 | N28: ='MK3-PSTI'!E36 -> 88.9 | O28: =IFERROR((M28*($M$9/100))+(N28*($N$9/100)),"") -> 87.15 | P28: =IF('MK4-L&A'!D36="","",'MK4-L&A'!D36) -> 87.4 | Q28: =IF('MK4-L&A'!E36="","",'MK4-L&A'!E36) -> 86.4 | R28: =IFERROR((P28*($P$9/100))+(Q28*($Q$9/100)),"") -> 86.9 | S28: =IF('MK5-BP'!D36="","",'MK5-BP'!D36) -> 75.6 | T28: =IF('MK5-BP'!E36="","",'MK5-BP'!E36) -> 68.1 | U28: =IFERROR((S28*($S$9/100))+(T28*($T$9/100)),"") -> 71.85 | V28: =IF('MK7-MBD'!D36="","",'MK7-MBD'!D36) -> 82.05 | W28: =IF('MK7-MBD'!E36="","",'MK7-MBD'!E36) -> 91.7 | X28: =IFERROR((V28*($S$9/100))+(W28*($T$9/100)),"") -> 86.875 | Y28: =IF(MK8_BID!D36="","",MK8_BID!D36) -> 85.55 | Z28: =IF(MK8_BID!E36="","",MK8_BID!E36) -> 85.55 | AA28: =IFERROR((Y28*($S$9/100))+(Z28*($T$9/100)),"") -> 85.55 | AB28: =IF('MK16-AGM'!D36="","",'MK16-AGM'!D36) -> 81 | AC28: =IF('MK16-AGM'!E36="","",'MK16-AGM'!E36) -> 87.6 | AD28: =IFERROR((AB28*($AB$9/100))+(AC28*($AC$9/100)),"") -> 84.3 | BJ28: =IF(V28="","",IFERROR(V28*($V$9/100),"")) -> 41.025 | BK28: =IF(BJ28="","",BJ28/$BJ$9) -> 0.8205 | BL28: =IF(Y28="","",IFERROR(Y28*($BL$9/100),"")) -> 42.775 | BM28: =IF(BL28="","",BL28/$BL$9) -> 0.8555 | BN28: =IF(Z28="","",IFERROR(Z28*($BN$9/100),"")) -> 42.775 | BO28: =IF(BN28="","",BN28/$BN$9) -> 0.8555 | BP28: =IF(D28="","",IFERROR(D28*($D$9/100),"")) -> 38.7 | BQ28: =IF(BP28="","",BP28/$BP$9) -> 0.774 | BT28: =IF(E28="","",IFERROR(E28*($E$9/100),"")) -> 40.95 | BU28: =IF(BT28="","",BT28/$BT$9) -> 0.819 | CP28: =IF(P28="","",IFERROR(P28*($P$9/100),"")) -> 43.7 | CQ28: =IF(CP28="","",CP28/$CP$9) -> 0.874 | CR28: =IF(Q28="","",IFERROR(Q28*($Q$9/100),"")) -> 43.2 | CS28: =IF(CR28="","",CR28/$CR$9) -> 0.864 | DR28: =IF(M28="","",IFERROR(M28*($M$9/100),"")) -> 42.7 | DS28: =IF(DR28="","",DR28/$DR$9) -> 0.854 | DX28: =IF(N28="","",IFERROR(N28*($N$9/100),"")) -> 44.45 | DY28: =IF(DX28="","",DX28/$DX$9) -> 0.889 | EB28: =IF(G28="","",IFERROR(G28*($G$9/100),"")) -> 12.28 | EC28: =IF(EB28="","",EB28/$EB$9) -> 0.7675 | ED28: =IF(H28="","",IFERROR(H28*($H$9/100),"")) -> 12.68 | EE28: =IF(ED28="","",ED28/$ED$9) -> 0.7925 | EF28: =IF(I18="","",IFERROR(I28*($I$9/100),"")) -> 21.879 | EG28: =IF(EF28="","",EF28/$EF$9) -> 0.8415 | EH28: =IF(J18="","",IFERROR(J28*($J$9/100),"")) -> 16.4808 | EI28: =IF(EH28="","",EH28/$EH$9) -> 0.7848 | EL28: =IF(K18="","",IFERROR(K28*($K$9/100),"")) -> 17.6295 | EM28: =IF(EF28="","",EF28/$EF$9) -> 0.8415 | EO28: =IF(EN28="","",EN28/$EN$9) | ER28: =IF(S28="","",IFERROR(S28*($S$9/100),"")) -> 37.8 | ES28: =IF(ER28="","",ER28/$ER$9) -> 0.756 | ET28: =IF(T28="","",IFERROR(T28*($T$9/100),"")) -> 34.05 | EU28: =IF(ET28="","",ET28/$ET$9) -> 0.681 | EX28: =IF(AB28="","",IFERROR(AB28*($AB$9/100),"")) -> 40.5 | EY28: =IF(EX28="","",EX28/$EX$9) -> 0.81 | EZ28: =IF(AC28="","",IFERROR(AC28*($AC$9/100),"")) -> 43.8 | FA28: =IF(EZ28="","",EZ28/$EZ$9) -> 0.876
A29: 19 | B29: 24.05.52.0021 | C29: JESSICA OKTAVIANA BASTAMAN | D29: ='MK1-TM'!D37 -> 77.5 | E29: ='MK1-TM'!E37 -> 82 | F29: =IFERROR((D29*($D$9/100))+(E29*($E$9/100)),"") -> 79.75 | G29: ='MK2-TO'!D37 -> 78 | H29: ='MK2-TO'!E37 -> 80.5 | I29: ='MK2-TO'!F37 -> 84.92 | J29: ='MK2-TO'!G37 -> 80.86 | K29: ='MK2-TO'!H37 -> 84.67 | L29: =IFERROR((G29*($G$9/100))+(H29*($H$9/100))+(I29*($I$9/100))+(J29*($J$9/100)+(K29*($K$9/100))),"") -> 82.2005 | M29: ='MK3-PSTI'!D37 -> 85.4 | N29: ='MK3-PSTI'!E37 -> 88.9 | O29: =IFERROR((M29*($M$9/100))+(N29*($N$9/100)),"") -> 87.15 | P29: =IF('MK4-L&A'!D37="","",'MK4-L&A'!D37) -> 88 | Q29: =IF('MK4-L&A'!E37="","",'MK4-L&A'!E37) -> 87 | R29: =IFERROR((P29*($P$9/100))+(Q29*($Q$9/100)),"") -> 87.5 | S29: =IF('MK5-BP'!D37="","",'MK5-BP'!D37) -> 78.4 | T29: =IF('MK5-BP'!E37="","",'MK5-BP'!E37) -> 70.9 | U29: =IFERROR((S29*($S$9/100))+(T29*($T$9/100)),"") -> 74.65 | V29: =IF('MK7-MBD'!D37="","",'MK7-MBD'!D37) -> 85 | W29: =IF('MK7-MBD'!E37="","",'MK7-MBD'!E37) -> 85 | X29: =IFERROR((V29*($S$9/100))+(W29*($T$9/100)),"") -> 85 | Y29: =IF(MK8_BID!D37="","",MK8_BID!D37) -> 86.95 | Z29: =IF(MK8_BID!E37="","",MK8_BID!E37) -> 86.95 | AA29: =IFERROR((Y29*($S$9/100))+(Z29*($T$9/100)),"") -> 86.95 | AB29: =IF('MK16-AGM'!D37="","",'MK16-AGM'!D37) -> 85.8 | AC29: =IF('MK16-AGM'!E37="","",'MK16-AGM'!E37) -> 88.9 | AD29: =IFERROR((AB29*($AB$9/100))+(AC29*($AC$9/100)),"") -> 87.35 | BJ29: =IF(V29="","",IFERROR(V29*($V$9/100),"")) -> 42.5 | BK29: =IF(BJ29="","",BJ29/$BJ$9) -> 0.85 | BL29: =IF(Y29="","",IFERROR(Y29*($BL$9/100),"")) -> 43.475 | BM29: =IF(BL29="","",BL29/$BL$9) -> 0.8695 | BN29: =IF(Z29="","",IFERROR(Z29*($BN$9/100),"")) -> 43.475 | BO29: =IF(BN29="","",BN29/$BN$9) -> 0.8695 | BP29: =IF(D29="","",IFERROR(D29*($D$9/100),"")) -> 38.75 | BQ29: =IF(BP29="","",BP29/$BP$9) -> 0.775 | BT29: =IF(E29="","",IFERROR(E29*($E$9/100),"")) -> 41 | BU29: =IF(BT29="","",BT29/$BT$9) -> 0.82 | CP29: =IF(P29="","",IFERROR(P29*($P$9/100),"")) -> 44 | CQ29: =IF(CP29="","",CP29/$CP$9) -> 0.88 | CR29: =IF(Q29="","",IFERROR(Q29*($Q$9/100),"")) -> 43.5 | CS29: =IF(CR29="","",CR29/$CR$9) -> 0.87 | DR29: =IF(M29="","",IFERROR(M29*($M$9/100),"")) -> 42.7 | DS29: =IF(DR29="","",DR29/$DR$9) -> 0.854 | DX29: =IF(N29="","",IFERROR(N29*($N$9/100),"")) -> 44.45 | DY29: =IF(DX29="","",DX29/$DX$9) -> 0.889 | EB29: =IF(G29="","",IFERROR(G29*($G$9/100),"")) -> 12.48 | EC29: =IF(EB29="","",EB29/$EB$9) -> 0.78 | ED29: =IF(H29="","",IFERROR(H29*($H$9/100),"")) -> 12.88 | EE29: =IF(ED29="","",ED29/$ED$9) -> 0.805 | EF29: =IF(I19="","",IFERROR(I29*($I$9/100),"")) -> 22.0792 | EG29: =IF(EF29="","",EF29/$EF$9) -> 0.8492 | EH29: =IF(J19="","",IFERROR(J29*($J$9/100),"")) -> 16.9806 | EI29: =IF(EH29="","",EH29/$EH$9) -> 0.8086 | EL29: =IF(K19="","",IFERROR(K29*($K$9/100),"")) -> 17.7807 | EM29: =IF(EF29="","",EF29/$EF$9) -> 0.8492 | EO29: =IF(EN29="","",EN29/$EN$9) | ER29: =IF(S29="","",IFERROR(S29*($S$9/100),"")) -> 39.2 | ES29: =IF(ER29="","",ER29/$ER$9) -> 0.784 | ET29: =IF(T29="","",IFERROR(T29*($T$9/100),"")) -> 35.45 | EU29: =IF(ET29="","",ET29/$ET$9) -> 0.709 | EX29: =IF(AB29="","",IFERROR(AB29*($AB$9/100),"")) -> 42.9 | EY29: =IF(EX29="","",EX29/$EX$9) -> 0.858 | EZ29: =IF(AC29="","",IFERROR(AC29*($AC$9/100),"")) -> 44.45 | FA29: =IF(EZ29="","",EZ29/$EZ$9) -> 0.889
A30: 20 | B30: 24.05.52.0022 | C30: AHMAD NABIL FEBRI SAPUTRA | D30: ='MK1-TM'!D38 -> 81 | E30: ='MK1-TM'!E38 -> 78 | F30: =IFERROR((D30*($D$9/100))+(E30*($E$9/100)),"") -> 79.5 | G30: ='MK2-TO'!D38 -> 76.13 | H30: ='MK2-TO'!E38 -> 78.63 | I30: ='MK2-TO'!F38 -> 86.46 | J30: ='MK2-TO'!G38 -> 78.9 | K30: ='MK2-TO'!H38 -> 86.1 | L30: =IFERROR((G30*($G$9/100))+(H30*($H$9/100))+(I30*($I$9/100))+(J30*($J$9/100)+(K30*($K$9/100))),"") -> 81.8912 | M30: ='MK3-PSTI'!D38 -> 85.4 | N30: ='MK3-PSTI'!E38 -> 88.2 | O30: =IFERROR((M30*($M$9/100))+(N30*($N$9/100)),"") -> 86.8 | P30: =IF('MK4-L&A'!D38="","",'MK4-L&A'!D38) -> 88 | Q30: =IF('MK4-L&A'!E38="","",'MK4-L&A'!E38) -> 87 | R30: =IFERROR((P30*($P$9/100))+(Q30*($Q$9/100)),"") -> 87.5 | S30: =IF('MK5-BP'!D38="","",'MK5-BP'!D38) -> 75.6 | T30: =IF('MK5-BP'!E38="","",'MK5-BP'!E38) -> 68.1 | U30: =IFERROR((S30*($S$9/100))+(T30*($T$9/100)),"") -> 71.85 | V30: =IF('MK7-MBD'!D38="","",'MK7-MBD'!D38) -> 80.95 | W30: =IF('MK7-MBD'!E38="","",'MK7-MBD'!E38) -> 90.8 | X30: =IFERROR((V30*($S$9/100))+(W30*($T$9/100)),"") -> 85.875 | Y30: =IF(MK8_BID!D38="","",MK8_BID!D38) -> 81.4 | Z30: =IF(MK8_BID!E38="","",MK8_BID!E38) -> 81.4 | AA30: =IFERROR((Y30*($S$9/100))+(Z30*($T$9/100)),"") -> 81.4 | AB30: =IF('MK16-AGM'!D38="","",'MK16-AGM'!D38) -> 92.2 | AC30: =IF('MK16-AGM'!E38="","",'MK16-AGM'!E38) -> 91.1 | AD30: =IFERROR((AB30*($AB$9/100))+(AC30*($AC$9/100)),"") -> 91.65 | BJ30: =IF(V30="","",IFERROR(V30*($V$9/100),"")) -> 40.475 | BK30: =IF(BJ30="","",BJ30/$BJ$9) -> 0.8095 | BL30: =IF(Y30="","",IFERROR(Y30*($BL$9/100),"")) -> 40.7 | BM30: =IF(BL30="","",BL30/$BL$9) -> 0.814 | BN30: =IF(Z30="","",IFERROR(Z30*($BN$9/100),"")) -> 40.7 | BO30: =IF(BN30="","",BN30/$BN$9) -> 0.814 | BP30: =IF(D30="","",IFERROR(D30*($D$9/100),"")) -> 40.5 | BQ30: =IF(BP30="","",BP30/$BP$9) -> 0.81 | BT30: =IF(E30="","",IFERROR(E30*($E$9/100),"")) -> 39 | BU30: =IF(BT30="","",BT30/$BT$9) -> 0.78 | CP30: =IF(P30="","",IFERROR(P30*($P$9/100),"")) -> 44 | CQ30: =IF(CP30="","",CP30/$CP$9) -> 0.88 | CR30: =IF(Q30="","",IFERROR(Q30*($Q$9/100),"")) -> 43.5 | CS30: =IF(CR30="","",CR30/$CR$9) -> 0.87 | DR30: =IF(M30="","",IFERROR(M30*($M$9/100),"")) -> 42.7 | DS30: =IF(DR30="","",DR30/$DR$9) -> 0.854 | DX30: =IF(N30="","",IFERROR(N30*($N$9/100),"")) -> 44.1 | DY30: =IF(DX30="","",DX30/$DX$9) -> 0.882 | EB30: =IF(G30="","",IFERROR(G30*($G$9/100),"")) -> 12.1808 | EC30: =IF(EB30="","",EB30/$EB$9) -> 0.7613 | ED30: =IF(H30="","",IFERROR(H30*($H$9/100),"")) -> 12.5808 | EE30: =IF(ED30="","",ED30/$ED$9) -> 0.7863 | EF30: =IF(I20="","",IFERROR(I30*($I$9/100),"")) -> 22.4796 | EG30: =IF(EF30="","",EF30/$EF$9) -> 0.8646 | EH30: =IF(J20="","",IFERROR(J30*($J$9/100),"")) -> 16.569 | EI30: =IF(EH30="","",EH30/$EH$9) -> 0.789 | EL30: =IF(K20="","",IFERROR(K30*($K$9/100),"")) -> 18.081 | EM30: =IF(EF30="","",EF30/$EF$9) -> 0.8646 | EO30: =IF(EN30="","",EN30/$EN$9) | ER30: =IF(S30="","",IFERROR(S30*($S$9/100),"")) -> 37.8 | ES30: =IF(ER30="","",ER30/$ER$9) -> 0.756 | ET30: =IF(T30="","",IFERROR(T30*($T$9/100),"")) -> 34.05 | EU30: =IF(ET30="","",ET30/$ET$9) -> 0.681 | EX30: =IF(AB30="","",IFERROR(AB30*($AB$9/100),"")) -> 46.1 | EY30: =IF(EX30="","",EX30/$EX$9) -> 0.922 | EZ30: =IF(AC30="","",IFERROR(AC30*($AC$9/100),"")) -> 45.55 | FA30: =IF(EZ30="","",EZ30/$EZ$9) -> 0.911
A31: 21 | B31: 24.05.52.0023 | C31: NABILA SASKIA PUTRI | D31: ='MK1-TM'!D39 -> 76.9 | E31: ='MK1-TM'!E39 -> 81.4 | F31: =IFERROR((D31*($D$9/100))+(E31*($E$9/100)),"") -> 79.15 | G31: ='MK2-TO'!D39 -> 79.25 | H31: ='MK2-TO'!E39 -> 80.5 | I31: ='MK2-TO'!F39 -> 82.62 | J31: ='MK2-TO'!G39 -> 79.9 | K31: ='MK2-TO'!H39 -> 82.29 | L31: =IFERROR((G31*($G$9/100))+(H31*($H$9/100))+(I31*($I$9/100))+(J31*($J$9/100)+(K31*($K$9/100))),"") -> 81.1011 | M31: ='MK3-PSTI'!D39 -> 75.8 | N31: ='MK3-PSTI'!E39 -> 81.3 | O31: =IFERROR((M31*($M$9/100))+(N31*($N$9/100)),"") -> 78.55 | P31: =IF('MK4-L&A'!D39="","",'MK4-L&A'!D39) -> 88 | Q31: =IF('MK4-L&A'!E39="","",'MK4-L&A'!E39) -> 87 | R31: =IFERROR((P31*($P$9/100))+(Q31*($Q$9/100)),"") -> 87.5 | S31: =IF('MK5-BP'!D39="","",'MK5-BP'!D39) -> 75.6 | T31: =IF('MK5-BP'!E39="","",'MK5-BP'!E39) -> 68.1 | U31: =IFERROR((S31*($S$9/100))+(T31*($T$9/100)),"") -> 71.85 | V31: =IF('MK7-MBD'!D39="","",'MK7-MBD'!D39) -> 84.15 | W31: =IF('MK7-MBD'!E39="","",'MK7-MBD'!E39) -> 92.4 | X31: =IFERROR((V31*($S$9/100))+(W31*($T$9/100)),"") -> 88.275 | Y31: =IF(MK8_BID!D39="","",MK8_BID!D39) -> 81.4 | Z31: =IF(MK8_BID!E39="","",MK8_BID!E39) -> 81.4 | AA31: =IFERROR((Y31*($S$9/100))+(Z31*($T$9/100)),"") -> 81.4 | AB31: =IF('MK16-AGM'!D39="","",'MK16-AGM'!D39) -> 70.5 | AC31: =IF('MK16-AGM'!E39="","",'MK16-AGM'!E39) -> 82 | AD31: =IFERROR((AB31*($AB$9/100))+(AC31*($AC$9/100)),"") -> 76.25 | BJ31: =IF(V31="","",IFERROR(V31*($V$9/100),"")) -> 42.075 | BK31: =IF(BJ31="","",BJ31/$BJ$9) -> 0.8415 | BL31: =IF(Y31="","",IFERROR(Y31*($BL$9/100),"")) -> 40.7 | BM31: =IF(BL31="","",BL31/$BL$9) -> 0.814 | BN31: =IF(Z31="","",IFERROR(Z31*($BN$9/100),"")) -> 40.7 | BO31: =IF(BN31="","",BN31/$BN$9) -> 0.814 | BP31: =IF(D31="","",IFERROR(D31*($D$9/100),"")) -> 38.45 | BQ31: =IF(BP31="","",BP31/$BP$9) -> 0.769 | BT31: =IF(E31="","",IFERROR(E31*($E$9/100),"")) -> 40.7 | BU31: =IF(BT31="","",BT31/$BT$9) -> 0.814 | CP31: =IF(P31="","",IFERROR(P31*($P$9/100),"")) -> 44 | CQ31: =IF(CP31="","",CP31/$CP$9) -> 0.88 | CR31: =IF(Q31="","",IFERROR(Q31*($Q$9/100),"")) -> 43.5 | CS31: =IF(CR31="","",CR31/$CR$9) -> 0.87 | DR31: =IF(M31="","",IFERROR(M31*($M$9/100),"")) -> 37.9 | DS31: =IF(DR31="","",DR31/$DR$9) -> 0.758 | DX31: =IF(N31="","",IFERROR(N31*($N$9/100),"")) -> 40.65 | DY31: =IF(DX31="","",DX31/$DX$9) -> 0.813 | EB31: =IF(G31="","",IFERROR(G31*($G$9/100),"")) -> 12.68 | EC31: =IF(EB31="","",EB31/$EB$9) -> 0.7925 | ED31: =IF(H31="","",IFERROR(H31*($H$9/100),"")) -> 12.88 | EE31: =IF(ED31="","",ED31/$ED$9) -> 0.805 | EF31: =IF(I21="","",IFERROR(I31*($I$9/100),"")) -> 21.4812 | EG31: =IF(EF31="","",EF31/$EF$9) -> 0.8262 | EH31: =IF(J21="","",IFERROR(J31*($J$9/100),"")) -> 16.779 | EI31: =IF(EH31="","",EH31/$EH$9) -> 0.799 | EL31: =IF(K21="","",IFERROR(K31*($K$9/100),"")) -> 17.2809 | EM31: =IF(EF31="","",EF31/$EF$9) -> 0.8262 | EO31: =IF(EN31="","",EN31/$EN$9) | ER31: =IF(S31="","",IFERROR(S31*($S$9/100),"")) -> 37.8 | ES31: =IF(ER31="","",ER31/$ER$9) -> 0.756 | ET31: =IF(T31="","",IFERROR(T31*($T$9/100),"")) -> 34.05 | EU31: =IF(ET31="","",ET31/$ET$9) -> 0.681 | EX31: =IF(AB31="","",IFERROR(AB31*($AB$9/100),"")) -> 35.25 | EY31: =IF(EX31="","",EX31/$EX$9) -> 0.705 | EZ31: =IF(AC31="","",IFERROR(AC31*($AC$9/100),"")) -> 41 | FA31: =IF(EZ31="","",EZ31/$EZ$9) -> 0.82
A32: 22 | B32: 24.05.52.0024 | C32: SAFRILLA LAURINTA | D32: ='MK1-TM'!D40 -> 82 | E32: ='MK1-TM'!E40 -> 83.5 | F32: =IFERROR((D32*($D$9/100))+(E32*($E$9/100)),"") -> 82.75 | G32: ='MK2-TO'!D40 -> 76.13 | H32: ='MK2-TO'!E40 -> 78.63 | I32: ='MK2-TO'!F40 -> 84.15 | J32: ='MK2-TO'!G40 -> 77.76 | K32: ='MK2-TO'!H40 -> 83.95 | L32: =IFERROR((G32*($G$9/100))+(H32*($H$9/100))+(I32*($I$9/100))+(J32*($J$9/100)+(K32*($K$9/100))),"") -> 80.5997 | M32: ='MK3-PSTI'!D40 -> 86 | N32: ='MK3-PSTI'!E40 -> 86 | O32: =IFERROR((M32*($M$9/100))+(N32*($N$9/100)),"") -> 86 | P32: =IF('MK4-L&A'!D40="","",'MK4-L&A'!D40) -> 88 | Q32: =IF('MK4-L&A'!E40="","",'MK4-L&A'!E40) -> 87 | R32: =IFERROR((P32*($P$9/100))+(Q32*($Q$9/100)),"") -> 87.5 | S32: =IF('MK5-BP'!D40="","",'MK5-BP'!D40) -> 75.6 | T32: =IF('MK5-BP'!E40="","",'MK5-BP'!E40) -> 68.1 | U32: =IFERROR((S32*($S$9/100))+(T32*($T$9/100)),"") -> 71.85 | V32: =IF('MK7-MBD'!D40="","",'MK7-MBD'!D40) -> 85.6 | W32: =IF('MK7-MBD'!E40="","",'MK7-MBD'!E40) -> 94.7 | X32: =IFERROR((V32*($S$9/100))+(W32*($T$9/100)),"") -> 90.15 | Y32: =IF(MK8_BID!D40="","",MK8_BID!D40) -> 83 | Z32: =IF(MK8_BID!E40="","",MK8_BID!E40) -> 83 | AA32: =IFERROR((Y32*($S$9/100))+(Z32*($T$9/100)),"") -> 83 | AB32: =IF('MK16-AGM'!D40="","",'MK16-AGM'!D40) -> 85.8 | AC32: =IF('MK16-AGM'!E40="","",'MK16-AGM'!E40) -> 95.4 | AD32: =IFERROR((AB32*($AB$9/100))+(AC32*($AC$9/100)),"") -> 90.6 | BJ32: =IF(V32="","",IFERROR(V32*($V$9/100),"")) -> 42.8 | BK32: =IF(BJ32="","",BJ32/$BJ$9) -> 0.856 | BL32: =IF(Y32="","",IFERROR(Y32*($BL$9/100),"")) -> 41.5 | BM32: =IF(BL32="","",BL32/$BL$9) -> 0.83 | BN32: =IF(Z32="","",IFERROR(Z32*($BN$9/100),"")) -> 41.5 | BO32: =IF(BN32="","",BN32/$BN$9) -> 0.83 | BP32: =IF(D32="","",IFERROR(D32*($D$9/100),"")) -> 41 | BQ32: =IF(BP32="","",BP32/$BP$9) -> 0.82 | BT32: =IF(E32="","",IFERROR(E32*($E$9/100),"")) -> 41.75 | BU32: =IF(BT32="","",BT32/$BT$9) -> 0.835 | CP32: =IF(P32="","",IFERROR(P32*($P$9/100),"")) -> 44 | CQ32: =IF(CP32="","",CP32/$CP$9) -> 0.88 | CR32: =IF(Q32="","",IFERROR(Q32*($Q$9/100),"")) -> 43.5 | CS32: =IF(CR32="","",CR32/$CR$9) -> 0.87 | DR32: =IF(M32="","",IFERROR(M32*($M$9/100),"")) -> 43 | DS32: =IF(DR32="","",DR32/$DR$9) -> 0.86 | DX32: =IF(N32="","",IFERROR(N32*($N$9/100),"")) -> 43 | DY32: =IF(DX32="","",DX32/$DX$9) -> 0.86 | EB32: =IF(G32="","",IFERROR(G32*($G$9/100),"")) -> 12.1808 | EC32: =IF(EB32="","",EB32/$EB$9) -> 0.7613 | ED32: =IF(H32="","",IFERROR(H32*($H$9/100),"")) -> 12.5808 | EE32: =IF(ED32="","",ED32/$ED$9) -> 0.7863 | EF32: =IF(I22="","",IFERROR(I32*($I$9/100),"")) -> 21.879 | EG32: =IF(EF32="","",EF32/$EF$9) -> 0.8415 | EH32: =IF(J22="","",IFERROR(J32*($J$9/100),"")) -> 16.3296 | EI32: =IF(EH32="","",EH32/$EH$9) -> 0.7776 | EL32: =IF(K22="","",IFERROR(K32*($K$9/100),"")) -> 17.6295 | EM32: =IF(EF32="","",EF32/$EF$9) -> 0.8415 | EO32: =IF(EN32="","",EN32/$EN$9) | ER32: =IF(S32="","",IFERROR(S32*($S$9/100),"")) -> 37.8 | ES32: =IF(ER32="","",ER32/$ER$9) -> 0.756 | ET32: =IF(T32="","",IFERROR(T32*($T$9/100),"")) -> 34.05 | EU32: =IF(ET32="","",ET32/$ET$9) -> 0.681 | EX32: =IF(AB32="","",IFERROR(AB32*($AB$9/100),"")) -> 42.9 | EY32: =IF(EX32="","",EX32/$EX$9) -> 0.858 | EZ32: =IF(AC32="","",IFERROR(AC32*($AC$9/100),"")) -> 47.7 | FA32: =IF(EZ32="","",EZ32/$EZ$9) -> 0.954
... A34: 24 | B34: 24.05.52.3001 | C34: ROFIQ MUHANDANU FAISAL K | D34: ='MK1-TM'!D42 -> 85.5 | E34: ='MK1-TM'!E42 -> 85.5 | F34: =IFERROR((D34*($D$9/100))+(E34*($E$9/100)),"") -> 85.5 | G34: ='MK2-TO'!D42 -> 69.25 | H34: ='MK2-TO'!E42 -> 68.75 | I34: ='MK2-TO'!F42 -> 71.85 | J34: ='MK2-TO'!G42 -> 63.24 | K34: ='MK2-TO'!H42 -> 72.29 | L34: =IFERROR((G34*($G$9/100))+(H34*($H$9/100))+(I34*($I$9/100))+(J34*($J$9/100)+(K34*($K$9/100))),"") -> 69.2223 | M34: ='MK3-PSTI'!D42 -> 75.5 | N34: ='MK3-PSTI'!E42 -> 51 | O34: =IFERROR((M34*($M$9/100))+(N34*($N$9/100)),"") -> 63.25 | P34: =IF('MK4-L&A'!D42="","",'MK4-L&A'!D42) -> 78.5 | Q34: =IF('MK4-L&A'!E42="","",'MK4-L&A'!E42) -> 94.5 | R34: =IFERROR((P34*($P$9/100))+(Q34*($Q$9/100)),"") -> 86.5 | S34: =IF('MK5-BP'!D42="","",'MK5-BP'!D42) -> 91 | T34: =IF('MK5-BP'!E42="","",'MK5-BP'!E42) -> 91 | U34: =IFERROR((S34*($S$9/100))+(T34*($T$9/100)),"") -> 91 | V34: =IF('MK7-MBD'!D42="","",'MK7-MBD'!D42) -> 91.15 | W34: =IF('MK7-MBD'!E42="","",'MK7-MBD'!E42) -> 91.15 | X34: =IFERROR((V34*($S$9/100))+(W34*($T$9/100)),"") -> 91.15 | Y34: =IF(MK8_BID!D42="","",MK8_BID!D42) -> 80.9 | Z34: =IF(MK8_BID!E42="","",MK8_BID!E42) -> 80.9 | AA34: =IFERROR((Y34*($S$9/100))+(Z34*($T$9/100)),"") -> 80.9 | AB34: =IF('MK16-AGM'!D42="","",'MK16-AGM'!D42) -> 77 | AC34: =IF('MK16-AGM'!E42="","",'MK16-AGM'!E42) -> 91 | AD34: =IFERROR((AB34*($AB$9/100))+(AC34*($AC$9/100)),"") -> 84 | BJ34: =IF(V34="","",IFERROR(V34*($V$9/100),"")) -> 45.575 | BK34: =IF(BJ34="","",BJ34/$BJ$9) -> 0.9115 | BL34: =IF(Y34="","",IFERROR(Y34*($BL$9/100),"")) -> 40.45 | BM34: =IF(BL34="","",BL34/$BL$9) -> 0.809 | BN34: =IF(Z34="","",IFERROR(Z34*($BN$9/100),"")) -> 40.45 | BO34: =IF(BN34="","",BN34/$BN$9) -> 0.809 | BP34: =IF(D34="","",IFERROR(D34*($D$9/100),"")) -> 42.75 | BQ34: =IF(BP34="","",BP34/$BP$9) -> 0.855 | BT34: =IF(E34="","",IFERROR(E34*($E$9/100),"")) -> 42.75 | BU34: =IF(BT34="","",BT34/$BT$9) -> 0.855 | CP34: =IF(P34="","",IFERROR(P34*($P$9/100),"")) -> 39.25 | CQ34: =IF(CP34="","",CP34/$CP$9) -> 0.785 | CR34: =IF(Q34="","",IFERROR(Q34*($Q$9/100),"")) -> 47.25 | CS34: =IF(CR34="","",CR34/$CR$9) -> 0.945 | DR34: =IF(M34="","",IFERROR(M34*($M$9/100),"")) -> 37.75 | DS34: =IF(DR34="","",DR34/$DR$9) -> 0.755 | DX34: =IF(N34="","",IFERROR(N34*($N$9/100),"")) -> 25.5 | DY34: =IF(DX34="","",DX34/$DX$9) -> 0.51 | EB34: =IF(G34="","",IFERROR(G34*($G$9/100),"")) -> 11.08 | EC34: =IF(EB34="","",EB34/$EB$9) -> 0.6925 | ED34: =IF(H34="","",IFERROR(H34*($H$9/100),"")) -> 11 | EE34: =IF(ED34="","",ED34/$ED$9) -> 0.6875 | EF34: =IF(I24="","",IFERROR(I34*($I$9/100),"")) -> 18.681 | EG34: =IF(EF34="","",EF34/$EF$9) -> 0.7185 | EH34: =IF(J24="","",IFERROR(J34*($J$9/100),"")) -> 13.2804 | EI34: =IF(EH34="","",EH34/$EH$9) -> 0.6324 | EL34: =IF(K24="","",IFERROR(K34*($K$9/100),"")) -> 15.1809 | EM34: =IF(EF34="","",EF34/$EF$9) -> 0.7185 | EO34: =IF(EN34="","",EN34/$EN$9) | ER34: =IF(S34="","",IFERROR(S34*($S$9/100),"")) -> 45.5 | ES34: =IF(ER34="","",ER34/$ER$9) -> 0.91 | ET34: =IF(T34="","",IFERROR(T34*($T$9/100),"")) -> 45.5 | EU34: =IF(ET34="","",ET34/$ET$9) -> 0.91 | EX34: =IF(AB34="","",IFERROR(AB34*($AB$9/100),"")) -> 38.5 | EY34: =IF(EX34="","",EX34/$EX$9) -> 0.77 | EZ34: =IF(AC34="","",IFERROR(AC34*($AC$9/100),"")) -> 45.5 | FA34: =IF(EZ34="","",EZ34/$EZ$9) -> 0.91
A35: 25 | B35: 24.05.52.3002 | C35: AJENG SUKMA ANDRIYANI | D35: ='MK1-TM'!D43 -> 83.75 | E35: ='MK1-TM'!E43 -> 83.75 | F35: =IFERROR((D35*($D$9/100))+(E35*($E$9/100)),"") -> 83.75 | G35: ='MK2-TO'!D43 -> 82.5 | H35: ='MK2-TO'!E43 -> 84.5 | I35: ='MK2-TO'!F43 -> 85.38 | J35: ='MK2-TO'!G43 -> 81.9 | K35: ='MK2-TO'!H43 -> 85.48 | L35: =IFERROR((G35*($G$9/100))+(H35*($H$9/100))+(I35*($I$9/100))+(J35*($J$9/100)+(K35*($K$9/100))),"") -> 84.0686 | M35: ='MK3-PSTI'!D43 -> 75.5 | N35: ='MK3-PSTI'!E43 -> 51 | O35: =IFERROR((M35*($M$9/100))+(N35*($N$9/100)),"") -> 63.25 | P35: =IF('MK4-L&A'!D43="","",'MK4-L&A'!D43) -> 84.5 | Q35: =IF('MK4-L&A'!E43="","",'MK4-L&A'!E43) -> 91 | R35: =IFERROR((P35*($P$9/100))+(Q35*($Q$9/100)),"") -> 87.75 | S35: =IF('MK5-BP'!D43="","",'MK5-BP'!D43) -> 95.5 | T35: =IF('MK5-BP'!E41="","",'MK5-BP'!E41) -> 68.1 | U35: =IFERROR((S35*($S$9/100))+(T35*($T$9/100)),"") -> 81.8 | V35: =IF('MK7-MBD'!D43="","",'MK7-MBD'!D43) -> 88 | W35: =IF('MK7-MBD'!E43="","",'MK7-MBD'!E43) -> 88 | X35: =IFERROR((V35*($S$9/100))+(W35*($T$9/100)),"") -> 88 | Y35: =IF(MK8_BID!D43="","",MK8_BID!D43) -> 88.65 | Z35: =IF(MK8_BID!E43="","",MK8_BID!E43) -> 88.65 | AA35: =IFERROR((Y35*($S$9/100))+(Z35*($T$9/100)),"") -> 88.65 | AB35: =IF('MK16-AGM'!D43="","",'MK16-AGM'!D43) -> 91 | AC35: =IF('MK16-AGM'!E43="","",'MK16-AGM'!E43) -> 91 | AD35: =IFERROR((AB35*($AB$9/100))+(AC35*($AC$9/100)),"") -> 91 | AF35: =IFERROR((D35*($D$9/100)+G35*($G$9/100)+M35*($M$9/100)+V35*($V$9/100)),"") -> 136.825 | AG35: =IFERROR(AF35/$AF$8*100,"") -> 63.639535 | AH35: =IFERROR((#REF!*(#REF!/100)),"") | AI35: =IFERROR(AH35/$AH$8*100,"") | AJ35: =IFERROR((P35*($P$9/100)+S35*($S$9/100)),"") -> 90 | AK35: =IFERROR(AJ35/$AJ$8*100,"") -> 90 | AL35: =IFERROR((#REF!*(#REF!/100)),"") | AM35: =IFERROR(AL35/$AL$8*100,"") | AV35: =IFERROR((Q35*($Q$9/100)+T35*($T$9/100)),"") -> 79.55 | AW35: =IFERROR(AV35/$AV$8*100,"") -> 79.55 | AX35: =IFERROR((Y35*($Y$9/100)+AB35*($AB$9/100)+#REF!*(#REF!/100)),"") | AY35: =IFERROR(AX35/$AX$8*100,"") | BB35: =IFERROR((#REF!*(#REF!/100)+#REF!*(#REF!/100)+#REF!*(#REF!/100)),"") | BC35: =IFERROR(BB35/$BB$8*100,"") | BD35: =IFERROR((E35*($E$9/100)+K35*($K$9/100)+N35*($N$9/100)+W35*($W$9/100)),"") -> 129.3258 | BE35: =IFERROR(BD35/$BD$8*100,"") -> 75.629123 | BF35: =IFERROR((Z35*($Z$9/100)+AC35*($AC$9/100)+#REF!*(#REF!/100)),"") | BG35: =IFERROR(BF35/$BF$8*100,"") | BJ35: =IF(V35="","",IFERROR(V35*($V$9/100),"")) -> 44 | BK35: =IF(BJ35="","",BJ35/$BJ$9) -> 0.88 | BL35: =IF(Y35="","",IFERROR(Y35*($BL$9/100),"")) -> 44.325 | BM35: =IF(BL35="","",BL35/$BL$9) -> 0.8865 | BN35: =IF(Z35="","",IFERROR(Z35*($BN$9/100),"")) -> 44.325 | BO35: =IF(BN35="","",BN35/$BN$9) -> 0.8865 | BP35: =IF(D35="","",IFERROR(D35*($D$9/100),"")) -> 41.875 | BQ35: =IF(BP35="","",BP35/$BP$9) -> 0.8375 | BT35: =IF(E35="","",IFERROR(E35*($E$9/100),"")) -> 41.875 | BU35: =IF(BT35="","",BT35/$BT$9) -> 0.8375 | CA35: =IF(BZ35="","",BZ35/$BZ$9) | CE35: =IF(CD35="","",CD35/$CD$9) | CP35: =IF(P35="","",IFERROR(P35*($P$9/100),"")) -> 42.25 | CQ35: =IF(CP35="","",CP35/$CP$9) -> 0.845 | CR35: =IF(Q35="","",IFERROR(Q35*($Q$9/100),"")) -> 45.5 | CS35: =IF(CR35="","",CR35/$CR$9) -> 0.91 | DR35: =IF(M35="","",IFERROR(M35*($M$9/100),"")) -> 37.75 | DS35: =IF(DR35="","",DR35/$DR$9) -> 0.755 | DX35: =IF(N35="","",IFERROR(N35*($N$9/100),"")) -> 25.5 | DY35: =IF(DX35="","",DX35/$DX$9) -> 0.51 | EB35: =IF(G35="","",IFERROR(G35*($G$9/100),"")) -> 13.2 | EC35: =IF(EB35="","",EB35/$EB$9) -> 0.825 | ED35: =IF(H35="","",IFERROR(H35*($H$9/100),"")) -> 13.52 | EE35: =IF(ED35="","",ED35/$ED$9) -> 0.845 | EF35: =IF(I25="","",IFERROR(I35*($I$9/100),"")) -> 22.1988 | EG35: =IF(EF35="","",EF35/$EF$9) -> 0.8538 | EH35: =IF(J25="","",IFERROR(J35*($J$9/100),"")) -> 17.199 | EI35: =IF(EH35="","",EH35/$EH$9) -> 0.819 | EL35: =IF(K25="","",IFERROR(K35*($K$9/100),"")) -> 17.9508 | EM35: =IF(EF35="","",EF35/$EF$9) -> 0.8538 | EO35: =IF(EN35="","",EN35/$EN$9) | ER35: =IF(S35="","",IFERROR(S35*($S$9/100),"")) -> 47.75 | ES35: =IF(ER35="","",ER35/$ER$9) -> 0.955 | ET35: =IF(T35="","",IFERROR(T35*($T$9/100),"")) -> 34.05 | EU35: =IF(ET35="","",ET35/$ET$9) -> 0.681 | EV35: =IFERROR(IF(#REF!="","",IFERROR(#REF!*(#REF!/100),"")),"") | EW35: =IF(EV35="","",EV35/$EV$9) | EX35: =IF(AB35="","",IFERROR(AB35*($AB$9/100),"")) -> 45.5 | EY35: =IF(EX35="","",EX35/$EX$9) -> 0.91 | EZ35: =IF(AC35="","",IFERROR(AC35*($AC$9/100),"")) -> 45.5 | FA35: =IF(EZ35="","",EZ35/$EZ$9) -> 0.91 | FD35: =IFERROR(IF(#REF!="","",IFERROR(#REF!*(#REF!/100),""))+IF(#REF!="","",IFERROR(#REF!*(#REF!/100),"")),"") | FE35: =IF(FD35="","",FD35/$FD$9) | FF35: =IFERROR(IF(E35="","",IFERROR(E35*($E$9/100),""))+IF(K35="","",IFERROR(K35*($K$9/100),""))+IF(N35="","",IFERROR(N35*($N$9/100),""))+IF(W35="","",IFERROR(W35*($W$9/100),"")),"") -> 129.3258 | FG35: =IF(FF35="","",FF35/$FF$9) -> 0.75629123 | FJ35: =IFERROR(IF(AC35="","",IFERROR(AC35*($AC$9/100),""))+IF(#REF!="","",IFERROR(#REF!*(#REF!/100),"")),"") | FK35: =IF(FJ35="","",FJ35/$FJ$9) | FL35: =IFERROR(IF(Z35="","",IFERROR(Z35*($Z$9/100),"")),"") -> 44.325 | FM35: =IF(FL35="","",FL35/$FL$9) -> 0.8865 | FN35: =SUM(BJ35:FL35) -> 813.67629 | FO35: =FN35/$FN$9 -> #REF!
A36: 26 | B36: 24.05.52.3003 | C36: MARETA SARI PURBANINGRUM | D36: ='MK1-TM'!D44 -> 80.25 | E36: ='MK1-TM'!E44 -> 80.25 | F36: =IFERROR((D36*($D$9/100))+(E36*($E$9/100)),"") -> 80.25 | G36: ='MK2-TO'!D44 -> 76.25 | H36: ='MK2-TO'!E44 -> 75 | I36: ='MK2-TO'!F44 -> 64.62 | J36: ='MK2-TO'!G44 -> 72.86 | K36: ='MK2-TO'!H44 -> 66.71 | L36: =IFERROR((G36*($G$9/100))+(H36*($H$9/100))+(I36*($I$9/100))+(J36*($J$9/100)+(K36*($K$9/100))),"") -> 70.3109 | M36: ='MK3-PSTI'!D44 -> 75.5 | N36: ='MK3-PSTI'!E44 -> 51 | O36: =IFERROR((M36*($M$9/100))+(N36*($N$9/100)),"") -> 63.25 | P36: =IF('MK4-L&A'!D44="","",'MK4-L&A'!D44) -> 74 | Q36: =IF('MK4-L&A'!E44="","",'MK4-L&A'!E44) -> 82 | R36: =IFERROR((P36*($P$9/100))+(Q36*($Q$9/100)),"") -> 78 | S36: =IF('MK5-BP'!D44="","",'MK5-BP'!D44) -> 95.5 | T36: =IF('MK5-BP'!E42="","",'MK5-BP'!E42) -> 91 | U36: =IFERROR((S36*($S$9/100))+(T36*($T$9/100)),"") -> 93.25 | V36: =IF('MK7-MBD'!D44="","",'MK7-MBD'!D44) -> 90.1 | W36: =IF('MK7-MBD'!E44="","",'MK7-MBD'!E44) -> 90.1 | X36: =IFERROR((V36*($S$9/100))+(W36*($T$9/100)),"") -> 90.1 | Y36: =IF(MK8_BID!D41="","",MK8_BID!D41) -> 81.4 | Z36: =IF(MK8_BID!E41="","",MK8_BID!E41) -> 81.4 | AA36: =IFERROR((Y36*($S$9/100))+(Z36*($T$9/100)),"") -> 81.4 | AB36: =IF('MK16-AGM'!D44="","",'MK16-AGM'!D44) -> 93.5 | AC36: =IF('MK16-AGM'!E44="","",'MK16-AGM'!E44) -> 92 | AD36: =IFERROR((AB36*($AB$9/100))+(AC36*($AC$9/100)),"") -> 92.75 | AF36: =IFERROR((D36*($D$9/100)+G36*($G$9/100)+M36*($M$9/100)+V36*($V$9/100)),"") -> 135.125 | AG36: =IFERROR(AF36/$AF$8*100,"") -> 62.848837 | AH36: =IFERROR((#REF!*(#REF!/100)),"") | AI36: =IFERROR(AH36/$AH$8*100,"") | AJ36: =IFERROR((P36*($P$9/100)+S36*($S$9/100)),"") -> 84.75 | AK36: =IFERROR(AJ36/$AJ$8*100,"") -> 84.75 | AL36: =IFERROR((#REF!*(#REF!/100)),"") | AM36: =IFERROR(AL36/$AL$8*100,"") | AV36: =IFERROR((Q36*($Q$9/100)+T36*($T$9/100)),"") -> 86.5 | AW36: =IFERROR(AV36/$AV$8*100,"") -> 86.5 | AX36: =IFERROR((Y36*($Y$9/100)+AB36*($AB$9/100)+#REF!*(#REF!/100)),"") | AY36: =IFERROR(AX36/$AX$8*100,"") | BB36: =IFERROR((#REF!*(#REF!/100)+#REF!*(#REF!/100)+#REF!*(#REF!/100)),"") | BC36: =IFERROR(BB36/$BB$8*100,"") | BD36: =IFERROR((E36*($E$9/100)+K36*($K$9/100)+N36*($N$9/100)+W36*($W$9/100)),"") -> 124.6841 | BE36: =IFERROR(BD36/$BD$8*100,"") -> 72.914678 | BF36: =IFERROR((Z36*($Z$9/100)+AC36*($AC$9/100)+#REF!*(#REF!/100)),"") | BG36: =IFERROR(BF36/$BF$8*100,"") | BJ36: =IF(V36="","",IFERROR(V36*($V$9/100),"")) -> 45.05 | BK36: =IF(BJ36="","",BJ36/$BJ$9) -> 0.901 | BL36: =IF(Y36="","",IFERROR(Y36*($BL$9/100),"")) -> 40.7 | BM36: =IF(BL36="","",BL36/$BL$9) -> 0.814 | BN36: =IF(Z36="","",IFERROR(Z36*($BN$9/100),"")) -> 40.7 | BO36: =IF(BN36="","",BN36/$BN$9) -> 0.814 | BP36: =IF(D36="","",IFERROR(D36*($D$9/100),"")) -> 40.125 | BQ36: =IF(BP36="","",BP36/$BP$9) -> 0.8025 | BT36: =IF(E36="","",IFERROR(E36*($E$9/100),"")) -> 40.125 | BU36: =IF(BT36="","",BT36/$BT$9) -> 0.8025 | CA36: =IF(BZ36="","",BZ36/$BZ$9) | CE36: =IF(CD36="","",CD36/$CD$9) | CP36: =IF(P36="","",IFERROR(P36*($P$9/100),"")) -> 37 | CQ36: =IF(CP36="","",CP36/$CP$9) -> 0.74 | CR36: =IF(Q36="","",IFERROR(Q36*($Q$9/100),"")) -> 41 | CS36: =IF(CR36="","",CR36/$CR$9) -> 0.82 | DR36: =IF(M36="","",IFERROR(M36*($M$9/100),"")) -> 37.75 | DS36: =IF(DR36="","",DR36/$DR$9) -> 0.755 | DX36: =IF(N36="","",IFERROR(N36*($N$9/100),"")) -> 25.5 | DY36: =IF(DX36="","",DX36/$DX$9) -> 0.51 | EB36: =IF(G36="","",IFERROR(G36*($G$9/100),"")) -> 12.2 | EC36: =IF(EB36="","",EB36/$EB$9) -> 0.7625 | ED36: =IF(H36="","",IFERROR(H36*($H$9/100),"")) -> 12 | EE36: =IF(ED36="","",ED36/$ED$9) -> 0.75 | EF36: =IF(I26="","",IFERROR(I36*($I$9/100),"")) -> 16.8012 | EG36: =IF(EF36="","",EF36/$EF$9) -> 0.6462 | EH36: =IF(J26="","",IFERROR(J36*($J$9/100),"")) -> 15.3006 | EI36: =IF(EH36="","",EH36/$EH$9) -> 0.7286 | EL36: =IF(K26="","",IFERROR(K36*($K$9/100),"")) -> 14.0091 | EM36: =IF(EF36="","",EF36/$EF$9) -> 0.6462 | EO36: =IF(EN36="","",EN36/$EN$9) | ER36: =IF(S36="","",IFERROR(S36*($S$9/100),"")) -> 47.75 | ES36: =IF(ER36="","",ER36/$ER$9) -> 0.955 | ET36: =IF(T36="","",IFERROR(T36*($T$9/100),"")) -> 45.5 | EU36: =IF(ET36="","",ET36/$ET$9) -> 0.91 | EV36: =IFERROR(IF(#REF!="","",IFERROR(#REF!*(#REF!/100),"")),"") | EW36: =IF(EV36="","",EV36/$EV$9) | EX36: =IF(AB36="","",IFERROR(AB36*($AB$9/100),"")) -> 46.75 | EY36: =IF(EX36="","",EX36/$EX$9) -> 0.935 | EZ36: =IF(AC36="","",IFERROR(AC36*($AC$9/100),"")) -> 46 | FA36: =IF(EZ36="","",EZ36/$EZ$9) -> 0.92 | FD36: =IFERROR(IF(#REF!="","",IFERROR(#REF!*(#REF!/100),""))+IF(#REF!="","",IFERROR(#REF!*(#REF!/100),"")),"") | FE36: =IF(FD36="","",FD36/$FD$9) | FF36: =IFERROR(IF(E36="","",IFERROR(E36*($E$9/100),""))+IF(K36="","",IFERROR(K36*($K$9/100),""))+IF(N36="","",IFERROR(N36*($N$9/100),""))+IF(W36="","",IFERROR(W36*($W$9/100),"")),"") -> 124.6841 | FG36: =IF(FF36="","",FF36/$FF$9) -> 0.72914678 | FJ36: =IFERROR(IF(AC36="","",IFERROR(AC36*($AC$9/100),""))+IF(#REF!="","",IFERROR(#REF!*(#REF!/100),"")),"") | FK36: =IF(FJ36="","",FJ36/$FJ$9) | FL36: =IFERROR(IF(Z36="","",IFERROR(Z36*($Z$9/100),"")),"") -> 40.7 | FM36: =IF(FL36="","",FL36/$FL$9) -> 0.814 | FN36: =SUM(BJ36:FL36) -> 784.58665 | FO36: =FN36/$FN$9 -> #REF!
A37: 27 | B37: 24.05.52.3004 | C37: ARFIANI ARIFAH | D37: ='MK1-TM'!D45 -> 83.75 | E37: ='MK1-TM'!E45 -> 83.75 | F37: =IFERROR((D37*($D$9/100))+(E37*($E$9/100)),"") -> 83.75 | G37: ='MK2-TO'!D45 -> 76.25 | H37: ='MK2-TO'!E45 -> 73.75 | I37: ='MK2-TO'!F45 -> 72.31 | J37: ='MK2-TO'!G45 -> 73.81 | K37: ='MK2-TO'!H45 -> 72.86 | L37: =IFERROR((G37*($G$9/100))+(H37*($H$9/100))+(I37*($I$9/100))+(J37*($J$9/100)+(K37*($K$9/100))),"") -> 73.6013 | M37: ='MK3-PSTI'!D45 -> 82.5 | N37: ='MK3-PSTI'!E45 -> 72 | O37: =IFERROR((M37*($M$9/100))+(N37*($N$9/100)),"") -> 77.25 | P37: =IF('MK4-L&A'!D45="","",'MK4-L&A'!D45) -> 81 | Q37: =IF('MK4-L&A'!E45="","",'MK4-L&A'!E45) -> 91 | R37: =IFERROR((P37*($P$9/100))+(Q37*($Q$9/100)),"") -> 86 | S37: =IF('MK5-BP'!D45="","",'MK5-BP'!D45) -> 91 | T37: =IF('MK5-BP'!E43="","",'MK5-BP'!E43) -> 95.5 | U37: =IFERROR((S37*($S$9/100))+(T37*($T$9/100)),"") -> 93.25 | V37: =IF('MK7-MBD'!D45="","",'MK7-MBD'!D45) -> 93.2 | W37: =IF('MK7-MBD'!E45="","",'MK7-MBD'!E45) -> 93.2 | X37: =IFERROR((V37*($S$9/100))+(W37*($T$9/100)),"") -> 93.2 | Y37: =IF(MK8_BID!D42="","",MK8_BID!D42) -> 80.9 | Z37: =IF(MK8_BID!E42="","",MK8_BID!E42) -> 80.9 | AA37: =IFERROR((Y37*($S$9/100))+(Z37*($T$9/100)),"") -> 80.9 | AB37: =IF('MK16-AGM'!D45="","",'MK16-AGM'!D45) -> 91 | AC37: =IF('MK16-AGM'!E45="","",'MK16-AGM'!E45) -> 91 | AD37: =IFERROR((AB37*($AB$9/100))+(AC37*($AC$9/100)),"") -> 91 | AF37: =IFERROR((D37*($D$9/100)+G37*($G$9/100)+M37*($M$9/100)+V37*($V$9/100)),"") -> 141.925 | AG37: =IFERROR(AF37/$AF$8*100,"") -> 66.011628 | AH37: =IFERROR((#REF!*(#REF!/100)),"") | AI37: =IFERROR(AH37/$AH$8*100,"") | AJ37: =IFERROR((P37*($P$9/100)+S37*($S$9/100)),"") -> 86 | AK37: =IFERROR(AJ37/$AJ$8*100,"") -> 86 | AL37: =IFERROR((#REF!*(#REF!/100)),"") | AM37: =IFERROR(AL37/$AL$8*100,"") | AV37: =IFERROR((Q37*($Q$9/100)+T37*($T$9/100)),"") -> 93.25 | AW37: =IFERROR(AV37/$AV$8*100,"") -> 93.25 | AX37: =IFERROR((Y37*($Y$9/100)+AB37*($AB$9/100)+#REF!*(#REF!/100)),"") | AY37: =IFERROR(AX37/$AX$8*100,"") | BB37: =IFERROR((#REF!*(#REF!/100)+#REF!*(#REF!/100)+#REF!*(#REF!/100)),"") | BC37: =IFERROR(BB37/$BB$8*100,"") | BD37: =IFERROR((E37*($E$9/100)+K37*($K$9/100)+N37*($N$9/100)+W37*($W$9/100)),"") -> 139.7756 | BE37: =IFERROR(BD37/$BD$8*100,"") -> 81.740117 | BF37: =IFERROR((Z37*($Z$9/100)+AC37*($AC$9/100)+#REF!*(#REF!/100)),"") | BG37: =IFERROR(BF37/$BF$8*100,"") | BJ37: =IF(V37="","",IFERROR(V37*($V$9/100),"")) -> 46.6 | BK37: =IF(BJ37="","",BJ37/$BJ$9) -> 0.932 | BL37: =IF(Y37="","",IFERROR(Y37*($BL$9/100),"")) -> 40.45 | BM37: =IF(BL37="","",BL37/$BL$9) -> 0.809 | BN37: =IF(Z37="","",IFERROR(Z37*($BN$9/100),"")) -> 40.45 | BO37: =IF(BN37="","",BN37/$BN$9) -> 0.809 | BP37: =IF(D37="","",IFERROR(D37*($D$9/100),"")) -> 41.875 | BQ37: =IF(BP37="","",BP37/$BP$9) -> 0.8375 | BT37: =IF(E37="","",IFERROR(E37*($E$9/100),"")) -> 41.875 | BU37: =IF(BT37="","",BT37/$BT$9) -> 0.8375 | CA37: =IF(BZ37="","",BZ37/$BZ$9) | CE37: =IF(CD37="","",CD37/$CD$9) | CP37: =IF(P37="","",IFERROR(P37*($P$9/100),"")) -> 40.5 | CQ37: =IF(CP37="","",CP37/$CP$9) -> 0.81 | CR37: =IF(Q37="","",IFERROR(Q37*($Q$9/100),"")) -> 45.5 | CS37: =IF(CR37="","",CR37/$CR$9) -> 0.91 | DR37: =IF(M37="","",IFERROR(M37*($M$9/100),"")) -> 41.25 | DS37: =IF(DR37="","",DR37/$DR$9) -> 0.825 | DX37: =IF(N37="","",IFERROR(N37*($N$9/100),"")) -> 36 | DY37: =IF(DX37="","",DX37/$DX$9) -> 0.72 | EB37: =IF(G37="","",IFERROR(G37*($G$9/100),"")) -> 12.2 | EC37: =IF(EB37="","",EB37/$EB$9) -> 0.7625 | ED37: =IF(H37="","",IFERROR(H37*($H$9/100),"")) -> 11.8 | EE37: =IF(ED37="","",ED37/$ED$9) -> 0.7375 | EF37: =IF(I27="","",IFERROR(I37*($I$9/100),"")) -> 18.8006 | EG37: =IF(EF37="","",EF37/$EF$9) -> 0.7231 | EH37: =IF(J27="","",IFERROR(J37*($J$9/100),"")) -> 15.5001 | EI37: =IF(EH37="","",EH37/$EH$9) -> 0.7381 | EL37: =IF(K27="","",IFERROR(K37*($K$9/100),"")) -> 15.3006 | EM37: =IF(EF37="","",EF37/$EF$9) -> 0.7231 | EO37: =IF(EN37="","",EN37/$EN$9) | ER37: =IF(S37="","",IFERROR(S37*($S$9/100),"")) -> 45.5 | ES37: =IF(ER37="","",ER37/$ER$9) -> 0.91 | ET37: =IF(T37="","",IFERROR(T37*($T$9/100),"")) -> 47.75 | EU37: =IF(ET37="","",ET37/$ET$9) -> 0.955 | EV37: =IFERROR(IF(#REF!="","",IFERROR(#REF!*(#REF!/100),"")),"") | EW37: =IF(EV37="","",EV37/$EV$9) | EX37: =IF(AB37="","",IFERROR(AB37*($AB$9/100),"")) -> 45.5 | EY37: =IF(EX37="","",EX37/$EX$9) -> 0.91 | EZ37: =IF(AC37="","",IFERROR(AC37*($AC$9/100),"")) -> 45.5 | FA37: =IF(EZ37="","",EZ37/$EZ$9) -> 0.91 | FD37: =IFERROR(IF(#REF!="","",IFERROR(#REF!*(#REF!/100),""))+IF(#REF!="","",IFERROR(#REF!*(#REF!/100),"")),"") | FE37: =IF(FD37="","",FD37/$FD$9) | FF37: =IFERROR(IF(E37="","",IFERROR(E37*($E$9/100),""))+IF(K37="","",IFERROR(K37*($K$9/100),""))+IF(N37="","",IFERROR(N37*($N$9/100),""))+IF(W37="","",IFERROR(W37*($W$9/100),"")),"") -> 139.7756 | FG37: =IF(FF37="","",FF37/$FF$9) -> 0.81740117 | FJ37: =IFERROR(IF(AC37="","",IFERROR(AC37*($AC$9/100),""))+IF(#REF!="","",IFERROR(#REF!*(#REF!/100),"")),"") | FK37: =IF(FJ37="","",FJ37/$FJ$9) | FL37: =IFERROR(IF(Z37="","",IFERROR(Z37*($Z$9/100),"")),"") -> 40.45 | FM37: =IF(FL37="","",FL37/$FL$9) -> 0.809 | FN37: =SUM(BJ37:FL37) -> 828.2536 | FO37: =FN37/$FN$9 -> #REF!
A38: 28 | B38: 24.05.52.3005 | C38: AULIA SAHWA KAILA | D38: ='MK1-TM'!D46 -> 83.75 | E38: ='MK1-TM'!E46 -> 83.75 | F38: =IFERROR((D38*($D$9/100))+(E38*($E$9/100)),"") -> 83.75 | G38: ='MK2-TO'!D46 -> 72.25 | H38: ='MK2-TO'!E46 -> 72.25 | I38: ='MK2-TO'!F46 -> 72.15 | J38: ='MK2-TO'!G46 -> 72.67 | K38: ='MK2-TO'!H46 -> 71.95 | L38: =IFERROR((G38*($G$9/100))+(H38*($H$9/100))+(I38*($I$9/100))+(J38*($J$9/100)+(K38*($K$9/100))),"") -> 72.2492 | M38: ='MK3-PSTI'!D46 -> 10 | N38: ='MK3-PSTI'!E46 -> 10 | O38: =IFERROR((M38*($M$9/100))+(N38*($N$9/100)),"") -> 10 | P38: =IF('MK4-L&A'!D46="","",'MK4-L&A'!D46) -> 10 | Q38: =IF('MK4-L&A'!E46="","",'MK4-L&A'!E46) -> 61 | R38: =IFERROR((P38*($P$9/100))+(Q38*($Q$9/100)),"") -> 35.5 | S38: =IF('MK5-BP'!D46="","",'MK5-BP'!D46) -> 95.5 | T38: =IF('MK5-BP'!E44="","",'MK5-BP'!E44) -> 95.5 | U38: =IFERROR((S38*($S$9/100))+(T38*($T$9/100)),"") -> 95.5 | V38: =IF('MK7-MBD'!D46="","",'MK7-MBD'!D46) -> 90.45 | W38: =IF('MK7-MBD'!E46="","",'MK7-MBD'!E46) -> 90.45 | X38: =IFERROR((V38*($S$9/100))+(W38*($T$9/100)),"") -> 90.45 | Y38: =IF(MK8_BID!D43="","",MK8_BID!D43) -> 88.65 | Z38: =IF(MK8_BID!E43="","",MK8_BID!E43) -> 88.65 | AA38: =IFERROR((Y38*($S$9/100))+(Z38*($T$9/100)),"") -> 88.65 | AB38: =IF('MK16-AGM'!D46="","",'MK16-AGM'!D46) -> 82 | AC38: =IF('MK16-AGM'!E46="","",'MK16-AGM'!E46) -> 82 | AD38: =IFERROR((AB38*($AB$9/100))+(AC38*($AC$9/100)),"") -> 82 | AF38: =IFERROR((D38*($D$9/100)+G38*($G$9/100)+M38*($M$9/100)+V38*($V$9/100)),"") -> 103.66 | AG38: =IFERROR(AF38/$AF$8*100,"") -> 48.213953 | AH38: =IFERROR((#REF!*(#REF!/100)),"") | AI38: =IFERROR(AH38/$AH$8*100,"") | AJ38: =IFERROR((P38*($P$9/100)+S38*($S$9/100)),"") -> 52.75 | AK38: =IFERROR(AJ38/$AJ$8*100,"") -> 52.75 | AL38: =IFERROR((#REF!*(#REF!/100)),"") | AM38: =IFERROR(AL38/$AL$8*100,"") | AV38: =IFERROR((Q38*($Q$9/100)+T38*($T$9/100)),"") -> 78.25 | AW38: =IFERROR(AV38/$AV$8*100,"") -> 78.25 | AX38: =IFERROR((Y38*($Y$9/100)+AB38*($AB$9/100)+#REF!*(#REF!/100)),"") | AY38: =IFERROR(AX38/$AX$8*100,"") | BB38: =IFERROR((#REF!*(#REF!/100)+#REF!*(#REF!/100)+#REF!*(#REF!/100)),"") | BC38: =IFERROR(BB38/$BB$8*100,"") | BD38: =IFERROR((E38*($E$9/100)+K38*($K$9/100)+N38*($N$9/100)+W38*($W$9/100)),"") -> 107.2095 | BE38: =IFERROR(BD38/$BD$8*100,"") -> 62.695614 | BF38: =IFERROR((Z38*($Z$9/100)+AC38*($AC$9/100)+#REF!*(#REF!/100)),"") | BG38: =IFERROR(BF38/$BF$8*100,"") | BJ38: =IF(V38="","",IFERROR(V38*($V$9/100),"")) -> 45.225 | BK38: =IF(BJ38="","",BJ38/$BJ$9) -> 0.9045 | BL38: =IF(Y38="","",IFERROR(Y38*($BL$9/100),"")) -> 44.325 | BM38: =IF(BL38="","",BL38/$BL$9) -> 0.8865 | BN38: =IF(Z38="","",IFERROR(Z38*($BN$9/100),"")) -> 44.325 | BO38: =IF(BN38="","",BN38/$BN$9) -> 0.8865 | BP38: =IF(D38="","",IFERROR(D38*($D$9/100),"")) -> 41.875 | BQ38: =IF(BP38="","",BP38/$BP$9) -> 0.8375 | BT38: =IF(E38="","",IFERROR(E38*($E$9/100),"")) -> 41.875 | BU38: =IF(BT38="","",BT38/$BT$9) -> 0.8375 | CA38: =IF(BZ38="","",BZ38/$BZ$9) | CE38: =IF(CD38="","",CD38/$CD$9) | CP38: =IF(P38="","",IFERROR(P38*($P$9/100),"")) -> 5 | CQ38: =IF(CP38="","",CP38/$CP$9) -> 0.1 | CR38: =IF(Q38="","",IFERROR(Q38*($Q$9/100),"")) -> 30.5 | CS38: =IF(CR38="","",CR38/$CR$9) -> 0.61 | DR38: =IF(M38="","",IFERROR(M38*($M$9/100),"")) -> 5 | DS38: =IF(DR38="","",DR38/$DR$9) -> 0.1 | DX38: =IF(N38="","",IFERROR(N38*($N$9/100),"")) -> 5 | DY38: =IF(DX38="","",DX38/$DX$9) -> 0.1 | EB38: =IF(G38="","",IFERROR(G38*($G$9/100),"")) -> 11.56 | EC38: =IF(EB38="","",EB38/$EB$9) -> 0.7225 | ED38: =IF(H38="","",IFERROR(H38*($H$9/100),"")) -> 11.56 | EE38: =IF(ED38="","",ED38/$ED$9) -> 0.7225 | EF38: =IF(I28="","",IFERROR(I38*($I$9/100),"")) -> 18.759 | EG38: =IF(EF38="","",EF38/$EF$9) -> 0.7215 | EH38: =IF(J28="","",IFERROR(J38*($J$9/100),"")) -> 15.2607 | EI38: =IF(EH38="","",EH38/$EH$9) -> 0.7267 | EL38: =IF(K28="","",IFERROR(K38*($K$9/100),"")) -> 15.1095 | EM38: =IF(EF38="","",EF38/$EF$9) -> 0.7215 | EO38: =IF(EN38="","",EN38/$EN$9) | ER38: =IF(S38="","",IFERROR(S38*($S$9/100),"")) -> 47.75 | ES38: =IF(ER38="","",ER38/$ER$9) -> 0.955 | ET38: =IF(T38="","",IFERROR(T38*($T$9/100),"")) -> 47.75 | EU38: =IF(ET38="","",ET38/$ET$9) -> 0.955 | EV38: =IFERROR(IF(#REF!="","",IFERROR(#REF!*(#REF!/100),"")),"") | EW38: =IF(EV38="","",EV38/$EV$9) | EX38: =IF(AB38="","",IFERROR(AB38*($AB$9/100),"")) -> 41 | EY38: =IF(EX38="","",EX38/$EX$9) -> 0.82 | EZ38: =IF(AC38="","",IFERROR(AC38*($AC$9/100),"")) -> 41 | FA38: =IF(EZ38="","",EZ38/$EZ$9) -> 0.82 | FD38: =IFERROR(IF(#REF!="","",IFERROR(#REF!*(#REF!/100),""))+IF(#REF!="","",IFERROR(#REF!*(#REF!/100),"")),"") | FE38: =IF(FD38="","",FD38/$FD$9) | FF38: =IFERROR(IF(E38="","",IFERROR(E38*($E$9/100),""))+IF(K38="","",IFERROR(K38*($K$9/100),""))+IF(N38="","",IFERROR(N38*($N$9/100),""))+IF(W38="","",IFERROR(W38*($W$9/100),"")),"") -> 107.2095 | FG38: =IF(FF38="","",FF38/$FF$9) -> 0.62695614 | FJ38: =IFERROR(IF(AC38="","",IFERROR(AC38*($AC$9/100),""))+IF(#REF!="","",IFERROR(#REF!*(#REF!/100),"")),"") | FK38: =IF(FJ38="","",FJ38/$FJ$9) | FL38: =IFERROR(IF(Z38="","",IFERROR(Z38*($Z$9/100),"")),"") -> 44.325 | FM38: =IF(FL38="","",FL38/$FL$9) -> 0.8865 | FN38: =SUM(BJ38:FL38) -> 677.46286 | FO38: =FN38/$FN$9 -> #REF!
A39: 29 | B39: 24.05.52.3006 | C39: FELICITAS DIVA RAHAYUNINGSIH N | D39: ='MK1-TM'!D47 -> 85.5 | E39: ='MK1-TM'!E47 -> 85.5 | F39: =IFERROR((D39*($D$9/100))+(E39*($E$9/100)),"") -> 85.5 | G39: ='MK2-TO'!D47 -> 79.38 | H39: ='MK2-TO'!E47 -> 79.38 | I39: ='MK2-TO'!F47 -> 81.23 | J39: ='MK2-TO'!G47 -> 76.43 | K39: ='MK2-TO'!H47 -> 81.52 | L39: =IFERROR((G39*($G$9/100))+(H39*($H$9/100))+(I39*($I$9/100))+(J39*($J$9/100)+(K39*($K$9/100))),"") -> 79.6909 | M39: ='MK3-PSTI'!D47 -> 86 | N39: ='MK3-PSTI'!E47 -> 96.5 | O39: =IFERROR((M39*($M$9/100))+(N39*($N$9/100)),"") -> 91.25 | P39: =IF('MK4-L&A'!D47="","",'MK4-L&A'!D47) -> 67 | Q39: =IF('MK4-L&A'!E47="","",'MK4-L&A'!E47) -> 82 | R39: =IFERROR((P39*($P$9/100))+(Q39*($Q$9/100)),"") -> 74.5 | S39: =IF('MK5-BP'!D47="","",'MK5-BP'!D47) -> 91 | T39: =IF('MK5-BP'!E45="","",'MK5-BP'!E45) -> 91 | U39: =IFERROR((S39*($S$9/100))+(T39*($T$9/100)),"") -> 91 | V39: =IF('MK7-MBD'!D47="","",'MK7-MBD'!D47) -> 91 | W39: =IF('MK7-MBD'!E47="","",'MK7-MBD'!E47) -> 91 | X39: =IFERROR((V39*($S$9/100))+(W39*($T$9/100)),"") -> 91 | Y39: =IF(MK8_BID!D44="","",MK8_BID!D44) -> 83 | Z39: =IF(MK8_BID!E44="","",MK8_BID!E44) -> 83 | AA39: =IFERROR((Y39*($S$9/100))+(Z39*($T$9/100)),"") -> 83 | AB39: =IF('MK16-AGM'!D47="","",'MK16-AGM'!D47) -> 92 | AC39: =IF('MK16-AGM'!E47="","",'MK16-AGM'!E47) -> 92 | AD39: =IFERROR((AB39*($AB$9/100))+(AC39*($AC$9/100)),"") -> 92 | AF39: =IFERROR((D39*($D$9/100)+G39*($G$9/100)+M39*($M$9/100)+V39*($V$9/100)),"") -> 143.9508 | AG39: =IFERROR(AF39/$AF$8*100,"") -> 66.95386 | AH39: =IFERROR((#REF!*(#REF!/100)),"") | AI39: =IFERROR(AH39/$AH$8*100,"") | AJ39: =IFERROR((P39*($P$9/100)+S39*($S$9/100)),"") -> 79 | AK39: =IFERROR(AJ39/$AJ$8*100,"") -> 79 | AL39: =IFERROR((#REF!*(#REF!/100)),"") | AM39: =IFERROR(AL39/$AL$8*100,"") | AV39: =IFERROR((Q39*($Q$9/100)+T39*($T$9/100)),"") -> 86.5 | AW39: =IFERROR(AV39/$AV$8*100,"") -> 86.5 | AX39: =IFERROR((Y39*($Y$9/100)+AB39*($AB$9/100)+#REF!*(#REF!/100)),"") | AY39: =IFERROR(AX39/$AX$8*100,"") | BB39: =IFERROR((#REF!*(#REF!/100)+#REF!*(#REF!/100)+#REF!*(#REF!/100)),"") | BC39: =IFERROR(BB39/$BB$8*100,"") | BD39: =IFERROR((E39*($E$9/100)+K39*($K$9/100)+N39*($N$9/100)+W39*($W$9/100)),"") -> 153.6192 | BE39: =IFERROR(BD39/$BD$8*100,"") -> 89.835789 | BF39: =IFERROR((Z39*($Z$9/100)+AC39*($AC$9/100)+#REF!*(#REF!/100)),"") | BG39: =IFERROR(BF39/$BF$8*100,"") | BJ39: =IF(V39="","",IFERROR(V39*($V$9/100),"")) -> 45.5 | BK39: =IF(BJ39="","",BJ39/$BJ$9) -> 0.91 | BL39: =IF(Y39="","",IFERROR(Y39*($BL$9/100),"")) -> 41.5 | BM39: =IF(BL39="","",BL39/$BL$9) -> 0.83 | BN39: =IF(Z39="","",IFERROR(Z39*($BN$9/100),"")) -> 41.5 | BO39: =IF(BN39="","",BN39/$BN$9) -> 0.83 | BP39: =IF(D39="","",IFERROR(D39*($D$9/100),"")) -> 42.75 | BQ39: =IF(BP39="","",BP39/$BP$9) -> 0.855 | BT39: =IF(E39="","",IFERROR(E39*($E$9/100),"")) -> 42.75 | BU39: =IF(BT39="","",BT39/$BT$9) -> 0.855 | CA39: =IF(BZ39="","",BZ39/$BZ$9) | CE39: =IF(CD39="","",CD39/$CD$9) | CP39: =IF(P39="","",IFERROR(P39*($P$9/100),"")) -> 33.5 | CQ39: =IF(CP39="","",CP39/$CP$9) -> 0.67 | CR39: =IF(Q39="","",IFERROR(Q39*($Q$9/100),"")) -> 41 | CS39: =IF(CR39="","",CR39/$CR$9) -> 0.82 | DR39: =IF(M39="","",IFERROR(M39*($M$9/100),"")) -> 43 | DS39: =IF(DR39="","",DR39/$DR$9) -> 0.86 | DX39: =IF(N39="","",IFERROR(N39*($N$9/100),"")) -> 48.25 | DY39: =IF(DX39="","",DX39/$DX$9) -> 0.965 | EB39: =IF(G39="","",IFERROR(G39*($G$9/100),"")) -> 12.7008 | EC39: =IF(EB39="","",EB39/$EB$9) -> 0.7938 | ED39: =IF(H39="","",IFERROR(H39*($H$9/100),"")) -> 12.7008 | EE39: =IF(ED39="","",ED39/$ED$9) -> 0.7938 | EF39: =IF(I29="","",IFERROR(I39*($I$9/100),"")) -> 21.1198 | EG39: =IF(EF39="","",EF39/$EF$9) -> 0.8123 | EH39: =IF(J29="","",IFERROR(J39*($J$9/100),"")) -> 16.0503 | EI39: =IF(EH39="","",EH39/$EH$9) -> 0.7643 | EL39: =IF(K29="","",IFERROR(K39*($K$9/100),"")) -> 17.1192 | EM39: =IF(EF39="","",EF39/$EF$9) -> 0.8123 | EO39: =IF(EN39="","",EN39/$EN$9) | ER39: =IF(S39="","",IFERROR(S39*($S$9/100),"")) -> 45.5 | ES39: =IF(ER39="","",ER39/$ER$9) -> 0.91 | ET39: =IF(T39="","",IFERROR(T39*($T$9/100),"")) -> 45.5 | EU39: =IF(ET39="","",ET39/$ET$9) -> 0.91 | EV39: =IFERROR(IF(#REF!="","",IFERROR(#REF!*(#REF!/100),"")),"") | EW39: =IF(EV39="","",EV39/$EV$9) | EX39: =IF(AB39="","",IFERROR(AB39*($AB$9/100),"")) -> 46 | EY39: =IF(EX39="","",EX39/$EX$9) -> 0.92 | EZ39: =IF(AC39="","",IFERROR(AC39*($AC$9/100),"")) -> 46 | FA39: =IF(EZ39="","",EZ39/$EZ$9) -> 0.92 | FD39: =IFERROR(IF(#REF!="","",IFERROR(#REF!*(#REF!/100),""))+IF(#REF!="","",IFERROR(#REF!*(#REF!/100),"")),"") | FE39: =IF(FD39="","",FD39/$FD$9) | FF39: =IFERROR(IF(E39="","",IFERROR(E39*($E$9/100),""))+IF(K39="","",IFERROR(K39*($K$9/100),""))+IF(N39="","",IFERROR(N39*($N$9/100),""))+IF(W39="","",IFERROR(W39*($W$9/100),"")),"") -> 153.6192 | FG39: =IF(FF39="","",FF39/$FF$9) -> 0.89835789 | FJ39: =IFERROR(IF(AC39="","",IFERROR(AC39*($AC$9/100),""))+IF(#REF!="","",IFERROR(#REF!*(#REF!/100),"")),"") | FK39: =IF(FJ39="","",FJ39/$FJ$9) | FL39: =IFERROR(IF(Z39="","",IFERROR(Z39*($Z$9/100),"")),"") -> 41.5 | FM39: =IF(FL39="","",FL39/$FL$9) -> 0.83 | FN39: =SUM(BJ39:FL39) -> 853.68996 | FO39: =FN39/$FN$9 -> #REF!
A40: 30 | B40: 24.05.52.3008 | C40: GRACIELLA NATHANIA KUSUMADEWI | D40: ='MK1-TM'!D48 -> 85.5 | E40: ='MK1-TM'!E48 -> 85.5 | F40: =IFERROR((D40*($D$9/100))+(E40*($E$9/100)),"") -> 85.5 | G40: ='MK2-TO'!D48 -> 82.5 | H40: ='MK2-TO'!E48 -> 83.75 | I40: ='MK2-TO'!F48 -> 85.38 | J40: ='MK2-TO'!G48 -> 83.81 | K40: ='MK2-TO'!H48 -> 86.48 | L40: =IFERROR((G40*($G$9/100))+(H40*($H$9/100))+(I40*($I$9/100))+(J40*($J$9/100)+(K40*($K$9/100))),"") -> 84.5597 | M40: ='MK3-PSTI'!D48 -> 86 | N40: ='MK3-PSTI'!E48 -> 91.6 | O40: =IFERROR((M40*($M$9/100))+(N40*($N$9/100)),"") -> 88.8 | P40: =IF('MK4-L&A'!D48="","",'MK4-L&A'!D48) -> 85.5 | Q40: =IF('MK4-L&A'!E48="","",'MK4-L&A'!E48) -> 87.5 | R40: =IFERROR((P40*($P$9/100))+(Q40*($Q$9/100)),"") -> 86.5 | S40: =IF('MK5-BP'!D48="","",'MK5-BP'!D48) -> 91 | T40: =IF('MK5-BP'!E46="","",'MK5-BP'!E46) -> 95.5 | U40: =IFERROR((S40*($S$9/100))+(T40*($T$9/100)),"") -> 93.25 | V40: =IF('MK7-MBD'!D48="","",'MK7-MBD'!D48) -> 85 | W40: =IF('MK7-MBD'!E48="","",'MK7-MBD'!E48) -> 90 | X40: =IFERROR((V40*($S$9/100))+(W40*($T$9/100)),"") -> 87.5 | Y40: =IF(MK8_BID!D45="","",MK8_BID!D45) -> 66.2 | Z40: =IF(MK8_BID!E45="","",MK8_BID!E45) -> 66.2 | AA40: =IFERROR((Y40*($S$9/100))+(Z40*($T$9/100)),"") -> 66.2 | AB40: =IF('MK16-AGM'!D48="","",'MK16-AGM'!D48) -> 91 | AC40: =IF('MK16-AGM'!E48="","",'MK16-AGM'!E48) -> 96.5 | AD40: =IFERROR((AB40*($AB$9/100))+(AC40*($AC$9/100)),"") -> 93.75 | AF40: =IFERROR((D40*($D$9/100)+G40*($G$9/100)+M40*($M$9/100)+V40*($V$9/100)),"") -> 141.45 | AG40: =IFERROR(AF40/$AF$8*100,"") -> 65.790698 | AH40: =IFERROR((#REF!*(#REF!/100)),"") | AI40: =IFERROR(AH40/$AH$8*100,"") | AJ40: =IFERROR((P40*($P$9/100)+S40*($S$9/100)),"") -> 88.25 | AK40: =IFERROR(AJ40/$AJ$8*100,"") -> 88.25 | AL40: =IFERROR((#REF!*(#REF!/100)),"") | AM40: =IFERROR(AL40/$AL$8*100,"") | AV40: =IFERROR((Q40*($Q$9/100)+T40*($T$9/100)),"") -> 91.5 | AW40: =IFERROR(AV40/$AV$8*100,"") -> 91.5 | AX40: =IFERROR((Y40*($Y$9/100)+AB40*($AB$9/100)+#REF!*(#REF!/100)),"") | AY40: =IFERROR(AX40/$AX$8*100,"") | BB40: =IFERROR((#REF!*(#REF!/100)+#REF!*(#REF!/100)+#REF!*(#REF!/100)),"") | BC40: =IFERROR(BB40/$BB$8*100,"") | BD40: =IFERROR((E40*($E$9/100)+K40*($K$9/100)+N40*($N$9/100)+W40*($W$9/100)),"") -> 151.7108 | BE40: =IFERROR(BD40/$BD$8*100,"") -> 88.719766 | BF40: =IFERROR((Z40*($Z$9/100)+AC40*($AC$9/100)+#REF!*(#REF!/100)),"") | BG40: =IFERROR(BF40/$BF$8*100,"") | BJ40: =IF(V40="","",IFERROR(V40*($V$9/100),"")) -> 42.5 | BK40: =IF(BJ40="","",BJ40/$BJ$9) -> 0.85 | BL40: =IF(Y40="","",IFERROR(Y40*($BL$9/100),"")) -> 33.1 | BM40: =IF(BL40="","",BL40/$BL$9) -> 0.662 | BN40: =IF(Z40="","",IFERROR(Z40*($BN$9/100),"")) -> 33.1 | BO40: =IF(BN40="","",BN40/$BN$9) -> 0.662 | BP40: =IF(D40="","",IFERROR(D40*($D$9/100),"")) -> 42.75 | BQ40: =IF(BP40="","",BP40/$BP$9) -> 0.855 | BT40: =IF(E40="","",IFERROR(E40*($E$9/100),"")) -> 42.75 | BU40: =IF(BT40="","",BT40/$BT$9) -> 0.855 | CA40: =IF(BZ40="","",BZ40/$BZ$9) | CE40: =IF(CD40="","",CD40/$CD$9) | CP40: =IF(P40="","",IFERROR(P40*($P$9/100),"")) -> 42.75 | CQ40: =IF(CP40="","",CP40/$CP$9) -> 0.855 | CR40: =IF(Q40="","",IFERROR(Q40*($Q$9/100),"")) -> 43.75 | CS40: =IF(CR40="","",CR40/$CR$9) -> 0.875 | DR40: =IF(M40="","",IFERROR(M40*($M$9/100),"")) -> 43 | DS40: =IF(DR40="","",DR40/$DR$9) -> 0.86 | DX40: =IF(N40="","",IFERROR(N40*($N$9/100),"")) -> 45.8 | DY40: =IF(DX40="","",DX40/$DX$9) -> 0.916 | EB40: =IF(G40="","",IFERROR(G40*($G$9/100),"")) -> 13.2 | EC40: =IF(EB40="","",EB40/$EB$9) -> 0.825 | ED40: =IF(H40="","",IFERROR(H40*($H$9/100),"")) -> 13.4 | EE40: =IF(ED40="","",ED40/$ED$9) -> 0.8375 | EF40: =IF(I30="","",IFERROR(I40*($I$9/100),"")) -> 22.1988 | EG40: =IF(EF40="","",EF40/$EF$9) -> 0.8538 | EH40: =IF(J30="","",IFERROR(J40*($J$9/100),"")) -> 17.6001 | EI40: =IF(EH40="","",EH40/$EH$9) -> 0.8381 | EL40: =IF(K30="","",IFERROR(K40*($K$9/100),"")) -> 18.1608 | EM40: =IF(EF40="","",EF40/$EF$9) -> 0.8538 | EO40: =IF(EN40="","",EN40/$EN$9) | ER40: =IF(S40="","",IFERROR(S40*($S$9/100),"")) -> 45.5 | ES40: =IF(ER40="","",ER40/$ER$9) -> 0.91 | ET40: =IF(T40="","",IFERROR(T40*($T$9/100),"")) -> 47.75 | EU40: =IF(ET40="","",ET40/$ET$9) -> 0.955 | EV40: =IFERROR(IF(#REF!="","",IFERROR(#REF!*(#REF!/100),"")),"") | EW40: =IF(EV40="","",EV40/$EV$9) | EX40: =IF(AB40="","",IFERROR(AB40*($AB$9/100),"")) -> 45.5 | EY40: =IF(EX40="","",EX40/$EX$9) -> 0.91 | EZ40: =IF(AC40="","",IFERROR(AC40*($AC$9/100),"")) -> 48.25 | FA40: =IF(EZ40="","",EZ40/$EZ$9) -> 0.965 | FD40: =IFERROR(IF(#REF!="","",IFERROR(#REF!*(#REF!/100),""))+IF(#REF!="","",IFERROR(#REF!*(#REF!/100),"")),"") | FE40: =IF(FD40="","",FD40/$FD$9) | FF40: =IFERROR(IF(E40="","",IFERROR(E40*($E$9/100),""))+IF(K40="","",IFERROR(K40*($K$9/100),""))+IF(N40="","",IFERROR(N40*($N$9/100),""))+IF(W40="","",IFERROR(W40*($W$9/100),"")),"") -> 151.7108 | FG40: =IF(FF40="","",FF40/$FF$9) -> 0.88719766 | FJ40: =IFERROR(IF(AC40="","",IFERROR(AC40*($AC$9/100),""))+IF(#REF!="","",IFERROR(#REF!*(#REF!/100),"")),"") | FK40: =IF(FJ40="","",FJ40/$FJ$9) | FL40: =IFERROR(IF(Z40="","",IFERROR(Z40*($Z$9/100),"")),"") -> 33.1 | FM40: =IF(FL40="","",FL40/$FL$9) -> 0.662 | FN40: =SUM(BJ40:FL40) -> 842.0959 | FO40: =FN40/$FN$9 -> #REF!
A41: 31 | B41: 24.05.52.3009 | C41: DEBY KARUNIA ANGGRAENI | D41: ='MK1-TM'!D49 -> 85.5 | E41: ='MK1-TM'!E49 -> 85.5 | F41: =IFERROR((D41*($D$9/100))+(E41*($E$9/100)),"") -> 85.5 | G41: ='MK2-TO'!D49 -> 82.5 | H41: ='MK2-TO'!E49 -> 82.5 | I41: ='MK2-TO'!F49 -> 81.23 | J41: ='MK2-TO'!G49 -> 80 | K41: ='MK2-TO'!H49 -> 81.52 | L41: =IFERROR((G41*($G$9/100))+(H41*($H$9/100))+(I41*($I$9/100))+(J41*($J$9/100)+(K41*($K$9/100))),"") -> 81.439 | M41: ='MK3-PSTI'!D49 -> 89.5 | N41: ='MK3-PSTI'!E49 -> 93 | O41: =IFERROR((M41*($M$9/100))+(N41*($N$9/100)),"") -> 91.25 | P41: =IF('MK4-L&A'!D49="","",'MK4-L&A'!D49) -> 73 | Q41: =IF('MK4-L&A'!E49="","",'MK4-L&A'!E49) -> 82 | R41: =IFERROR((P41*($P$9/100))+(Q41*($Q$9/100)),"") -> 77.5 | S41: =IF('MK5-BP'!D49="","",'MK5-BP'!D49) -> 95.5 | T41: =IF('MK5-BP'!E47="","",'MK5-BP'!E47) -> 91 | U41: =IFERROR((S41*($S$9/100))+(T41*($T$9/100)),"") -> 93.25 | V41: =IF('MK7-MBD'!D49="","",'MK7-MBD'!D49) -> 89.75 | W41: =IF('MK7-MBD'!E49="","",'MK7-MBD'!E49) -> 89.75 | X41: =IFERROR((V41*($S$9/100))+(W41*($T$9/100)),"") -> 89.75 | Y41: =IF(MK8_BID!D49="","",MK8_BID!D49) -> 89.7 | Z41: =IF(MK8_BID!E49="","",MK8_BID!E49) -> 89.7 | AA41: =IFERROR((Y41*($S$9/100))+(Z41*($T$9/100)),"") -> 89.7 | AB41: =IF('MK16-AGM'!D49="","",'MK16-AGM'!D49) -> 92 | AC41: =IF('MK16-AGM'!E49="","",'MK16-AGM'!E49) -> 94.5 | AD41: =IFERROR((AB41*($AB$9/100))+(AC41*($AC$9/100)),"") -> 93.25 | AF41: =IFERROR((D41*($D$9/100)+G41*($G$9/100)+M41*($M$9/100)+V41*($V$9/100)),"") -> 145.575 | AG41: =IFERROR(AF41/$AF$8*100,"") -> 67.709302 | AH41: =IFERROR((#REF!*(#REF!/100)),"") | AI41: =IFERROR(AH41/$AH$8*100,"") | AJ41: =IFERROR((P41*($P$9/100)+S41*($S$9/100)),"") -> 84.25 | AK41: =IFERROR(AJ41/$AJ$8*100,"") -> 84.25 | AL41: =IFERROR((#REF!*(#REF!/100)),"") | AM41: =IFERROR(AL41/$AL$8*100,"") | AV41: =IFERROR((Q41*($Q$9/100)+T41*($T$9/100)),"") -> 86.5 | AW41: =IFERROR(AV41/$AV$8*100,"") -> 86.5 | AX41: =IFERROR((Y41*($Y$9/100)+AB41*($AB$9/100)+#REF!*(#REF!/100)),"") | AY41: =IFERROR(AX41/$AX$8*100,"") | BB41: =IFERROR((#REF!*(#REF!/100)+#REF!*(#REF!/100)+#REF!*(#REF!/100)),"") | BC41: =IFERROR(BB41/$BB$8*100,"") | BD41: =IFERROR((E41*($E$9/100)+K41*($K$9/100)+N41*($N$9/100)+W41*($W$9/100)),"") -> 151.2442 | BE41: =IFERROR(BD41/$BD$8*100,"") -> 88.446901 | BF41: =IFERROR((Z41*($Z$9/100)+AC41*($AC$9/100)+#REF!*(#REF!/100)),"") | BG41: =IFERROR(BF41/$BF$8*100,"") | BJ41: =IF(V41="","",IFERROR(V41*($V$9/100),"")) -> 44.875 | BK41: =IF(BJ41="","",BJ41/$BJ$9) -> 0.8975 | BL41: =IF(Y41="","",IFERROR(Y41*($BL$9/100),"")) -> 44.85 | BM41: =IF(BL41="","",BL41/$BL$9) -> 0.897 | BN41: =IF(Z41="","",IFERROR(Z41*($BN$9/100),"")) -> 44.85 | BO41: =IF(BN41="","",BN41/$BN$9) -> 0.897 | BP41: =IF(D41="","",IFERROR(D41*($D$9/100),"")) -> 42.75 | BQ41: =IF(BP41="","",BP41/$BP$9) -> 0.855 | BT41: =IF(E41="","",IFERROR(E41*($E$9/100),"")) -> 42.75 | BU41: =IF(BT41="","",BT41/$BT$9) -> 0.855 | CA41: =IF(BZ41="","",BZ41/$BZ$9) | CE41: =IF(CD41="","",CD41/$CD$9) | CP41: =IF(P41="","",IFERROR(P41*($P$9/100),"")) -> 36.5 | CQ41: =IF(CP41="","",CP41/$CP$9) -> 0.73 | CR41: =IF(Q41="","",IFERROR(Q41*($Q$9/100),"")) -> 41 | CS41: =IF(CR41="","",CR41/$CR$9) -> 0.82 | DR41: =IF(M41="","",IFERROR(M41*($M$9/100),"")) -> 44.75 | DS41: =IF(DR41="","",DR41/$DR$9) -> 0.895 | DX41: =IF(N41="","",IFERROR(N41*($N$9/100),"")) -> 46.5 | DY41: =IF(DX41="","",DX41/$DX$9) -> 0.93 | EB41: =IF(G41="","",IFERROR(G41*($G$9/100),"")) -> 13.2 | EC41: =IF(EB41="","",EB41/$EB$9) -> 0.825 | ED41: =IF(H41="","",IFERROR(H41*($H$9/100),"")) -> 13.2 | EE41: =IF(ED41="","",ED41/$ED$9) -> 0.825 | EF41: =IF(I31="","",IFERROR(I41*($I$9/100),"")) -> 21.1198 | EG41: =IF(EF41="","",EF41/$EF$9) -> 0.8123 | EH41: =IF(J31="","",IFERROR(J41*($J$9/100),"")) -> 16.8 | EI41: =IF(EH41="","",EH41/$EH$9) -> 0.8 | EL41: =IF(K31="","",IFERROR(K41*($K$9/100),"")) -> 17.1192 | EM41: =IF(EF41="","",EF41/$EF$9) -> 0.8123 | EO41: =IF(EN41="","",EN41/$EN$9) | ER41: =IF(S41="","",IFERROR(S41*($S$9/100),"")) -> 47.75 | ES41: =IF(ER41="","",ER41/$ER$9) -> 0.955 | ET41: =IF(T41="","",IFERROR(T41*($T$9/100),"")) -> 45.5 | EU41: =IF(ET41="","",ET41/$ET$9) -> 0.91 | EV41: =IFERROR(IF(#REF!="","",IFERROR(#REF!*(#REF!/100),"")),"") | EW41: =IF(EV41="","",EV41/$EV$9) | EX41: =IF(AB41="","",IFERROR(AB41*($AB$9/100),"")) -> 46 | EY41: =IF(EX41="","",EX41/$EX$9) -> 0.92 | EZ41: =IF(AC41="","",IFERROR(AC41*($AC$9/100),"")) -> 47.25 | FA41: =IF(EZ41="","",EZ41/$EZ$9) -> 0.945 | FD41: =IFERROR(IF(#REF!="","",IFERROR(#REF!*(#REF!/100),""))+IF(#REF!="","",IFERROR(#REF!*(#REF!/100),"")),"") | FE41: =IF(FD41="","",FD41/$FD$9) | FF41: =IFERROR(IF(E41="","",IFERROR(E41*($E$9/100),""))+IF(K41="","",IFERROR(K41*($K$9/100),""))+IF(N41="","",IFERROR(N41*($N$9/100),""))+IF(W41="","",IFERROR(W41*($W$9/100),"")),"") -> 151.2442 | FG41: =IF(FF41="","",FF41/$FF$9) -> 0.88446901 | FJ41: =IFERROR(IF(AC41="","",IFERROR(AC41*($AC$9/100),""))+IF(#REF!="","",IFERROR(#REF!*(#REF!/100),"")),"") | FK41: =IF(FJ41="","",FJ41/$FJ$9) | FL41: =IFERROR(IF(Z41="","",IFERROR(Z41*($Z$9/100),"")),"") -> 44.85 | FM41: =IF(FL41="","",FL41/$FL$9) -> 0.897 | FN41: =SUM(BJ41:FL41) -> 869.32377 | FO41: =FN41/$FN$9 -> #REF!
A42: 32 | B42: 24.05.52.3010 | C42: PUTRY MEINERS ELISABET FAHIK | D42: ='MK1-TM'!D50 -> 80.25 | E42: ='MK1-TM'!E50 -> 80.25 | F42: =IFERROR((D42*($D$9/100))+(E42*($E$9/100)),"") -> 80.25 | G42: ='MK2-TO'!D50 -> 79.38 | H42: ='MK2-TO'!E50 -> 81.38 | I42: ='MK2-TO'!F50 -> 72.31 | J42: ='MK2-TO'!G50 -> 76.43 | K42: ='MK2-TO'!H50 -> 72.86 | L42: =IFERROR((G42*($G$9/100))+(H42*($H$9/100))+(I42*($I$9/100))+(J42*($J$9/100)+(K42*($K$9/100))),"") -> 75.8731 | M42: ='MK3-PSTI'!D50 -> 82.5 | N42: ='MK3-PSTI'!E50 -> 72 | O42: =IFERROR((M42*($M$9/100))+(N42*($N$9/100)),"") -> 77.25 | P42: =IF('MK4-L&A'!D50="","",'MK4-L&A'!D50) -> 74 | Q42: =IF('MK4-L&A'!E50="","",'MK4-L&A'!E50) -> 74 | R42: =IFERROR((P42*($P$9/100))+(Q42*($Q$9/100)),"") -> 74 | S42: =IF('MK5-BP'!D50="","",'MK5-BP'!D50) -> 91 | T42: =IF('MK5-BP'!E48="","",'MK5-BP'!E48) -> 91 | U42: =IFERROR((S42*($S$9/100))+(T42*($T$9/100)),"") -> 91 | V42: =IF('MK7-MBD'!D50="","",'MK7-MBD'!D50) -> 85 | W42: =IF('MK7-MBD'!E50="","",'MK7-MBD'!E50) -> 90 | X42: =IFERROR((V42*($S$9/100))+(W42*($T$9/100)),"") -> 87.5 | Y42: =IF(MK8_BID!D50="","",MK8_BID!D50) -> 89.7 | Z42: =IF(MK8_BID!E50="","",MK8_BID!E50) -> 89.7 | AA42: =IFERROR((Y42*($S$9/100))+(Z42*($T$9/100)),"") -> 89.7 | AB42: =IF('MK16-AGM'!D50="","",'MK16-AGM'!D50) -> 91 | AC42: =IF('MK16-AGM'!E50="","",'MK16-AGM'!E50) -> 100 | AD42: =IFERROR((AB42*($AB$9/100))+(AC42*($AC$9/100)),"") -> 95.5 | AF42: =IFERROR((D42*($D$9/100)+G42*($G$9/100)+M42*($M$9/100)+V42*($V$9/100)),"") -> 136.5758 | AG42: =IFERROR(AF42/$AF$8*100,"") -> 63.523628 | AH42: =IFERROR((#REF!*(#REF!/100)),"") | AI42: =IFERROR(AH42/$AH$8*100,"") | AJ42: =IFERROR((P42*($P$9/100)+S42*($S$9/100)),"") -> 82.5 | AK42: =IFERROR(AJ42/$AJ$8*100,"") -> 82.5 | AL42: =IFERROR((#REF!*(#REF!/100)),"") | AM42: =IFERROR(AL42/$AL$8*100,"") | AV42: =IFERROR((Q42*($Q$9/100)+T42*($T$9/100)),"") -> 82.5 | AW42: =IFERROR(AV42/$AV$8*100,"") -> 82.5 | AX42: =IFERROR((Y42*($Y$9/100)+AB42*($AB$9/100)+#REF!*(#REF!/100)),"") | AY42: =IFERROR(AX42/$AX$8*100,"") | BB42: =IFERROR((#REF!*(#REF!/100)+#REF!*(#REF!/100)+#REF!*(#REF!/100)),"") | BC42: =IFERROR(BB42/$BB$8*100,"") | BD42: =IFERROR((E42*($E$9/100)+K42*($K$9/100)+N42*($N$9/100)+W42*($W$9/100)),"") -> 136.4256 | BE42: =IFERROR(BD42/$BD$8*100,"") -> 79.781053 | BF42: =IFERROR((Z42*($Z$9/100)+AC42*($AC$9/100)+#REF!*(#REF!/100)),"") | BG42: =IFERROR(BF42/$BF$8*100,"") | BJ42: =IF(V42="","",IFERROR(V42*($V$9/100),"")) -> 42.5 | BK42: =IF(BJ42="","",BJ42/$BJ$9) -> 0.85 | BL42: =IF(Y42="","",IFERROR(Y42*($BL$9/100),"")) -> 44.85 | BM42: =IF(BL42="","",BL42/$BL$9) -> 0.897 | BN42: =IF(Z42="","",IFERROR(Z42*($BN$9/100),"")) -> 44.85 | BO42: =IF(BN42="","",BN42/$BN$9) -> 0.897 | BP42: =IF(D42="","",IFERROR(D42*($D$9/100),"")) -> 40.125 | BQ42: =IF(BP42="","",BP42/$BP$9) -> 0.8025 | BT42: =IF(E42="","",IFERROR(E42*($E$9/100),"")) -> 40.125 | BU42: =IF(BT42="","",BT42/$BT$9) -> 0.8025 | CA42: =IF(BZ42="","",BZ42/$BZ$9) | CE42: =IF(CD42="","",CD42/$CD$9) | CP42: =IF(P42="","",IFERROR(P42*($P$9/100),"")) -> 37 | CQ42: =IF(CP42="","",CP42/$CP$9) -> 0.74 | CR42: =IF(Q42="","",IFERROR(Q42*($Q$9/100),"")) -> 37 | CS42: =IF(CR42="","",CR42/$CR$9) -> 0.74 | DR42: =IF(M42="","",IFERROR(M42*($M$9/100),"")) -> 41.25 | DS42: =IF(DR42="","",DR42/$DR$9) -> 0.825 | DX42: =IF(N42="","",IFERROR(N42*($N$9/100),"")) -> 36 | DY42: =IF(DX42="","",DX42/$DX$9) -> 0.72 | EB42: =IF(G42="","",IFERROR(G42*($G$9/100),"")) -> 12.7008 | EC42: =IF(EB42="","",EB42/$EB$9) -> 0.7938 | ED42: =IF(H42="","",IFERROR(H42*($H$9/100),"")) -> 13.0208 | EE42: =IF(ED42="","",ED42/$ED$9) -> 0.8138 | EF42: =IF(I32="","",IFERROR(I42*($I$9/100),"")) -> 18.8006 | EG42: =IF(EF42="","",EF42/$EF$9) -> 0.7231 | EH42: =IF(J32="","",IFERROR(J42*($J$9/100),"")) -> 16.0503 | EI42: =IF(EH42="","",EH42/$EH$9) -> 0.7643 | EL42: =IF(K32="","",IFERROR(K42*($K$9/100),"")) -> 15.3006 | EM42: =IF(EF42="","",EF42/$EF$9) -> 0.7231 | EO42: =IF(EN42="","",EN42/$EN$9) | ER42: =IF(S42="","",IFERROR(S42*($S$9/100),"")) -> 45.5 | ES42: =IF(ER42="","",ER42/$ER$9) -> 0.91 | ET42: =IF(T42="","",IFERROR(T42*($T$9/100),"")) -> 45.5 | EU42: =IF(ET42="","",ET42/$ET$9) -> 0.91 | EV42: =IFERROR(IF(#REF!="","",IFERROR(#REF!*(#REF!/100),"")),"") | EW42: =IF(EV42="","",EV42/$EV$9) | EX42: =IF(AB42="","",IFERROR(AB42*($AB$9/100),"")) -> 45.5 | EY42: =IF(EX42="","",EX42/$EX$9) -> 0.91 | EZ42: =IF(AC42="","",IFERROR(AC42*($AC$9/100),"")) -> 50 | FA42: =IF(EZ42="","",EZ42/$EZ$9) -> 1 | FD42: =IFERROR(IF(#REF!="","",IFERROR(#REF!*(#REF!/100),""))+IF(#REF!="","",IFERROR(#REF!*(#REF!/100),"")),"") | FE42: =IF(FD42="","",FD42/$FD$9) | FF42: =IFERROR(IF(E42="","",IFERROR(E42*($E$9/100),""))+IF(K42="","",IFERROR(K42*($K$9/100),""))+IF(N42="","",IFERROR(N42*($N$9/100),""))+IF(W42="","",IFERROR(W42*($W$9/100),"")),"") -> 136.4256 | FG42: =IF(FF42="","",FF42/$FF$9) -> 0.79781053 | FJ42: =IFERROR(IF(AC42="","",IFERROR(AC42*($AC$9/100),""))+IF(#REF!="","",IFERROR(#REF!*(#REF!/100),"")),"") | FK42: =IF(FJ42="","",FJ42/$FJ$9) | FL42: =IFERROR(IF(Z42="","",IFERROR(Z42*($Z$9/100),"")),"") -> 44.85 | FM42: =IF(FL42="","",FL42/$FL$9) -> 0.897 | FN42: =SUM(BJ42:FL42) -> 822.96861 | FO42: =FN42/$FN$9 -> #REF!
A43: 33 | B43: 24.05.52.3011 | C43: AMINATUL AROFAH | D43: ='MK1-TM'!D51 -> 83.75 | E43: ='MK1-TM'!E51 -> 83.75 | F43: =IFERROR((D43*($D$9/100))+(E43*($E$9/100)),"") -> 83.75 | G43: ='MK2-TO'!D51 -> 76.25 | H43: ='MK2-TO'!E51 -> 76.25 | I43: ='MK2-TO'!F51 -> 80 | J43: ='MK2-TO'!G51 -> 72.86 | K43: ='MK2-TO'!H51 -> 80 | L43: =IFERROR((G43*($G$9/100))+(H43*($H$9/100))+(I43*($I$9/100))+(J43*($J$9/100)+(K43*($K$9/100))),"") -> 77.3006 | M43: ='MK3-PSTI'!D51 -> 72 | N43: ='MK3-PSTI'!E51 -> 51 | O43: =IFERROR((M43*($M$9/100))+(N43*($N$9/100)),"") -> 61.5 | P43: =IF('MK4-L&A'!D51="","",'MK4-L&A'!D51) -> 74 | Q43: =IF('MK4-L&A'!E51="","",'MK4-L&A'!E51) -> 82 | R43: =IFERROR((P43*($P$9/100))+(Q43*($Q$9/100)),"") -> 78 | S43: =IF('MK5-BP'!D51="","",'MK5-BP'!D51) -> 95.5 | T43: =IF('MK5-BP'!E51="","",'MK5-BP'!E51) -> 95.5 | U43: =IFERROR((S43*($S$9/100))+(T43*($T$9/100)),"") -> 95.5 | V43: =IF('MK7-MBD'!D51="","",'MK7-MBD'!D51) -> 95.55 | W43: =IF('MK7-MBD'!E51="","",'MK7-MBD'!E51) -> 95.55 | X43: =IFERROR((V43*($S$9/100))+(W43*($T$9/100)),"") -> 95.55 | Y43: =IF(MK8_BID!D51="","",MK8_BID!D51) -> 87.95 | Z43: =IF(MK8_BID!E51="","",MK8_BID!E51) -> 87.95 | AA43: =IFERROR((Y43*($S$9/100))+(Z43*($T$9/100)),"") -> 87.95 | AB43: =IF('MK16-AGM'!D51="","",'MK16-AGM'!D51) -> 91 | AC43: =IF('MK16-AGM'!E51="","",'MK16-AGM'!E51) -> 91 | AD43: =IFERROR((AB43*($AB$9/100))+(AC43*($AC$9/100)),"") -> 91 | AF43: =IFERROR((D43*($D$9/100)+G43*($G$9/100)+M43*($M$9/100)+V43*($V$9/100)),"") -> 137.85 | AG43: =IFERROR(AF43/$AF$8*100,"") -> 64.116279 | AH43: =IFERROR((#REF!*(#REF!/100)),"") | AI43: =IFERROR(AH43/$AH$8*100,"") | AJ43: =IFERROR((P43*($P$9/100)+S43*($S$9/100)),"") -> 84.75 | AK43: =IFERROR(AJ43/$AJ$8*100,"") -> 84.75 | AL43: =IFERROR((#REF!*(#REF!/100)),"") | AM43: =IFERROR(AL43/$AL$8*100,"") | AV43: =IFERROR((Q43*($Q$9/100)+T43*($T$9/100)),"") -> 88.75 | AW43: =IFERROR(AV43/$AV$8*100,"") -> 88.75 | AX43: =IFERROR((Y43*($Y$9/100)+AB43*($AB$9/100)+#REF!*(#REF!/100)),"") | AY43: =IFERROR(AX43/$AX$8*100,"") | BB43: =IFERROR((#REF!*(#REF!/100)+#REF!*(#REF!/100)+#REF!*(#REF!/100)),"") | BC43: =IFERROR(BB43/$BB$8*100,"") | BD43: =IFERROR((E43*($E$9/100)+K43*($K$9/100)+N43*($N$9/100)+W43*($W$9/100)),"") -> 131.95 | BE43: =IFERROR(BD43/$BD$8*100,"") -> 77.163743 | BF43: =IFERROR((Z43*($Z$9/100)+AC43*($AC$9/100)+#REF!*(#REF!/100)),"") | BG43: =IFERROR(BF43/$BF$8*100,"") | BJ43: =IF(V43="","",IFERROR(V43*($V$9/100),"")) -> 47.775 | BK43: =IF(BJ43="","",BJ43/$BJ$9) -> 0.9555 | BL43: =IF(Y43="","",IFERROR(Y43*($BL$9/100),"")) -> 43.975 | BM43: =IF(BL43="","",BL43/$BL$9) -> 0.8795 | BN43: =IF(Z43="","",IFERROR(Z43*($BN$9/100),"")) -> 43.975 | BO43: =IF(BN43="","",BN43/$BN$9) -> 0.8795 | BP43: =IF(D43="","",IFERROR(D43*($D$9/100),"")) -> 41.875 | BQ43: =IF(BP43="","",BP43/$BP$9) -> 0.8375 | BT43: =IF(E43="","",IFERROR(E43*($E$9/100),"")) -> 41.875 | BU43: =IF(BT43="","",BT43/$BT$9) -> 0.8375 | CA43: =IF(BZ43="","",BZ43/$BZ$9) | CE43: =IF(CD43="","",CD43/$CD$9) | CP43: =IF(P43="","",IFERROR(P43*($P$9/100),"")) -> 37 | CQ43: =IF(CP43="","",CP43/$CP$9) -> 0.74 | CR43: =IF(Q43="","",IFERROR(Q43*($Q$9/100),"")) -> 41 | CS43: =IF(CR43="","",CR43/$CR$9) -> 0.82 | DR43: =IF(M43="","",IFERROR(M43*($M$9/100),"")) -> 36 | DS43: =IF(DR43="","",DR43/$DR$9) -> 0.72 | DX43: =IF(N43="","",IFERROR(N43*($N$9/100),"")) -> 25.5 | DY43: =IF(DX43="","",DX43/$DX$9) -> 0.51 | EB43: =IF(G43="","",IFERROR(G43*($G$9/100),"")) -> 12.2 | EC43: =IF(EB43="","",EB43/$EB$9) -> 0.7625 | ED43: =IF(H43="","",IFERROR(H43*($H$9/100),"")) -> 12.2 | EE43: =IF(ED43="","",ED43/$ED$9) -> 0.7625 | EF43: =IF(I33="","",IFERROR(I43*($I$9/100),"")) -> 20.8 | EG43: =IF(EF43="","",EF43/$EF$9) -> 0.8 | EH43: =IF(J33="","",IFERROR(J43*($J$9/100),"")) -> 15.3006 | EI43: =IF(EH43="","",EH43/$EH$9) -> 0.7286 | EL43: =IF(K33="","",IFERROR(K43*($K$9/100),"")) -> 16.8 | EM43: =IF(EF43="","",EF43/$EF$9) -> 0.8 | EO43: =IF(EN43="","",EN43/$EN$9) | ER43: =IF(S43="","",IFERROR(S43*($S$9/100),"")) -> 47.75 | ES43: =IF(ER43="","",ER43/$ER$9) -> 0.955 | ET43: =IF(T43="","",IFERROR(T43*($T$9/100),"")) -> 47.75 | EU43: =IF(ET43="","",ET43/$ET$9) -> 0.955 | EV43: =IFERROR(IF(#REF!="","",IFERROR(#REF!*(#REF!/100),"")),"") | EW43: =IF(EV43="","",EV43/$EV$9) | EX43: =IF(AB43="","",IFERROR(AB43*($AB$9/100),"")) -> 45.5 | EY43: =IF(EX43="","",EX43/$EX$9) -> 0.91 | EZ43: =IF(AC43="","",IFERROR(AC43*($AC$9/100),"")) -> 45.5 | FA43: =IF(EZ43="","",EZ43/$EZ$9) -> 0.91 | FD43: =IFERROR(IF(#REF!="","",IFERROR(#REF!*(#REF!/100),""))+IF(#REF!="","",IFERROR(#REF!*(#REF!/100),"")),"") | FE43: =IF(FD43="","",FD43/$FD$9) | FF43: =IFERROR(IF(E43="","",IFERROR(E43*($E$9/100),""))+IF(K43="","",IFERROR(K43*($K$9/100),""))+IF(N43="","",IFERROR(N43*($N$9/100),""))+IF(W43="","",IFERROR(W43*($W$9/100),"")),"") -> 131.95 | FG43: =IF(FF43="","",FF43/$FF$9) -> 0.77163743 | FJ43: =IFERROR(IF(AC43="","",IFERROR(AC43*($AC$9/100),""))+IF(#REF!="","",IFERROR(#REF!*(#REF!/100),"")),"") | FK43: =IF(FJ43="","",FJ43/$FJ$9) | FL43: =IFERROR(IF(Z43="","",IFERROR(Z43*($Z$9/100),"")),"") -> 43.975 | FM43: =IF(FL43="","",FL43/$FL$9) -> 0.8795 | FN43: =SUM(BJ43:FL43) -> 814.23534 | FO43: =FN43/$FN$9 -> #REF!
A44: 34 | B44: 24.05.52.3012 | C44: RORO AYU SUKMAWATI | D44: ='MK1-TM'!D52 -> 80.25 | E44: ='MK1-TM'!E52 -> 80.25 | F44: =IFERROR((D44*($D$9/100))+(E44*($E$9/100)),"") -> 80.25 | G44: ='MK2-TO'!D52 -> 70.63 | H44: ='MK2-TO'!E52 -> 53.13 | I44: ='MK2-TO'!F52 -> 44.23 | J44: ='MK2-TO'!G52 -> 70.48 | K44: ='MK2-TO'!H52 -> 42.86 | L44: =IFERROR((G44*($G$9/100))+(H44*($H$9/100))+(I44*($I$9/100))+(J44*($J$9/100)+(K44*($K$9/100))),"") -> 55.1028 | M44: ='MK3-PSTI'!D52 -> 10 | N44: ='MK3-PSTI'!E52 -> 10 | O44: =IFERROR((M44*($M$9/100))+(N44*($N$9/100)),"") -> 10 | P44: =IF('MK4-L&A'!D52="","",'MK4-L&A'!D52) -> 10 | Q44: =IF('MK4-L&A'!E52="","",'MK4-L&A'!E52) -> 59 | R44: =IFERROR((P44*($P$9/100))+(Q44*($Q$9/100)),"") -> 34.5 | S44: =IF('MK5-BP'!D52="","",'MK5-BP'!D52) -> 95.5 | T44: =IF('MK5-BP'!E52="","",'MK5-BP'!E52) -> 95.5 | V44: =IF('MK7-MBD'!D52="","",'MK7-MBD'!D52) -> 88 | W44: =IF('MK7-MBD'!E52="","",'MK7-MBD'!E52) -> 88 | X44: =IFERROR((V44*($S$9/100))+(W44*($T$9/100)),"") -> 88 | Y44: =IF(MK8_BID!D52="","",MK8_BID!D52) -> 47.1 | Z44: =IF(MK8_BID!E52="","",MK8_BID!E52) -> 47.1 | AA44: =IFERROR((Y44*($S$9/100))+(Z44*($T$9/100)),"") -> 47.1 | AB44: =IF('MK16-AGM'!D52="","",'MK16-AGM'!D52) -> 67.5 | AC44: =IF('MK16-AGM'!E52="","",'MK16-AGM'!E52) -> 64 | AD44: =IFERROR((AB44*($AB$9/100))+(AC44*($AC$9/100)),"") -> 65.75 | AF44: =IFERROR((D44*($D$9/100)+G44*($G$9/100)+M44*($M$9/100)+V44*($V$9/100)),"") -> 100.4258 | AG44: =IFERROR(AF44/$AF$8*100,"") -> 46.709674 | AH44: =IFERROR((#REF!*(#REF!/100)),"") | AI44: =IFERROR(AH44/$AH$8*100,"") | AL44: =IFERROR((#REF!*(#REF!/100)),"") | AM44: =IFERROR(AL44/$AL$8*100,"") | AX44: =IFERROR((Y44*($Y$9/100)+AB44*($AB$9/100)+#REF!*(#REF!/100)),"") | AY44: =IFERROR(AX44/$AX$8*100,"") | BB44: =IFERROR((#REF!*(#REF!/100)+#REF!*(#REF!/100)+#REF!*(#REF!/100)),"") | BC44: =IFERROR(BB44/$BB$8*100,"") | BD44: =IFERROR((E44*($E$9/100)+K44*($K$9/100)+N44*($N$9/100)+W44*($W$9/100)),"") -> 98.1256 | BE44: =IFERROR(BD44/$BD$8*100,"") -> 57.383392 | BF44: =IFERROR((Z44*($Z$9/100)+AC44*($AC$9/100)+#REF!*(#REF!/100)),"") | BG44: =IFERROR(BF44/$BF$8*100,"") | BJ44: =IF(V44="","",IFERROR(V44*($V$9/100),"")) -> 44 | BK44: =IF(BJ44="","",BJ44/$BJ$9) -> 0.88 | BL44: =IF(Y44="","",IFERROR(Y44*($BL$9/100),"")) -> 23.55 | BM44: =IF(BL44="","",BL44/$BL$9) -> 0.471 | BN44: =IF(V44="","",IFERROR(V44*($BN$9/100),"")) -> 44 | BO44: =IF(BN44="","",BN44/$BN$9) -> 0.88 | BP44: =IF(D44="","",IFERROR(D44*($D$9/100),"")) -> 40.125 | BQ44: =IF(BP44="","",BP44/$BP$9) -> 0.8025 | BT44: =IF(E44="","",IFERROR(E44*($E$9/100),"")) -> 40.125 | BU44: =IF(BT44="","",BT44/$BT$9) -> 0.8025 | CA44: =IF(BZ44="","",BZ44/$BZ$9) | CE44: =IF(CD44="","",CD44/$CD$9) | CP44: =IF(P44="","",IFERROR(P44*($P$9/100),"")) -> 5 | CQ44: =IF(CP44="","",CP44/$CP$9) -> 0.1 | CR44: =IF(Q44="","",IFERROR(Q44*($Q$9/100),"")) -> 29.5 | CS44: =IF(CR44="","",CR44/$CR$9) -> 0.59 | DR44: =IF(M44="","",IFERROR(M44*($M$9/100),"")) -> 5 | DS44: =IF(DR44="","",DR44/$DR$9) -> 0.1 | DX44: =IF(N44="","",IFERROR(N44*($N$9/100),"")) -> 5 | DY44: =IF(DX44="","",DX44/$DX$9) -> 0.1 | EB44: =IF(G44="","",IFERROR(G44*($G$9/100),"")) -> 11.3008 | EC44: =IF(EB44="","",EB44/$EB$9) -> 0.7063 | ED44: =IF(H44="","",IFERROR(H44*($H$9/100),"")) -> 8.5008 | EE44: =IF(ED44="","",ED44/$ED$9) -> 0.5313 | EF44: =IF(I34="","",IFERROR(I44*($I$9/100),"")) -> 11.4998 | EG44: =IF(EF44="","",EF44/$EF$9) -> 0.4423 | EH44: =IF(J34="","",IFERROR(J44*($J$9/100),"")) -> 14.8008 | EI44: =IF(EH44="","",EH44/$EH$9) -> 0.7048 | EL44: =IF(K34="","",IFERROR(K44*($K$9/100),"")) -> 9.0006 | EM44: =IF(EF44="","",EF44/$EF$9) -> 0.4423 | EO44: =IF(EN44="","",EN44/$EN$9) | ER44: =IF(S44="","",IFERROR(S44*($S$9/100),"")) -> 47.75 | ES44: =IF(ER44="","",ER44/$ER$9) -> 0.955 | ET44: =IF(T44="","",IFERROR(T44*($T$9/100),"")) -> 47.75 | EU44: =IF(ET44="","",ET44/$ET$9) -> 0.955 | EW44: =IF(EV44="","",EV44/$EV$9) | EX44: =IF(AB44="","",IFERROR(AB44*($AB$9/100),"")) -> 33.75 | EY44: =IF(EX44="","",EX44/$EX$9) -> 0.675 | EZ44: =IF(AC44="","",IFERROR(AC44*($AC$9/100),"")) -> 32 | FA44: =IF(EZ44="","",EZ44/$EZ$9) -> 0.64 | FE44: =IF(FD44="","",FD44/$FD$9) | FG44: =IF(FF44="","",FF44/$FF$9) | FK44: =IF(FJ44="","",FJ44/$FJ$9) | FM44: =IF(FL44="","",FL44/$FL$9)
BJ45: =IF(V45="","",IFERROR(V45*($V$9/100),"")) | BL45: =IF(Y45="","",IFERROR(Y45*($BL$9/100),"")) | BT45: =IF(E45="","",IFERROR(E45*($E$9/100),"")) | BU45: =IF(BT45="","",BT45/$BT$9) | CP45: =IF(P45="","",IFERROR(P45*($P$9/100),"")) | CQ45: =IF(CP45="","",CP45/$CP$9) | CR45: =IF(Q45="","",IFERROR(Q45*($Q$9/100),"")) | CS45: =IF(CR45="","",CR45/$CR$9) | DR45: =IF(M45="","",IFERROR(M45*($M$9/100),"")) | DS45: =IF(DR45="","",DR45/$DR$9) | DX45: =IF(N45="","",IFERROR(N45*($N$9/100),"")) | EB45: =IF(G45="","",IFERROR(G45*($G$9/100),"")) | ED45: =IF(H45="","",IFERROR(H45*($H$9/100),"")) | EE45: =IF(ED45="","",ED45/$ED$9) | EG45: =IF(EF45="","",EF45/$EF$9) | EM45: =IF(EF45="","",EF45/$EF$9) | EO45: =IF(EN45="","",EN45/$EN$9) | ER45: =IF(S45="","",IFERROR(S45*($S$9/100),"")) | ES45: =IF(ER45="","",ER45/$ER$9) | ET45: =IF(T45="","",IFERROR(T45*($T$9/100),"")) | EU45: =IF(ET45="","",ET45/$ET$9) | EX45: =IF(AB45="","",IFERROR(AB45*($AB$9/100),"")) | EY45: =IF(EX45="","",EX45/$EX$9) | EZ45: =IF(AC45="","",IFERROR(AC45*($AC$9/100),"")) | FA45: =IF(EZ45="","",EZ45/$EZ$9)
