Workbook

Sheet Mhsw2024
A1: No | B1: NIM | C1: Nama Mahasiswa
A2: 1 | B2: 24.05.52.0002 | C2: SNEHA JAYA BAIDURI
A3: 2 | B3: 24.05.52.0003 | C3: ALFARIESSA GIFTHA ANDREA PITALOKA
A4: 3 | B4: 24.05.52.0004 | C4: MAHARANI PUTRI RUSTIANTI
A5: 4 | B5: 24.05.52.0005 | C5: FLORA SUCI FERONIKA
A6: 5 | B6: 24.05.52.0006 | C6: AATHIRA AUFA AZ-ZAHRA
A7: 6 | B7: 24.05.52.0007 | C7: SHEILA MONA PUTRI IKSANTI
A8: 7 | B8: 24.05.52.0008 | C8: RAIHAN RIFA MAHARADITYA
A9: 8 | B9: 24.05.52.0009 | C9: MARLINA DWI SAPUTRI
A10: 9 | B10: 24.05.52.0011 | C10: JONATHAN REXY FERDINAN
A11: 10 | B11: 24.05.52.0012 | C11: GITA TEONANDA ARELLIA
A12: 11 | B12: 24.05.52.0013 | C12: MUHAMMAD MAFTUF
A13: 12 | B13: 24.05.52.0014 | C13: ARELIA SALSABILA SAFITRI
... A37: 36 | B37: 24.05.52.3012 | C37: RORO AYU SUKMAWATI

Sheet ListMKSmt-1
A1: No | B1: ID | C1: Smtr | D1: Kode Matakuliah | E1: Nama Matakuliah | F1: Kategori | G1: SKS | H1: 1 | I1: 2 | J1: 3 | K1: 4 | L1: 5 | M1: 6 | N1: 7 | O1: 8 | AF1: No | AH1: Kode Matakuliah | AI1: Nama Matakuliah | AJ1: Kategori | AK1: SKS | AL1: 1 | AM1: 2 | AN1: 3 | AO1: 4 | AP1: 5 | AQ1: 6 | AR1: 7 | AS1: 8
A2: 1 | B2: MK9 | C2: 2 | D2: P.24.05.52.2.06 | E2: Akuntansi Pengantar 2 | F2: Wajib | G2: 3 | H2: V | AF2: 1 | AG2: MK1 | AH2: P.20.01.55.1.01 | AI2: TEORI MANAJEMEN | AJ2: Wajib | AK2: 2 | AL2: V
A3: 2 | B3: MK10 | C3: 2 | D3: P.24.05.52.2.07 | E3: Perpajakan 2 | F3: Wajib | G3: 3 | H3: V | AF3: 2 | AG3: MK2 | AH3: P.20.01.55.1.02 | AI3: TEORI ORGANISASI | AJ3: Wajib | AK3: 2 | AL3: V
A4: 3 | B4: MK11 | C4: 2 | D4: P.24.05.52.2.08 | E4: Akuntansi Sektor Publik | F4: Wajib | G4: 3 | H4: V | AF4: 3 | AG4: MK3 | AH4: P.20.01.55.1.03 | AI4: KONSEP SISTEM DAN TEKNOLOGI INFORMASI | AJ4: Wajib | AK4: 2 | AL4: V
A5: 4 | B5: MK12 | C5: 2 | D5: P.24.05.52.2.09 | E5: Akuntansi Perbankan | F5: Wajib | G5: 3 | H5: V | AF5: 4 | AG5: MK4 | AH5: P.20.01.55.1.04 | AI5: LOGIKA DAN ALGORITMA | AJ5: Wajib | AK5: 3 | AL5: V
A6: 5 | B6: MK13 | C6: 2 | D6: P.24.05.52.2.10 | E6: Akuntansi Biaya | F6: Wajib | G6: 3 | H6: V | AF6: 5 | AG6: MK5 | AH6: P.20.01.55.1.05 | AI6: BAHASA PEMROGRAMAN | AJ6: Wajib | AK6: 2 | AL6: V
A7: 6 | B7: MK14 | C7: 2 | D7: U.24.05.52.2.04 | E7: Pancasila | F7: Wajib | G7: 2 | H7: V | AF7: 6 | AG7: MK6 | AH7: P.20.01.55.1.06 | AI7: LOGIKA MATEMATIKA | AJ7: Wajib | AK7: 3 | AL7: V
A8: 7 | B8: MK15 | C8: 2 | D8: U.24.05.52.2.05 | E8: Bahasa Indonesia | F8: Wajib | G8: 2 | H8: V | AF8: 7 | AG8: MK7 | AH8: P.20.01.55.1.07 | AI8: MANAJEMEN BASIS DATA | AJ8: Wajib | AK8: 3 | AL8: V
AF9: 8 | AG9: MK8 | AH9: U.20.01.55.1.01 | AI9: BAHASA INGGRIS DASAR | AJ9: Wajib | AK9: 2 | AL9: V
A10: =SUM(G2:G8) -> 19 | AF10: 9 | AG10: MK9 | AH10: P.20.01.55.2.08 | AI10: ANALISA SISTEM INFORMASI | AJ10: Wajib | AK10: 3 | AM10: V

Sheet MK1-TM
A1: FORM MONITORING DAN EVALUASI
A2: KETERCAPAIAN CAPAIAN PEMBELAJARAN MATAKULIAH(CPMK) PADA SATU ANGKATAN
A4: Tahun Akademik | C4: : 2024/2025 | G4: Program Studi | I4: : Akuntansi
A5: Kode Matakuliah | C5: : P.24.05.52.2.06 | G5: Fakultas | I5: : Ekonomika dan Bisnis
A6: Nama Matakuliah | C6: : Akuntansi Pengantar 2
A7: SKS Matakuliah | C7: : 3
A8: Semester/ Kelas | C8: : I / A1+DLC
A9: Dosen Pengampu | C9: : 1. Y.2.00.04.114 CAHYANI NUSWANDARI, SE., M.Si., Ak CA
C10: : 2.Y.2.92.07.083 Dr. CEACILIA SRIMINDARTI, S.Pd, M.Si
D12: MK9 | I12: Nilai Akhir MK | J12: Nilai Huruf
D13: P.24.05.52.1.06
D14: Akuntansi Pengantar 2
D15: CPL02 | E15: =D15 -> CPL02 | F15: CPL02 | G15: CPL02 | H15: CPL02
D16: CPMK021 | E16: CPMK022 | F16: CPMK023 | G16: CPMK024 | H16: CPMK025
D17: 21 | E17: 22 | F17: 23 | G17: 24 | H17: 25
A18: No | B18: NIM | C18: Nama Mahasiswa
A19: 1 | B19: 24.05.52.0002 | C19: SNEHA JAYA BAIDURI | D19: 89.75 | E19: 89.73 | F19: 90.3 | G19: 60.95 | H19: 61.96 | I19: =IFERROR((D19*($D$17/100))+(E19*($E$17/100))+(F19*($F$17/100))+(G19*($G$17/100))+(H19*($H$17/100)),"") -> 89.4751 | J19: =IFERROR(VLOOKUP(I19,[1]Sheet1!$AA$1:$AB$10,2),"") -> A-
A20: 2 | B20: 24.05.52.0003 | C20: ALFARIESSA GIFTHA ANDREA PITALOKA | D20: 92.5 | E20: 93 | F20: 92.25 | G20: 80.91 | H20: 82.96 | I20: =IFERROR((D20*($D$17/100))+(E20*($E$17/100))+(F20*($F$17/100))+(G20*($G$17/100))+(H20*($H$17/100)),"") -> 101.2609 | J20: =IFERROR(VLOOKUP(I20,[1]Sheet1!$AA$1:$AB$10,2),"") -> A
A21: 3 | B21: 24.05.52.0004 | C21: MAHARANI PUTRI RUSTIANTI | D21: 75.63 | E21: 74.67 | F21: 72.25 | G21: 66.82 | H21: 67.59 | I21: =IFERROR((D21*($D$17/100))+(E21*($E$17/100))+(F21*($F$17/100))+(G21*($G$17/100))+(H21*($H$17/100)),"") -> 81.8615 | J21: =IFERROR(VLOOKUP(I21,[1]Sheet1!$AA$1:$AB$10,2),"") -> B+
A22: 4 | B22: 24.05.52.0005 | C22: FLORA SUCI FERONIKA | D22: 62.88 | E22: 61.4 | F22: 58.3 | G22: 65.95 | H22: 67.33 | I22: =IFERROR((D22*($D$17/100))+(E22*($E$17/100))+(F22*($F$17/100))+(G22*($G$17/100))+(H22*($H$17/100)),"") -> 72.7823 | J22: =IFERROR(VLOOKUP(I22,[1]Sheet1!$AA$1:$AB$10,2),"") -> B
A23: 5 | B23: 24.05.52.0006 | C23: AATHIRA AUFA AZ-ZAHRA | D23: 76.88 | E23: 76 | F23: 74.25 | G23: 65.45 | H23: 66.11 | I23: =IFERROR((D23*($D$17/100))+(E23*($E$17/100))+(F23*($F$17/100))+(G23*($G$17/100))+(H23*($H$17/100)),"") -> 82.1778 | J23: =IFERROR(VLOOKUP(I23,[1]Sheet1!$AA$1:$AB$10,2),"") -> B+
A24: 6 | B24: 24.05.52.0007 | C24: SHEILA MONA PUTRI IKSANTI | D24: 45.38 | E24: 42.4 | F24: 37.05 | G24: 54.14 | H24: 54.56 | I24: =IFERROR((D24*($D$17/100))+(E24*($E$17/100))+(F24*($F$17/100))+(G24*($G$17/100))+(H24*($H$17/100)),"") -> 54.0129 | J24: =IFERROR(VLOOKUP(I24,[1]Sheet1!$AA$1:$AB$10,2),"") -> C-
A25: 7 | B25: 24.05.52.0008 | C25: RAIHAN RIFA MAHARADITYA | D25: 89.38 | E25: 89.33 | F25: 89.25 | G25: 78.18 | H25: 80 | I25: =IFERROR((D25*($D$17/100))+(E25*($E$17/100))+(F25*($F$17/100))+(G25*($G$17/100))+(H25*($H$17/100)),"") -> 97.7131 | J25: =IFERROR(VLOOKUP(I25,[1]Sheet1!$AA$1:$AB$10,2),"") -> A
A26: 8 | B26: 24.05.52.0009 | C26: MARLINA DWI SAPUTRI | D26: 70.38 | E26: 69.07 | F26: 65.15 | G26: 62.05 | H26: 62.41 | I26: =IFERROR((D26*($D$17/100))+(E26*($E$17/100))+(F26*($F$17/100))+(G26*($G$17/100))+(H26*($H$17/100)),"") -> 75.4542 | J26: =IFERROR(VLOOKUP(I26,[1]Sheet1!$AA$1:$AB$10,2),"") -> B+
A27: 9 | B27: 24.05.52.0011 | C27: JONATHAN REXY FERDINAN | D27: 53 | E27: 50.2 | F27: 45.65 | G27: 48.32 | H27: 47.93 | I27: =IFERROR((D27*($D$17/100))+(E27*($E$17/100))+(F27*($F$17/100))+(G27*($G$17/100))+(H27*($H$17/100)),"") -> 56.2528 | J27: =IFERROR(VLOOKUP(I27,[1]Sheet1!$AA$1:$AB$10,2),"") -> C
A28: 10 | B28: 24.05.52.0012 | C28: GITA TEONANDA ARELLIA | D28: 85.63 | E28: 85.67 | F28: 83.5 | G28: 55.68 | H28: 55.56 | I28: =IFERROR((D28*($D$17/100))+(E28*($E$17/100))+(F28*($F$17/100))+(G28*($G$17/100))+(H28*($H$17/100)),"") -> 83.2879 | J28: =IFERROR(VLOOKUP(I28,[1]Sheet1!$AA$1:$AB$10,2),"") -> B+
A29: 11 | B29: 24.05.52.0013 | C29: MUHAMMAD MAFTUF | D29: 18.88 | E29: 20.13 | F29: 10.35 | G29: 5.09 | H29: 2.07 | I29: =IFERROR((D29*($D$17/100))+(E29*($E$17/100))+(F29*($F$17/100))+(G29*($G$17/100))+(H29*($H$17/100)),"") -> 12.513 | J29: =IFERROR(VLOOKUP(I29,[1]Sheet1!$AA$1:$AB$10,2),"") -> E
A30: 12 | B30: 24.05.52.0014 | C30: ARELIA SALSABILA SAFITRI | D30: 89.13 | E30: 89.07 | F30: 87.65 | G30: 62.5 | H30: 62.96 | I30: =IFERROR((D30*($D$17/100))+(E30*($E$17/100))+(F30*($F$17/100))+(G30*($G$17/100))+(H30*($H$17/100)),"") -> 89.2122 | J30: =IFERROR(VLOOKUP(I30,[1]Sheet1!$AA$1:$AB$10,2),"") -> A-
... A52: 34 | B52: 24.05.52.3010 | C52: PUTRY MEINERS ELISABET FAHIK | D52: 80.25 | E52: 80.47 | F52: 80.27 | G52: 80.55 | H52: 79.44 | I52: =IFERROR((D52*($D$17/100))+(E52*($E$17/100))+(F52*($F$17/100))+(G52*($G$17/100))+(H52*($H$17/100)),"") -> 92.21 | J52: =IFERROR(VLOOKUP(I52,[1]Sheet1!$AA$1:$AB$10,2),"") -> A
A53: 35 | B53: 24.05.52.3011 | C53: AMINATUL AROFAH
A54: 36 | B54: 24.05.52.3012 | C54: RORO AYU SUKMAWATI
D56: =D16 -> CPMK021 | E56: =E16 -> CPMK022 | F56: =F16 -> CPMK023 | G56: =G16 -> CPMK024 | H56: =H16 -> CPMK025 | I56: =I12 -> Nilai Akhir MK
C57: Tidak KRS/ Tidak Aktif | D57: =IFERROR(COUNTIF(D19:D54,""),"") -> 2 | E57: =IFERROR(COUNTIF(E19:E54,""),"") -> 2 | F57: =IFERROR(COUNTIF(F19:F54,""),"") -> 2 | G57: =IFERROR(COUNTIF(G19:G54,""),"") -> 2 | H57: =IFERROR(COUNTIF(H19:H54,""),"") -> 2 | I57: =IFERROR(COUNTIF(I19:I54,""),"") -> 2
C58: <=65 | D58: =IFERROR(COUNTIF(D19:D54,C58)+COUNTIF(D19:D54,""),"")-D57 -> 8 | E58: =IFERROR(COUNTIF(E19:E54,C58)+COUNTIF(E19:E54,""),"")-E57 -> 8 | F58: =IFERROR(COUNTIF(F19:F54,C58)+COUNTIF(F19:F54,""),"")-F57 -> 9 | G58: =IFERROR(COUNTIF(G19:G54,C58)+COUNTIF(G19:G54,""),"")-G57 -> 18 | H58: =IFERROR(COUNTIF(H19:H54,C58)+COUNTIF(H19:H54,""),"")-H57 -> 18 | I58: =IFERROR(COUNTIF(I19:I54,C58)+COUNTIF(I19:I54,""),"")-I57 -> 7
C59: <85 | D59: =IFERROR(COUNTIF(D19:D54,C59)-D58,"") -> 14 | E59: =IFERROR(COUNTIF(E19:E54,C59)-E58,"") -> 14 | F59: =IFERROR(COUNTIF(F19:F54,$C$59)-F58,"") -> 16 | G59: =IFERROR(COUNTIF(G19:G54,$C$59)-G58,"") -> 13 | H59: =IFERROR(COUNTIF(H19:H54,$C$59)-H58,"") -> 13 | I59: =IFERROR(COUNTIF(I19:I54,C59)-I58,"") -> 13
C60: >=85 | D60: =COUNTIF(D19:D54,$C$60) -> 12 | E60: =COUNTIF(E19:E54,$C$60) -> 12 | F60: =COUNTIF(F19:F54,$C$60) -> 9 | G60: =COUNTIF(G19:G54,$C$60) -> 3 | H60: =COUNTIF(H19:H54,$C$60) -> 3 | I60: =IFERROR(COUNTIF(I19:I54,C60),"") -> 14
C61: Total | D61: =SUM(D57:D60) -> 36 | E61: =SUM(E57:E60) -> 36 | F61: =SUM(F57:F60) -> 36 | G61: =SUM(G57:G60) -> 36 | H61: =SUM(H57:H60) -> 36 | I61: =SUM(I57:I60) -> 36
C63: Jumlah mhsw yg lulus CPMK | D63: =(D59+D60)/(D61-D57) -> 0.76470588 | H63: =(H59+H60)/(H61-H57) -> 0.47058824 | I63: =(I59+I60)/(I61-I57) -> 0.79411765
C65: Minimal | D65: =MIN(D19:D54) -> 12.5 | H65: =MIN(H19:H54) -> 2.07 | I65: =IFERROR(MIN(I19:I54),"") -> 12.513
C66: Maksimal | D66: =MAX(D19:D37) -> 92.5 | H66: =MAX(H19:H54) -> 90.04 | I66: =IFERROR(MAX(I19:I54),"") -> 105.2124
C67: Rata-Rata | D67: =AVERAGE(D19:D54) -> 73.171765 | H67: =AVERAGE(H19:H54) -> 60.927353 | I67: =IFERROR(AVERAGE(I19:I54),"") -> 77.539968

Sheet MK2-TO
A1: FORM MONITORING DAN EVALUASI
A2: KETERCAPAIAN CAPAIAN PEMBELAJARAN MATAKULIAH(CPMK) PADA SATU ANGKATAN
A4: Tahun Akademik | C4: : 2024/2025 | F4: Program Studi | G4: : Akuntansi
A5: Kode Matakuliah | C5: : P.24.01.52.2.07 | F5: Fakultas | G5: : Ekonomika dan Bisnis
A6: Nama Matakuliah | C6: : Perpajakan 2
A7: SKS Matakuliah | C7: : 2
A8: Semester/ Kelas | C8: : I / A1+DLC
A9: Dosen Pengampu | C9: : 1. YU.2.16.05.101 SARTIKA WULANDARI, S.Pd., M.Si
C10: : 2.Y.2.93.01.090 - JAENI, S.E., M.Si., Ak., CA
D12: MK10 | G12: Nilai Akhir MK | H12: Nilai Huruf
D13: =TRIM(MID(C5,3,100)) -> P.24.01.52.2.07
D14: =TRIM(MID(C6,3,100)) -> Perpajakan 2
D15: CPL10 | E15: CPL10 | F15: CPL11
D16: CPMK101 | E16: CPMK104 | F16: CPMK111
D17: 16 | E17: 45 | F17: 39
A18: No | B18: NIM | C18: Nama Mahasiswa
A19: 1 | B19: 24.05.52.0002 | C19: SNEHA JAYA BAIDURI | D19: 71.88 | E19: 70.56 | F19: 75.64 | G19: =IFERROR((D19*($D$17/100))+(E19*($E$17/100))+(F19*($F$17/100)),"") -> 72.7524 | H19: =IFERROR(VLOOKUP(G19,[2]Sheet1!$AA$1:$AB$10,2),"") -> B
A20: 2 | B20: 24.05.52.0003 | C20: ALFARIESSA GIFTHA ANDREA PITALOKA | D20: 83.75 | E20: 80.22 | F20: 74.62 | G20: =IFERROR((D20*($D$17/100))+(E20*($E$17/100))+(F20*($F$17/100)),"") -> 78.6008 | H20: =IFERROR(VLOOKUP(G20,[2]Sheet1!$AA$1:$AB$10,2),"") -> B+
A21: 3 | B21: 24.05.52.0004 | C21: MAHARANI PUTRI RUSTIANTI | D21: 68.75 | E21: 65.56 | F21: 67.95 | G21: =IFERROR((D21*($D$17/100))+(E21*($E$17/100))+(F21*($F$17/100)),"") -> 67.0025 | H21: =IFERROR(VLOOKUP(G21,[2]Sheet1!$AA$1:$AB$10,2),"") -> B-
A22: 4 | B22: 24.05.52.0005 | C22: FLORA SUCI FERONIKA | D22: 67.5 | E22: 64.89 | F22: 67.95 | G22: =IFERROR((D22*($D$17/100))+(E22*($E$17/100))+(F22*($F$17/100)),"") -> 66.501 | H22: =IFERROR(VLOOKUP(G22,[2]Sheet1!$AA$1:$AB$10,2),"") -> B-
A23: 5 | B23: 24.05.52.0006 | C23: AATHIRA AUFA AZ-ZAHRA | D23: 68.75 | E23: 65.56 | F23: 67.95 | G23: =IFERROR((D23*($D$17/100))+(E23*($E$17/100))+(F23*($F$17/100)),"") -> 67.0025 | H23: =IFERROR(VLOOKUP(G23,[2]Sheet1!$AA$1:$AB$10,2),"") -> B-
A24: 6 | B24: 24.05.52.0007 | C24: SHEILA MONA PUTRI IKSANTI | D24: 80 | E24: 75.56 | F24: 68.21 | G24: =IFERROR((D24*($D$17/100))+(E24*($E$17/100))+(F24*($F$17/100)),"") -> 73.4039 | H24: =IFERROR(VLOOKUP(G24,[2]Sheet1!$AA$1:$AB$10,2),"") -> B
A25: 7 | B25: 24.05.52.0008 | C25: RAIHAN RIFA MAHARADITYA | D25: 85.63 | E25: 86.78 | F25: 88.46 | G25: =IFERROR((D25*($D$17/100))+(E25*($E$17/100))+(F25*($F$17/100)),"") -> 87.2512 | H25: =IFERROR(VLOOKUP(G25,[2]Sheet1!$AA$1:$AB$10,2),"") -> A-
A26: 8 | B26: 24.05.52.0009 | C26: MARLINA DWI SAPUTRI | D26: 75 | E26: 71.11 | F26: 68.21 | G26: =IFERROR((D26*($D$17/100))+(E26*($E$17/100))+(F26*($F$17/100)),"") -> 70.6014 | H26: =IFERROR(VLOOKUP(G26,[2]Sheet1!$AA$1:$AB$10,2),"") -> B
A27: 9 | B27: 24.05.52.0011 | C27: JONATHAN REXY FERDINAN | D27: 78.13 | E27: 76.11 | F27: 74.36 | G27: =IFERROR((D27*($D$17/100))+(E27*($E$17/100))+(F27*($F$17/100)),"") -> 75.7507 | H27: =IFERROR(VLOOKUP(G27,[2]Sheet1!$AA$1:$AB$10,2),"") -> B+
A28: 10 | B28: 24.05.52.0012 | C28: GITA TEONANDA ARELLIA | D28: 82.5 | E28: 81.78 | F28: 85.26 | G28: =IFERROR((D28*($D$17/100))+(E28*($E$17/100))+(F28*($F$17/100)),"") -> 83.2524 | H28: =IFERROR(VLOOKUP(G28,[2]Sheet1!$AA$1:$AB$10,2),"") -> B+
A29: 11 | B29: 24.05.52.0013 | C29: MUHAMMAD MAFTUF | D29: 71.88 | E29: 55 | F29: 10.26 | G29: =IFERROR((D29*($D$17/100))+(E29*($E$17/100))+(F29*($F$17/100)),"") -> 40.2522 | H29: =IFERROR(VLOOKUP(G29,[2]Sheet1!$AA$1:$AB$10,2),"") -> E
A30: 12 | B30: 24.05.52.0014 | C30: ARELIA SALSABILA SAFITRI | D30: 82.5 | E30: 81.78 | F30: 85.26 | G30: =IFERROR((D30*($D$17/100))+(E30*($E$17/100))+(F30*($F$17/100)),"") -> 83.2524 | H30: =IFERROR(VLOOKUP(G30,[2]Sheet1!$AA$1:$AB$10,2),"") -> B+
... A52: 34 | B52: 24.05.52.3010 | C52: PUTRY MEINERS ELISABET FAHIK | D52: 90 | E52: 90.29 | F52: 82.69 | G52: =IFERROR((D52*($D$17/100))+(E52*($E$17/100))+(F52*($F$17/100)),"") -> 87.2796 | H52: =IFERROR(VLOOKUP(G52,[2]Sheet1!$AA$1:$AB$10,2),"") -> A-
A53: 35 | B53: 24.05.52.3011 | C53: AMINATUL AROFAH
A54: 36 | B54: 24.05.52.3012 | C54: RORO AYU SUKMAWATI
D57: =D16 -> CPMK101 | E57: =E16 -> CPMK104 | F57: =F16 -> CPMK111 | G57: Nilai Akhir
C58: Tidak KRS/ Tidak Aktif | D58: =IFERROR(COUNTIF(D19:D54,""),"") -> 2 | E58: =IFERROR(COUNTIF(E19:E54,""),"") -> 2 | F58: =IFERROR(COUNTIF(F19:F54,""),"") -> 2 | G58: =IFERROR(COUNTIF(G19:G54,""),"") -> 2
C59: <=65 | D59: =IFERROR(COUNTIF(D19:D54,C59)+COUNTIF(D19:D54,""),"")-F58 -> 1 | E59: =IFERROR(COUNTIF(E19:E54,C59)+COUNTIF(E19:E54,""),"")-G58 -> 3 | F59: =IFERROR(COUNTIF(F19:F54,C59)+COUNTIF(F19:F54,""),"")-F58 -> 4 | G59: =IFERROR(COUNTIF(G19:G54,C59)+COUNTIF(G19:G54,""),"")-G58 -> 2
C60: <85 | D60: =IFERROR(COUNTIF(D19:D54,C60)-D59,"") -> 25 | E60: =IFERROR(COUNTIF(E19:E54,C60)-E59,"") -> 23 | F60: =IFERROR(COUNTIF(F19:F54,C60)-F59,"") -> 27 | G60: =IFERROR(COUNTIF(G19:G54,C60)-G59,"") -> 25
C61: >=85 | D61: =COUNTIF(D19:D54,C61) -> 8 | E61: =COUNTIF(D19:D54,C61) -> 8 | F61: =IFERROR(COUNTIF(F19:F54,C61),"") -> 3 | G61: =IFERROR(COUNTIF(G19:G54,C61),"") -> 7
C62: Total | D62: =SUM(D58:D61) -> 36 | E62: =SUM(E58:E61) -> 36 | F62: =SUM(F58:F61) -> 36 | G62: =SUM(G58:G61) -> 36
C64: Jumlah mhsw yg lulus CPMK | D64: =(D60+D61)/(D62-D58) -> 0.97058824 | E64: =(E60+E61)/(E62-E58) -> 0.91176471 | F64: =(F60+F61)/(F62-F58) -> 0.88235294 | G64: =(G60+G61)/(G62-G58) -> 0.94117647
C66: Minimal | D66: =MIN(D19:D54) -> 56.13 | E66: =MIN(E19:E54) -> 53.69 | F66: =MIN(F19:F54) -> 10.26 | G66: =IFERROR(MIN(G19:G54),"") -> 40.2522
C67: Maksimal | D67: =MAX(D19:D54) -> 90 | E67: =MAX(E19:E54) -> 90.29 | F67: =MAX(F19:F54) -> 88.46 | G67: =IFERROR(MAX(G19:G54),"") -> 87.2796
C68: Rata-Rata | D68: =AVERAGE(D19:D54) -> 78.508529 | E68: =AVERAGE(E19:E54) -> 76.944118 | F68: =AVERAGE(F19:F54) -> 73.606471 | G68: =IFERROR(AVERAGE(G19:G54),"") -> 75.892741

Sheet MK3-PSTI
A1: FORM MONITORING DAN EVALUASI
A2: KETERCAPAIAN CAPAIAN PEMBELAJARAN MATAKULIAH(CPMK) PADA SATU ANGKATAN
A4: Tahun Akademik | C4: : 2024/2025 | F4: Program Studi | G4: : Akuntansi
A5: Kode Matakuliah | C5: : P.24.05.52.2.08 | F5: Fakultas | G5: : Ekonomika dan Bisnis
A6: Nama Matakuliah | C6: : Akuntansi Sektor Publik
A7: SKS Matakuliah | C7: : 2
A8: Semester/ Kelas | C8: : I / A1+DLC
A9: Dosen Pengampu | C9: : 1.YU.2.16.05.101 SARTIKA WULANDARI, S.Pd., M.Si
C10: : 2.Y.2.87.01.040 - MARYONO, S.E., A.KP, M.M., Ak. CA
D12: MK11 | G12: Nilai Akhir MK | H12: Nilai Huruf
D13: =TRIM(MID(C5,2,20)) -> P.24.05.52.2.08
D14: =TRIM(MID(C6,2,100)) -> Akuntansi Sektor Publik
D15: CPL02 | E15: CPL02 | F15: CPL02
D16: CPMK21 | E16: CPMK24 | F16: CPMK25
D17: 17 | E17: 34 | F17: 49
A18: No | B18: NIM | C18: Nama Mahasiswa
A19: 1 | B19: 24.05.52.0002 | C19: SNEHA JAYA BAIDURI | D19: 80.59 | E19: 78.09 | F19: 78.06 | G19: =IFERROR((D19*($D$17/100))+(E19*($E$17/100))+(F19*($F$17/100)),"") -> 78.5003 | H19: =IFERROR(VLOOKUP(G19,[3]Sheet1!$AA$1:$AB$10,2),"") -> B+
A20: 2 | B20: 24.05.52.0003 | C20: ALFARIESSA GIFTHA ANDREA PITALOKA | D20: 77.06 | E20: 73.97 | F20: 79.18 | G20: =IFERROR((D20*($D$17/100))+(E20*($E$17/100))+(F20*($F$17/100)),"") -> 77.0482 | H20: =IFERROR(VLOOKUP(G20,[2]Sheet1!$AA$1:$AB$10,2),"") -> B+
A21: 3 | B21: 24.05.52.0004 | C21: MAHARANI PUTRI RUSTIANTI | D21: 76.47 | E21: 73.53 | F21: 74.08 | G21: =IFERROR((D21*($D$17/100))+(E21*($E$17/100))+(F21*($F$17/100)),"") -> 74.2993 | H21: =IFERROR(VLOOKUP(G21,[2]Sheet1!$AA$1:$AB$10,2),"") -> B
A22: 4 | B22: 24.05.52.0005 | C22: FLORA SUCI FERONIKA | D22: 64.47 | E22: 58.65 | F22: 73.47 | G22: =IFERROR((D22*($D$17/100))+(E22*($E$17/100))+(F22*($F$17/100)),"") -> 66.9012 | H22: =IFERROR(VLOOKUP(G22,[2]Sheet1!$AA$1:$AB$10,2),"") -> B-
A23: 5 | B23: 24.05.52.0006 | C23: AATHIRA AUFA AZ-ZAHRA | D23: 70.59 | E23: 66.18 | F23: 79.39 | G23: =IFERROR((D23*($D$17/100))+(E23*($E$17/100))+(F23*($F$17/100)),"") -> 73.4026 | H23: =IFERROR(VLOOKUP(G23,[2]Sheet1!$AA$1:$AB$10,2),"") -> B
A24: 6 | B24: 24.05.52.0007 | C24: SHEILA MONA PUTRI IKSANTI | D24: 74.12 | E24: 70.29 | F24: 75.1 | G24: =IFERROR((D24*($D$17/100))+(E24*($E$17/100))+(F24*($F$17/100)),"") -> 73.298 | H24: =IFERROR(VLOOKUP(G24,[2]Sheet1!$AA$1:$AB$10,2),"") -> B
A25: 7 | B25: 24.05.52.0008 | C25: RAIHAN RIFA MAHARADITYA | D25: 86.71 | E25: 85.62 | F25: 82.35 | G25: =IFERROR((D25*($D$17/100))+(E25*($E$17/100))+(F25*($F$17/100)),"") -> 84.203 | H25: =IFERROR(VLOOKUP(G25,[2]Sheet1!$AA$1:$AB$10,2),"") -> B+
A26: 8 | B26: 24.05.52.0009 | C26: MARLINA DWI SAPUTRI | D26: 80.94 | E26: 79.24 | F26: 74.59 | G26: =IFERROR((D26*($D$17/100))+(E26*($E$17/100))+(F26*($F$17/100)),"") -> 77.2505 | H26: =IFERROR(VLOOKUP(G26,[2]Sheet1!$AA$1:$AB$10,2),"") -> B+
A27: 9 | B27: 24.05.52.0011 | C27: JONATHAN REXY FERDINAN | D27: 78.47 | E27: 75.03 | F27: 74.18 | G27: =IFERROR((D27*($D$17/100))+(E27*($E$17/100))+(F27*($F$17/100)),"") -> 75.1983 | H27: =IFERROR(VLOOKUP(G27,[2]Sheet1!$AA$1:$AB$10,2),"") -> B
A28: 10 | B28: 24.05.52.0012 | C28: GITA TEONANDA ARELLIA | D28: 86.12 | E28: 83.71 | F28: 80.92 | G28: =IFERROR((D28*($D$17/100))+(E28*($E$17/100))+(F28*($F$17/100)),"") -> 82.7526 | H28: =IFERROR(VLOOKUP(G28,[2]Sheet1!$AA$1:$AB$10,2),"") -> B+
A29: 11 | B29: 24.05.52.0013 | C29: MUHAMMAD MAFTUF | D29: 70.59 | E29: 66.18 | F29: 15.82 | G29: =IFERROR((D29*($D$17/100))+(E29*($E$17/100))+(F29*($F$17/100)),"") -> 42.2533 | H29: =IFERROR(VLOOKUP(G29,[2]Sheet1!$AA$1:$AB$10,2),"") -> E
A30: 12 | B30: 24.05.52.0014 | C30: ARELIA SALSABILA SAFITRI | D30: 89.06 | E30: 87.38 | F30: 87.35 | G30: =IFERROR((D30*($D$17/100))+(E30*($E$17/100))+(F30*($F$17/100)),"") -> 87.6509 | H30: =IFERROR(VLOOKUP(G30,[2]Sheet1!$AA$1:$AB$10,2),"") -> A-
A31: 13 | B31: 24.05.52.0015 | C31: JULLER IBEL LAURENTIUS TURNIP | D31: 63.76 | E31: 58.12 | F31: 43.88 | G31: =IFERROR((D31*($D$17/100))+(E31*($E$17/100))+(F31*($F$17/100)),"") -> 52.1012 | H31: =IFERROR(VLOOKUP(G31,[2]Sheet1!$AA$1:$AB$10,2),"") -> C-
... A52: 34 | B52: 24.05.52.3010 | C52: PUTRY MEINERS ELISABET FAHIK | D52: 90 | E52: 90.29 | F52: 82.69 | G52: =IFERROR((D52*($D$17/100))+(E52*($E$17/100))+(F52*($F$17/100)),"") -> 86.5167 | H52: =IFERROR(VLOOKUP(G52,[2]Sheet1!$AA$1:$AB$10,2),"") -> A-
A53: 35 | B53: 24.05.52.3011 | C53: AMINATUL AROFAH
A54: 36 | B54: 24.05.52.3012 | C54: RORO AYU SUKMAWATI
D56: =D16 -> CPMK21 | E56: =E16 -> CPMK24 | F56: =F16 -> CPMK25 | G56: =G12 -> Nilai Akhir MK
C57: Tidak KRS/ Tidak Aktif | D57: =IFERROR(COUNTIF(D19:D54,""),"") -> 2 | E57: =IFERROR(COUNTIF(E19:E54,""),"") -> 2 | F57: =IFERROR(COUNTIF(F19:F54,""),"") -> 2 | G57: =IFERROR(COUNTIF(G19:G54,""),"") -> 2
C58: <=65 | D58: =IFERROR(COUNTIF(D19:D54,$C$58)+COUNTIF(D19:D54,""),"")-D57 -> 2 | E58: =IFERROR(COUNTIF(E19:E54,$C$58)+COUNTIF(E19:E54,""),"")-E57 -> 2 | F58: =IFERROR(COUNTIF(F19:F54,$C$58)+COUNTIF(F19:F54,""),"")-F57 -> 4 | G58: =IFERROR(COUNTIF(G19:G54,C58)+COUNTIF(G19:G54,""),"")-G57 -> 3
C59: <85 | D59: =IFERROR(COUNTIF(D19:D54,$C$59)-D58,"") -> 21 | E59: =IFERROR(COUNTIF(E19:E54,$C$59)-E58,"") -> 23 | F59: =IFERROR(COUNTIF(F19:F54,$C$59)-F58,"") -> 28 | G59: =IFERROR(COUNTIF(G19:G54,C59)-G58,"") -> 23
C60: >=85 | D60: =COUNTIF(D19:D54,$C$60) -> 11 | E60: =COUNTIF(E19:E54,$C$60) -> 9 | F60: =COUNTIF(F19:F54,$C$60) -> 2 | G60: =IFERROR(COUNTIF(G19:G54,C60),"") -> 8
C61: Total | D61: =SUM(D57:D60) -> 36 | F61: =SUM(F57:F60) -> 36 | G61: =SUM(G57:G60) -> 36
C63: Jumlah mhsw yg lulus CPMK | D63: =(D59+D60)/(D61-D57) -> 0.94117647 | F63: =(F59+F60)/(F61-F57) -> 0.88235294 | G63: =(G59+G60)/(G61-G57) -> 0.91176471
C65: Minimal | D65: =MIN(D19:D54) -> 63.76 | F65: =MIN(F19:F54) -> 15.82 | G65: =IFERROR(MIN(G19:G54),"") -> 42.2533
C66: Maksimal | D66: =MAX(D19:D37) -> 89.06 | F66: =MAX(F19:F54) -> 87.35 | G66: =IFERROR(MAX(G19:G54),"") -> 87.6509
C67: Rata-Rata | D67: =AVERAGE(D19:D54) -> 80.244412 | F67: =AVERAGE(F19:F54) -> 73.485882 | G67: =IFERROR(AVERAGE(G19:G54),"") -> 76.151232

Sheet MK4-L&A
A1: FORM MONITORING DAN EVALUASI
A2: KETERCAPAIAN CAPAIAN PEMBELAJARAN MATAKULIAH(CPMK) PADA SATU ANGKATAN
A4: Tahun Akademik | C4: : 2024/2025 | E4: Program Studi | G4: : Akuntansi
A5: Kode Matakuliah | C5: : P.24.05.52.2.09 | E5: Fakultas | G5: : Ekonomika dan Bisnis
A6: Nama Matakuliah | C6: : Akuntansi Perbankan
A7: SKS Matakuliah | C7: : 3
A8: Semester/ Kelas | C8: : I / A1+DLC
A9: Dosen Pengampu | C9: : 1. Y.2.87.01.040 - MARYONO, S.E., A.KP, M.M., Ak. CA
C10: : 2. YU.2.03.04.059 RR. TJAHJANING POERWATI, SE., M.Si, Ak, CA
D12: MK12 | G12: Nilai Akhir MK | H12: Nilai Huruf
D13: =TRIM(MID(C5,2,20)) -> P.24.05.52.2.09
D14: =TRIM(MID(C6,2,100)) -> Akuntansi Perbankan
D15: CPL02 | E15: CPL02 | F15: CPL02
D16: CPMK23 | E16: CPMK24 | F16: CPMK25
D17: 18 | E17: 33 | F17: 49
A18: No | B18: NIM | C18: Nama Mahasiswa
A19: 1 | B19: 24.05.52.0002 | C19: SNEHA JAYA BAIDURI | D19: 86.11 | E19: 83.33 | F19: 83.67 | G19: =IFERROR((D19*($D$17/100))+(E19*($E$17/100))+(F19*($F$17/100)),"") -> 83.997 | H19: =IFERROR(VLOOKUP(G21,[4]Sheet1!$AA$1:$AB$10,2),"") -> B+
A20: 2 | B20: 24.05.52.0003 | C20: ALFARIESSA GIFTHA ANDREA PITALOKA | D20: 91.67 | E20: 90.91 | F20: 90.82 | G20: =IFERROR((D20*($D$17/100))+(E20*($E$17/100))+(F20*($F$17/100)),"") -> 91.0027 | H20: =IFERROR(VLOOKUP(G20,[4]Sheet1!$AA$1:$AB$10,2),"") -> A
A21: 3 | B21: 24.05.52.0004 | C21: MAHARANI PUTRI RUSTIANTI | D21: 86.11 | E21: 83.33 | F21: 80.1 | G21: =IFERROR((D21*($D$17/100))+(E21*($E$17/100))+(F21*($F$17/100)),"") -> 82.2477 | H21: =IFERROR(VLOOKUP(G21,[4]Sheet1!$AA$1:$AB$10,2),"") -> B+
A22: 4 | B22: 24.05.52.0005 | C22: FLORA SUCI FERONIKA | D22: 85.11 | E22: 82.79 | F22: 90.33 | G22: =IFERROR((D22*($D$17/100))+(E22*($E$17/100))+(F22*($F$17/100)),"") -> 86.9022 | H22: =IFERROR(VLOOKUP(G22,[4]Sheet1!$AA$1:$AB$10,2),"") -> A-
A23: 5 | B23: 24.05.52.0006 | C23: AATHIRA AUFA AZ-ZAHRA | D23: 86.11 | E23: 83.33 | F23: 90.82 | G23: =IFERROR((D23*($D$17/100))+(E23*($E$17/100))+(F23*($F$17/100)),"") -> 87.5005 | H23: =IFERROR(VLOOKUP(G23,[4]Sheet1!$AA$1:$AB$10,2),"") -> A-
A24: 6 | B24: 24.05.52.0007 | C24: SHEILA MONA PUTRI IKSANTI | D24: 86.11 | E24: 83.33 | F24: 62.24 | G24: =IFERROR((D24*($D$17/100))+(E24*($E$17/100))+(F24*($F$17/100)),"") -> 73.4963 | H24: =IFERROR(VLOOKUP(G24,[4]Sheet1!$AA$1:$AB$10,2),"") -> B
A25: 7 | B25: 24.05.52.0008 | C25: RAIHAN RIFA MAHARADITYA | D25: 91.67 | E25: 90.91 | F25: 80.1 | G25: =IFERROR((D25*($D$17/100))+(E25*($E$17/100))+(F25*($F$17/100)),"") -> 85.7499 | H25: =IFERROR(VLOOKUP(G25,[4]Sheet1!$AA$1:$AB$10,2),"") -> A-
A26: 8 | B26: 24.05.52.0009 | C26: MARLINA DWI SAPUTRI | D26: 86.11 | E26: 83.33 | F26: 87.24 | G26: =IFERROR((D26*($D$17/100))+(E26*($E$17/100))+(F26*($F$17/100)),"") -> 85.7463 | H26: =IFERROR(VLOOKUP(G26,[4]Sheet1!$AA$1:$AB$10,2),"") -> A-
A27: 9 | B27: 24.05.52.0011 | C27: JONATHAN REXY FERDINAN | D27: 91.67 | E27: 90.91 | F27: 80.1 | G27: =IFERROR((D27*($D$17/100))+(E27*($E$17/100))+(F27*($F$17/100)),"") -> 85.7499 | H27: =IFERROR(VLOOKUP(G27,[4]Sheet1!$AA$1:$AB$10,2),"") -> A-
A28: 10 | B28: 24.05.52.0012 | C28: GITA TEONANDA ARELLIA | D28: 91.67 | E28: 90.91 | F28: 80.1 | G28: =IFERROR((D28*($D$17/100))+(E28*($E$17/100))+(F28*($F$17/100)),"") -> 85.7499 | H28: =IFERROR(VLOOKUP(G28,[4]Sheet1!$AA$1:$AB$10,2),"") -> A-
A29: 11 | B29: 24.05.52.0013 | C29: MUHAMMAD MAFTUF | D29: 86.11 | E29: 83.33 | F29: 26.53 | G29: =IFERROR((D29*($D$17/100))+(E29*($E$17/100))+(F29*($F$17/100)),"") -> 55.9984 | H29: =IFERROR(VLOOKUP(G29,[4]Sheet1!$AA$1:$AB$10,2),"") -> C
A30: 12 | B30: 24.05.52.0014 | C30: ARELIA SALSABILA SAFITRI | D30: 91.67 | E30: 90.91 | F30: 80.1 | G30: =IFERROR((D30*($D$17/100))+(E30*($E$17/100))+(F30*($F$17/100)),"") -> 85.7499 | H30: =IFERROR(VLOOKUP(G30,[4]Sheet1!$AA$1:$AB$10,2),"") -> A-
A31: 13 | B31: 24.05.52.0015 | C31: JULLER IBEL LAURENTIUS TURNIP | D31: 36.5 | E31: 19.91 | F31: 52.57 | G31: =IFERROR((D31*($D$17/100))+(E31*($E$17/100))+(F31*($F$17/100)),"") -> 38.8996 | H31: =IFERROR(VLOOKUP(G31,[4]Sheet1!$AA$1:$AB$10,2),"") -> E
... A52: 34 | B52: 24.05.52.3010 | C52: PUTRY MEINERS ELISABET FAHIK | D52: 83.89 | E52: 82.27 | F52: 87.24 | G52: =IFERROR((D52*($D$17/100))+(E52*($E$17/100))+(F52*($F$17/100)),"") -> 84.9969 | H52: =IFERROR(VLOOKUP(G52,[4]Sheet1!$AA$1:$AB$10,2),"") -> A-
A53: 35 | B53: 24.05.52.3011 | C53: AMINATUL AROFAH
A54: 36 | B54: 24.05.52.3012 | C54: RORO AYU SUKMAWATI
D56: =D16 -> CPMK23 | E56: =E16 -> CPMK24 | F56: =F16 -> CPMK25 | G56: =G12 -> Nilai Akhir MK
C57: Tidak KRS/Tidak Aktif | D57: =IFERROR(COUNTIF(D19:D54,""),"") -> 2 | E57: =IFERROR(COUNTIF(E19:E54,""),"") -> 2 | F57: =IFERROR(COUNTIF(F19:F54,""),"") -> 2 | G57: =IFERROR(COUNTIF(G19:G54,""),"") -> 2
C58: <=65 | D58: =IFERROR(COUNTIF(D19:D54,$C$58)+COUNTIF(D19:D54,""),"")-D57 -> 1 | E58: =IFERROR(COUNTIF(E19:E54,$C$58)+COUNTIF(E19:E54,""),"")-E57 -> 1 | F58: =IFERROR(COUNTIF(F19:F54,$C$58)+COUNTIF(F19:F54,""),"")-F57 -> 6 | G58: =IFERROR(COUNTIF(G19:G54,C58)+COUNTIF(G19:G54,""),"") -> 4
C59: <85 | D59: =IFERROR(COUNTIF(D19:D54,$C$59)-D58,"") -> 5 | E59: =IFERROR(COUNTIF(E19:E54,$C$59)-E58,"") -> 17 | F59: =IFERROR(COUNTIF(F19:F54,$C$59)-F58,"") -> 13 | G59: =IFERROR(COUNTIF(G19:G54,C59)-G58,"") -> 13
C60: >=85 | D60: =COUNTIF(D19:D54,$C$60) -> 28 | E60: =COUNTIF(E19:E54,$C$60) -> 16 | F60: =COUNTIF(F19:F54,$C$60) -> 15 | G60: =IFERROR(COUNTIF(G19:G54,C60),"") -> 17
C61: Total | D61: =SUM(D57:D60) -> 36 | E61: =SUM(E57:E60) -> 36 | F61: =SUM(F57:F60) -> 36 | G61: =SUM(G57:G60) -> 36
C63: Jumlah mhsw yg lulus CPMK | D63: =(D59+D60)/(D61-D57) -> 0.97058824 | F63: =(F59+F60)/(F61-F57) -> 0.82352941 | G63: =(G59+G60)/(G61-G57) -> 0.88235294
C65: Minimal | D65: =MIN(D19:D54) -> 36.5 | F65: =MIN(F19:F54) -> 26.53 | G65: =IFERROR(MIN(G19:G54),"") -> 38.8996
C66: Maksimal | D66: =MAX(D19:D54) -> 93.61 | F66: =MAX(F19:F54) -> 99.49 | G66: =IFERROR(MAX(G19:G54),"") -> 96.7486
C67: Rata-Rata | D67: =AVERAGE(D19:D54) -> 86.600294 | F67: =AVERAGE(F19:F54) -> 80.042059 | G67: =IFERROR(AVERAGE(G19:G54),"") -> 82.735979

Sheet MK5-BP
A1: FORM MONITORING DAN EVALUASI
A2: KETERCAPAIAN CAPAIAN PEMBELAJARAN MATAKULIAH(CPMK) PADA SATU ANGKATAN
A4: Tahun Akademik | C4: : 2024/2025 | E4: Program Studi | F4: : Akuntansi
A5: Kode Matakuliah | C5: : P.24.05.52.2.10 | E5: Fakultas | F5: : Ekonomika dan Bisnis
A6: Nama Matakuliah | C6: : Akuntansi Biaya
A7: SKS Matakuliah | C7: : 3
A8: Semester/ Kelas | C8: : I / A1+DLC
A9: Dosen Pengampu | C9: : 1. Y.2.92.07.083 Dr. CEACILIA SRIMINDARTI, S.Pd, M.Si
C10: : 2. YU.2.01.10.038 IDA NURHAYATI , SE., M.Si
D12: MK13 | F12: Nilai Akhir MK | G12: Nilai Huruf
D13: =TRIM(MID(C5,2,20)) -> P.24.05.52.2.10
D14: =TRIM(MID(C6,2,100)) -> Akuntansi Biaya
D15: CPL04 | E15: CPL04
D16: CPMK41 | E16: CPMK42
D17: 50 | E17: 50
A18: No | B18: NIM | C18: Nama Mahasiswa
A19: 1 | B19: 24.05.52.0002 | C19: SNEHA JAYA BAIDURI | D19: 69.2 | E19: 68.2 | F19: =IFERROR((D19*($D$17/100))+(E19*($E$17/100)),"") -> 68.7 | G19: =IFERROR(VLOOKUP(F21,[4]Sheet1!$AA$1:$AB$10,2),"") -> B-
A20: 2 | B20: 24.05.52.0003 | C20: ALFARIESSA GIFTHA ANDREA PITALOKA | D20: 82 | E20: 82 | F20: =IFERROR((D20*($D$17/100))+(E20*($E$17/100)),"") -> 82 | G20: =IFERROR(VLOOKUP(F20,[5]Sheet1!$AA$1:$AB$10,2),"") -> B+
A21: 3 | B21: 24.05.52.0004 | C21: MAHARANI PUTRI RUSTIANTI | D21: 68.1 | E21: 67.6 | F21: =IFERROR((D21*($D$17/100))+(E21*($E$17/100)),"") -> 67.85 | G21: =IFERROR(VLOOKUP(F21,[5]Sheet1!$AA$1:$AB$10,2),"") -> B-
A22: 4 | B22: 24.05.52.0005 | C22: FLORA SUCI FERONIKA | D22: 66.2 | E22: 66.2 | F22: =IFERROR((D22*($D$17/100))+(E22*($E$17/100)),"") -> 66.2 | G22: =IFERROR(VLOOKUP(F22,[5]Sheet1!$AA$1:$AB$10,2),"") -> B-
A23: 5 | B23: 24.05.52.0006 | C23: AATHIRA AUFA AZ-ZAHRA | D23: 76.7 | E23: 75.5 | F23: =IFERROR((D23*($D$17/100))+(E23*($E$17/100)),"") -> 76.1 | G23: =IFERROR(VLOOKUP(F23,[5]Sheet1!$AA$1:$AB$10,2),"") -> B+
A24: 6 | B24: 24.05.52.0007 | C24: SHEILA MONA PUTRI IKSANTI | D24: 68.8 | E24: 67.5 | F24: =IFERROR((D24*($D$17/100))+(E24*($E$17/100)),"") -> 68.15 | G24: =IFERROR(VLOOKUP(F24,[5]Sheet1!$AA$1:$AB$10,2),"") -> B-
A25: 7 | B25: 24.05.52.0008 | C25: RAIHAN RIFA MAHARADITYA | D25: 88.9 | E25: 88.1 | F25: =IFERROR((D25*($D$17/100))+(E25*($E$17/100)),"") -> 88.5 | G25: =IFERROR(VLOOKUP(F25,[5]Sheet1!$AA$1:$AB$10,2),"") -> A-
A26: 8 | B26: 24.05.52.0009 | C26: MARLINA DWI SAPUTRI | D26: 71.6 | E26: 71.6 | F26: =IFERROR((D26*($D$17/100))+(E26*($E$17/100)),"") -> 71.6 | G26: =IFERROR(VLOOKUP(F26,[5]Sheet1!$AA$1:$AB$10,2),"") -> B
A27: 9 | B27: 24.05.52.0011 | C27: JONATHAN REXY FERDINAN | D27: 69.5 | E27: 68.7 | F27: =IFERROR((D27*($D$17/100))+(E27*($E$17/100)),"") -> 69.1 | G27: =IFERROR(VLOOKUP(F27,[5]Sheet1!$AA$1:$AB$10,2),"") -> B-
A28: 10 | B28: 24.05.52.0012 | C28: GITA TEONANDA ARELLIA | D28: 73.7 | E28: 73 | F28: =IFERROR((D28*($D$17/100))+(E28*($E$17/100)),"") -> 73.35 | G28: =IFERROR(VLOOKUP(F28,[5]Sheet1!$AA$1:$AB$10,2),"") -> B
A29: 11 | B29: 24.05.52.0013 | C29: MUHAMMAD MAFTUF | D29: 14.3 | E29: 6.3 | F29: =IFERROR((D29*($D$17/100))+(E29*($E$17/100)),"") -> 10.3 | G29: =IFERROR(VLOOKUP(F29,[5]Sheet1!$AA$1:$AB$10,2),"") -> E
A30: 12 | B30: 24.05.52.0014 | C30: ARELIA SALSABILA SAFITRI | D30: 82.9 | E30: 82.9 | F30: =IFERROR((D30*($D$17/100))+(E30*($E$17/100)),"") -> 82.9 | G30: =IFERROR(VLOOKUP(F30,[5]Sheet1!$AA$1:$AB$10,2),"") -> B+
A31: 13 | B31: 24.05.52.0015 | C31: JULLER IBEL LAURENTIUS TURNIP | D31: 50.6 | E31: 50.6 | F31: =IFERROR((D31*($D$17/100))+(E31*($E$17/100)),"") -> 50.6 | G31: =IFERROR(VLOOKUP(F31,[5]Sheet1!$AA$1:$AB$10,2),"") -> C-
... A52: 34 | B52: 24.05.52.3010 | C52: PUTRY MEINERS ELISABET FAHIK | D52: 84.9 | E52: 65.4 | F52: =IFERROR((D52*($D$17/100))+(E52*($E$17/100)),"") -> 75.15 | G52: =IFERROR(VLOOKUP(F52,[5]Sheet1!$AA$1:$AB$10,2),"") -> B
A53: 35 | B53: 24.05.52.3011 | C53: AMINATUL AROFAH
A54: 36 | B54: 24.05.52.3012 | C54: RORO AYU SUKMAWATI
D56: =D16 -> CPMK41 | E56: =E16 -> CPMK42 | F56: =F12 -> Nilai Akhir MK
C57: Tidak KRS/Tidak Aktif | D57: =IFERROR(COUNTIF(D19:D54,""),"") -> 2 | E57: =IFERROR(COUNTIF(E19:E54,""),"") -> 2 | F57: =IFERROR(COUNTIF(F19:F54,""),"") -> 2
C58: <=65 | D58: =IFERROR(COUNTIF(D19:D54,C58)+COUNTIF(D19:D54,""),"")-D57 -> 2 | E58: =COUNTIF(E19:E54,C58)+COUNTIF(E19:E54,"")-E57 -> 5 | F58: =IFERROR(COUNTIF(F19:F54,C58)+COUNTIF(F19:F54,""),"") -> 5
C59: <85 | D59: =IFERROR(COUNTIF(D19:D54,C59)-D58,"") -> 28 | E59: =COUNTIF(E19:E54,C59)-E58 -> 24 | F59: =IFERROR(COUNTIF(F19:F54,C59)-F58,"") -> 25
C60: >=85 | D60: =COUNTIF(D19:D54,C60) -> 4 | E60: =COUNTIF(E19:E54,C60) -> 5 | F60: =IFERROR(COUNTIF(F19:F54,C60),"") -> 4
C61: Total | D61: =SUM(D57:D60) -> 36 | E61: =SUM(E57:E60) -> 36 | F61: =SUM(F57:F60) -> 36
C63: Jumlah mhsw yg lulus CPMK | D63: =(D59+D60)/(D61-D57) -> 0.94117647 | E63: =(E59+E60)/(E61-E57) -> 0.85294118 | F63: =(F59+F60)/(F61-F57) -> 0.85294118
C65: Minimal | D65: =MIN(D19:D54) -> 14.3 | E65: =MIN(E19:E54) -> 6.3 | F65: =IFERROR(MIN(F19:F54),"") -> 10.3
C66: Maksimal | D66: =MAX(D19:D54) -> 99.4 | E66: =MAX(E19:E54) -> 99.4 | F66: =IFERROR(MAX(F19:F54),"") -> 99.4
C67: Rata-Rata | D67: =AVERAGE(D19:D54) -> 75.985294 | E67: =AVERAGE(E19:E54) -> 71.244118 | F67: =IFERROR(AVERAGE(F19:F54),"") -> 73.614706

Sheet MK7-MBD
A1: FORM MONITORING DAN EVALUASI
A2: KETERCAPAIAN CAPAIAN PEMBELAJARAN MATAKULIAH(CPMK) PADA SATU ANGKATAN
A4: Tahun Akademik | C4: : 2024/2025 | E4: Program Studi | F4: : Akuntansi
A5: Kode Matakuliah | C5: : U.24.05.52.2.04 | E5: Fakultas | F5: : Ekonomika dan Bisnis
A6: Nama Matakuliah | C6: : Pancasila
A7: SKS Matakuliah | C7: : 2
A8: Semester/ Kelas | C8: : I / A1+DLC
A9: Dosen Pengampu | C9: : 1. YU.2.03.07.063 R. SOELISTIJADI, S.SOS, M.Kom.
D11: MK14 | F11: Nilai Akhir MK | G11: Nilai Huruf
D12: =TRIM(MID(C5,2,20)) -> U.24.05.52.2.04
D13: =TRIM(MID(C6,2,100)) -> Pancasila
D14: CPL01 | E14: CPL1
D15: CPMK11 | E15: CPMK12
D16: 50 | E16: 50
A17: No | B17: NIM | C17: Nama Mahasiswa
A18: 1 | B18: 24.05.52.0002 | C18: SNEHA JAYA BAIDURI | D18: 82.55 | E18: 82.55 | F18: =IFERROR((D18*($D$16/100))+(E18*($E$16/100)),"") -> 82.55 | G18: =IFERROR(VLOOKUP(F20,[4]Sheet1!$AA$1:$AB$10,2),"") -> A
A19: 2 | B19: 24.05.52.0003 | C19: ALFARIESSA GIFTHA ANDREA PITALOKA | D19: 83.6 | E19: 83.6 | F19: =IFERROR((D19*($D$16/100))+(E19*($E$16/100)),"") -> 83.6 | G19: =IFERROR(VLOOKUP(F19,[6]Sheet1!$AA$1:$AB$10,2),"") -> B+
A20: 3 | B20: 24.05.52.0004 | C20: MAHARANI PUTRI RUSTIANTI | D20: 90.5 | E20: 90.5 | F20: =IFERROR((D20*($D$16/100))+(E20*($E$16/100)),"") -> 90.5 | G20: =IFERROR(VLOOKUP(F20,[6]Sheet1!$AA$1:$AB$10,2),"") -> A
A21: 4 | B21: 24.05.52.0005 | C21: FLORA SUCI FERONIKA | D21: 82.2 | E21: 82.2 | F21: =IFERROR((D21*($D$16/100))+(E21*($E$16/100)),"") -> 82.2 | G21: =IFERROR(VLOOKUP(F21,[6]Sheet1!$AA$1:$AB$10,2),"") -> B+
A22: 5 | B22: 24.05.52.0006 | C22: AATHIRA AUFA AZ-ZAHRA | D22: 83.25 | E22: 83.25 | F22: =IFERROR((D22*($D$16/100))+(E22*($E$16/100)),"") -> 83.25 | G22: =IFERROR(VLOOKUP(F22,[6]Sheet1!$AA$1:$AB$10,2),"") -> B+
A23: 6 | B23: 24.05.52.0007 | C23: SHEILA MONA PUTRI IKSANTI | D23: 83.15 | E23: 83.15 | F23: =IFERROR((D23*($D$16/100))+(E23*($E$16/100)),"") -> 83.15 | G23: =IFERROR(VLOOKUP(F23,[6]Sheet1!$AA$1:$AB$10,2),"") -> B+
A24: 7 | B24: 24.05.52.0008 | C24: RAIHAN RIFA MAHARADITYA | D24: 85.7 | E24: 85.7 | F24: =IFERROR((D24*($D$16/100))+(E24*($E$16/100)),"") -> 85.7 | G24: =IFERROR(VLOOKUP(F24,[6]Sheet1!$AA$1:$AB$10,2),"") -> A-
A25: 8 | B25: 24.05.52.0009 | C25: MARLINA DWI SAPUTRI | D25: 77.9 | E25: 77.9 | F25: =IFERROR((D25*($D$16/100))+(E25*($E$16/100)),"") -> 77.9 | G25: =IFERROR(VLOOKUP(F25,[6]Sheet1!$AA$1:$AB$10,2),"") -> B+
A26: 9 | B26: 24.05.52.0011 | C26: JONATHAN REXY FERDINAN | D26: 84.5 | E26: 84.5 | F26: =IFERROR((D26*($D$16/100))+(E26*($E$16/100)),"") -> 84.5 | G26: =IFERROR(VLOOKUP(F26,[6]Sheet1!$AA$1:$AB$10,2),"") -> A-
A27: 10 | B27: 24.05.52.0012 | C27: GITA TEONANDA ARELLIA | D27: 94.15 | E27: 94.15 | F27: =IFERROR((D27*($D$16/100))+(E27*($E$16/100)),"") -> 94.15 | G27: =IFERROR(VLOOKUP(F27,[6]Sheet1!$AA$1:$AB$10,2),"") -> A
A28: 11 | B28: 24.05.52.0013 | C28: MUHAMMAD MAFTUF | D28: 0 | E28: 0 | F28: =IFERROR((D28*($D$16/100))+(E28*($E$16/100)),"") -> 0 | G28: =IFERROR(VLOOKUP(F28,[6]Sheet1!$AA$1:$AB$10,2),"") -> E
A29: 12 | B29: 24.05.52.0014 | C29: ARELIA SALSABILA SAFITRI | D29: 94.15 | E29: 94.15 | F29: =IFERROR((D29*($D$16/100))+(E29*($E$16/100)),"") -> 94.15 | G29: =IFERROR(VLOOKUP(F29,[6]Sheet1!$AA$1:$AB$10,2),"") -> A
A30: 13 | B30: 24.05.52.0015 | C30: JULLER IBEL LAURENTIUS TURNIP | D30: 65.6 | E30: 65.6 | F30: =IFERROR((D30*($D$16/100))+(E30*($E$16/100)),"") -> 65.6 | G30: =IFERROR(VLOOKUP(F30,[6]Sheet1!$AA$1:$AB$10,2),"") -> B-
... A51: 34 | B51: 24.05.52.3010 | C51: PUTRY MEINERS ELISABET FAHIK | D51: 86.5 | E51: 86.5 | F51: =IFERROR((D51*($D$16/100))+(E51*($E$16/100)),"") -> 86.5 | G51: =IFERROR(VLOOKUP(F51,[6]Sheet1!$AA$1:$AB$10,2),"") -> A-
A52: 35 | B52: 24.05.52.3011 | C52: AMINATUL AROFAH
A53: 36 | B53: 24.05.52.3012 | C53: RORO AYU SUKMAWATI
D55: =D15 -> CPMK11 | E55: =E15 -> CPMK12 | F55: =F11 -> Nilai Akhir MK
C56: Tidak KRS/Tidak Aktif | D56: =IFERROR(COUNTIF(D18:D53,""),"") -> 2 | E56: =IFERROR(COUNTIF(E18:E53,""),"") -> 2 | F56: =IFERROR(COUNTIF(F18:F53,""),"") -> 2
C57: <=65 | D57: =IFERROR(COUNTIF(D18:D53,C57)+COUNTIF(D18:D53,""),"")-D56 -> 2 | E57: =COUNTIF(E18:E53,C57)+COUNTIF(E18:E53,"")-E56 -> 2 | F57: =IFERROR(COUNTIF(F18:F53,C57)+COUNTIF(F18:F53,""),"") -> 4
C58: <85 | D58: =IFERROR(COUNTIF(D18:D53,C58)-D57,"") -> 19 | E58: =COUNTIF(E18:E53,C58)-E57 -> 19 | F58: =IFERROR(COUNTIF(F18:F53,C58)-F57,"") -> 17
C59: >=85 | D59: =COUNTIF(D18:D53,C59) -> 13 | E59: =COUNTIF(E18:E53,C59) -> 13 | F59: =IFERROR(COUNTIF(F18:F53,C59),"") -> 13
C60: Total | D60: =SUM(D56:D59) -> 36 | E60: =SUM(E56:E59) -> 36 | F60: =SUM(F56:F59) -> 36
C62: Jumlah mhsw yg lulus CPMK | D62: =(D58+D59)/(D60-D56) -> 0.94117647 | E62: =(E58+E59)/(E60-E56) -> 0.94117647 | F62: =(F58+F59)/(F60-F56) -> 0.88235294
C64: Minimal | D64: =MIN(D18:D53) -> 0 | E64: =MIN(E18:E53) -> 0 | F64: =IFERROR(MIN(F18:F53),"") -> 0
C65: Maksimal | D65: =MAX(D18:D53) -> 94.75 | E65: =MAX(E18:E53) -> 94.75 | F65: =IFERROR(MAX(F18:F53),"") -> 94.75
C66: Rata-Rata | D66: =AVERAGE(D18:D53) -> 81.030882 | E66: =AVERAGE(E18:E53) -> 81.030882 | F66: =IFERROR(AVERAGE(F18:F53),"") -> 81.030882

Sheet MK8_BID
A1: FORM MONITORING DAN EVALUASI
A2: KETERCAPAIAN CAPAIAN PEMBELAJARAN MATAKULIAH(CPMK) PADA SATU ANGKATAN
A4: Tahun Akademik | C4: : 2024/2025 | D4: Program Studi | E4: : Akuntansi
A5: Kode Matakuliah | C5: : U.24.05.52.2.05 | D5: Fakultas | E5: : Ekonomika dan Bisnis
A6: Nama Matakuliah | C6: : Bahasa Indonesia
A7: SKS Matakuliah | C7: : 2
A8: Semester/ Kelas | C8: : I / A1+DLC
A9: Dosen Pengampu | C9: : 1.
C10: : 2.
D12: MK15 | E12: Nilai Akhir MK | F12: Nilai Huruf
D13: =TRIM(MID(C5,2,20)) -> U.24.05.52.2.05
D14: =TRIM(MID(C6,2,100)) -> Bahasa Indonesia
D15: CPL01
D16: CPMK12
D17: 100
A18: No | B18: NIM | C18: Nama Mahasiswa
A19: 1 | B19: 24.05.52.0002 | C19: SNEHA JAYA BAIDURI | D19: 81.4 | E19: =IFERROR((D19*($D$17/100)),"") -> 81.4 | F19: =IFERROR(VLOOKUP(E20,[7]Sheet1!$AA$1:$AB$10,2),"") -> B+
A20: 2 | B20: 24.05.52.0003 | C20: ALFARIESSA GIFTHA ANDREA PITALOKA | D20: 76.9 | E20: =IFERROR((D20*($D$17/100)),"") -> 76.9 | F20: =IFERROR(VLOOKUP(E20,[7]Sheet1!$AA$1:$AB$10,2),"") -> B+
A21: 3 | B21: 24.05.52.0004 | C21: MAHARANI PUTRI RUSTIANTI | D21: 76.9 | E21: =IFERROR((D21*($D$17/100)),"") -> 76.9 | F21: =IFERROR(VLOOKUP(E21,[7]Sheet1!$AA$1:$AB$10,2),"") -> B+
A22: 4 | B22: 24.05.52.0005 | C22: FLORA SUCI FERONIKA | D22: 81.4 | E22: =IFERROR((D22*($D$17/100)),"") -> 81.4 | F22: =IFERROR(VLOOKUP(E22,[7]Sheet1!$AA$1:$AB$10,2),"") -> B+
A23: 5 | B23: 24.05.52.0006 | C23: AATHIRA AUFA AZ-ZAHRA | D23: 76.9 | E23: =IFERROR((D23*($D$17/100)),"") -> 76.9 | F23: =IFERROR(VLOOKUP(E23,[7]Sheet1!$AA$1:$AB$10,2),"") -> B+
A24: 6 | B24: 24.05.52.0007 | C24: SHEILA MONA PUTRI IKSANTI | D24: 85.9 | E24: =IFERROR((D24*($D$17/100)),"") -> 85.9 | F24: =IFERROR(VLOOKUP(E24,[7]Sheet1!$AA$1:$AB$10,2),"") -> A-
A25: 7 | B25: 24.05.52.0008 | C25: RAIHAN RIFA MAHARADITYA | D25: 90.15 | E25: =IFERROR((D25*($D$17/100)),"") -> 90.15 | F25: =IFERROR(VLOOKUP(E25,[7]Sheet1!$AA$1:$AB$10,2),"") -> A-
A26: 8 | B26: 24.05.52.0009 | C26: MARLINA DWI SAPUTRI | D26: 81.4 | E26: =IFERROR((D26*($D$17/100)),"") -> 81.4 | F26: =IFERROR(VLOOKUP(E26,[7]Sheet1!$AA$1:$AB$10,2),"") -> B+
A27: 9 | B27: 24.05.52.0011 | C27: JONATHAN REXY FERDINAN | D27: 81.4 | E27: =IFERROR((D27*($D$17/100)),"") -> 81.4 | F27: =IFERROR(VLOOKUP(E27,[7]Sheet1!$AA$1:$AB$10,2),"") -> B+
A28: 10 | B28: 24.05.52.0012 | C28: GITA TEONANDA ARELLIA | D28: 88.5 | E28: =IFERROR((D28*($D$17/100)),"") -> 88.5 | F28: =IFERROR(VLOOKUP(E28,[7]Sheet1!$AA$1:$AB$10,2),"") -> A-
A29: 11 | B29: 24.05.52.0013 | C29: MUHAMMAD MAFTUF | D29: 81.4 | E29: =IFERROR((D29*($D$17/100)),"") -> 81.4 | F29: =IFERROR(VLOOKUP(E29,[7]Sheet1!$AA$1:$AB$10,2),"") -> B+
A30: 12 | B30: 24.05.52.0014 | C30: ARELIA SALSABILA SAFITRI | D30: 90.4 | E30: =IFERROR((D30*($D$17/100)),"") -> 90.4 | F30: =IFERROR(VLOOKUP(E30,[7]Sheet1!$AA$1:$AB$10,2),"") -> A
A31: 13 | B31: 24.05.52.0015 | C31: JULLER IBEL LAURENTIUS TURNIP | D31: 71.5 | E31: =IFERROR((D31*($D$17/100)),"") -> 71.5 | F31: =IFERROR(VLOOKUP(E31,[7]Sheet1!$AA$1:$AB$10,2),"") -> B
... A52: 34 | B52: 24.05.52.3010 | C52: PUTRY MEINERS ELISABET FAHIK | D52: 89.7 | E52: =IFERROR((D52*($D$17/100)),"") -> 89.7 | F52: =IFERROR(VLOOKUP(E52,[7]Sheet1!$AA$1:$AB$10,2),"") -> A-
A53: 35 | B53: 24.05.52.3011 | C53: AMINATUL AROFAH
A54: 36 | B54: 24.05.52.3012 | C54: RORO AYU SUKMAWATI
D56: =D16 -> CPMK12 | E56: =E12 -> Nilai Akhir MK
C57: Tidak KRS/Tidak Aktif | D57: =IFERROR(COUNTIF(D19:D54,""),"") -> 2 | E57: =IFERROR(COUNTIF(E19:E54,""),"") -> 2
C58: <=65 | D58: =IFERROR(COUNTIF(D19:D54,C58)+COUNTIF(D19:D54,""),"")-D57 -> 1 | E58: =IFERROR(COUNTIF(E19:E54,C58)+COUNTIF(E19:E54,""),"") -> 3
C59: <85 | D59: =IFERROR(COUNTIF(D19:D54,C59)-D58,"") -> 19 | E59: =IFERROR(COUNTIF(E19:E54,C59)-E58,"") -> 17
C60: >=85 | D60: =COUNTIF(D19:D54,C60) -> 14 | E60: =IFERROR(COUNTIF(E19:E54,C60),"") -> 14
C61: Total | D61: =SUM(D57:D60) -> 36 | E61: =SUM(E57:E60) -> 36
C63: Jumlah mhsw yg lulus CPMK | D63: =(D59+D60)/(D61-D57) -> 0.97058824 | E63: =(E59+E60)/(E61-E57) -> 0.91176471
C65: Minimal | D65: =MIN(D19:D54) -> 55.8 | E65: =IFERROR(MIN(E19:E54),"") -> 55.8
C66: Maksimal | D66: =MAX(D19:D54) -> 90.4 | E66: =IFERROR(MAX(E19:E54),"") -> 90.4
C67: Rata-Rata | D67: =AVERAGE(D19:D54) -> 82.357353 | E67: =IFERROR(AVERAGE(E19:E54),"") -> 82.357353

Sheet MK16-AGM
A1: FORM MONITORING DAN EVALUASI
A2: KETERCAPAIAN CAPAIAN PEMBELAJARAN MATAKULIAH(CPMK) PADA SATU ANGKATAN
A4: Tahun Akademik | C4: : 2024/2025 | E4: Program Studi | F4: : Akuntansi
A5: Kode Matakuliah | C5: : UU.24.05.52.1.03 | E5: Fakultas | F5: : Ekonomika dan Bisnis
A6: Nama Matakuliah | C6: : English for Business
A7: SKS Matakuliah | C7: : 2
A8: Semester/ Kelas | C8: : I / A1+DLC
A9: Dosen Pengampu | C9: : 1. L.0308 SARAH SUMPONOGATI, S.S, M.Li.
C10: : 2.
D12: MK8 | F12: =CONCATENATE("Nilai Akhir MK"," ",D17+E17) -> Nilai Akhir MK 100 | G12: Nilai Huruf
D13: =TRIM(MID(C5,3,100)) -> UU.24.05.52.1.03
D14: =TRIM(MID(C6,3,100)) -> English for Business
D15: CPL12 | E15: CPL12
D16: CPMK122 | E16: CPMK123
D17: 50 | E17: 50
A18: No | B18: NIM | C18: Nama Mahasiswa
A19: 1 | B19: 24.05.52.0002 | C19: SNEHA JAYA BAIDURI | D19: 93.2 | E19: 97.5 | F19: =IFERROR((D19*($D$17/100))+(E19*($E$17/100)),"") -> 95.35 | G19: =IFERROR(VLOOKUP(F20,[7]Sheet1!$AA$1:$AB$10,2),"") -> A
A20: 2 | B20: 24.05.52.0003 | C20: ALFARIESSA GIFTHA ANDREA PITALOKA | D20: 95.5 | E20: 93.4 | F20: =IFERROR((D20*($D$17/100))+(E20*($E$17/100)),"") -> 94.45 | G20: =IFERROR(VLOOKUP(F20,[8]Sheet1!$AA$1:$AB$10,2),"") -> A
A21: 3 | B21: 24.05.52.0004 | C21: MAHARANI PUTRI RUSTIANTI | D21: 94.7 | E21: 95.9 | F21: =IFERROR((D21*($D$17/100))+(E21*($E$17/100)),"") -> 95.3 | G21: =IFERROR(VLOOKUP(F21,[8]Sheet1!$AA$1:$AB$10,2),"") -> A
A22: 4 | B22: 24.05.52.0005 | C22: FLORA SUCI FERONIKA | D22: 70.5 | E22: 89 | F22: =IFERROR((D22*($D$17/100))+(E22*($E$17/100)),"") -> 79.75 | G22: =IFERROR(VLOOKUP(F22,[8]Sheet1!$AA$1:$AB$10,2),"") -> B+
A23: 5 | B23: 24.05.52.0006 | C23: AATHIRA AUFA AZ-ZAHRA | D23: 70.5 | E23: 89 | F23: =IFERROR((D23*($D$17/100))+(E23*($E$17/100)),"") -> 79.75 | G23: =IFERROR(VLOOKUP(F23,[8]Sheet1!$AA$1:$AB$10,2),"") -> B+
A24: 6 | B24: 24.05.52.0007 | C24: SHEILA MONA PUTRI IKSANTI | D24: 90.4 | E24: 97.5 | F24: =IFERROR((D24*($D$17/100))+(E24*($E$17/100)),"") -> 93.95 | G24: =IFERROR(VLOOKUP(F24,[8]Sheet1!$AA$1:$AB$10,2),"") -> A
A25: 7 | B25: 24.05.52.0008 | C25: RAIHAN RIFA MAHARADITYA | D25: 80.5 | E25: 82.6 | F25: =IFERROR((D25*($D$17/100))+(E25*($E$17/100)),"") -> 81.55 | G25: =IFERROR(VLOOKUP(F25,[8]Sheet1!$AA$1:$AB$10,2),"") -> B+
A26: 8 | B26: 24.05.52.0009 | C26: MARLINA DWI SAPUTRI | D26: 93.2 | E26: 91 | F26: =IFERROR((D26*($D$17/100))+(E26*($E$17/100)),"") -> 92.1 | G26: =IFERROR(VLOOKUP(F26,[8]Sheet1!$AA$1:$AB$10,2),"") -> A
A27: 9 | B27: 24.05.52.0011 | C27: JONATHAN REXY FERDINAN | D27: 91.4 | E27: 91 | F27: =IFERROR((D27*($D$17/100))+(E27*($E$17/100)),"") -> 91.2 | G27: =IFERROR(VLOOKUP(F27,[8]Sheet1!$AA$1:$AB$10,2),"") -> A
A28: 10 | B28: 24.05.52.0012 | C28: GITA TEONANDA ARELLIA | D28: 79.2 | E28: 82.6 | F28: =IFERROR((D28*($D$17/100))+(E28*($E$17/100)),"") -> 80.9 | G28: =IFERROR(VLOOKUP(F28,[8]Sheet1!$AA$1:$AB$10,2),"") -> B+
A29: 11 | B29: 24.05.52.0013 | C29: MUHAMMAD MAFTUF | D29: 92.2 | E29: 95.5 | F29: =IFERROR((D29*($D$17/100))+(E29*($E$17/100)),"") -> 93.85 | G29: =IFERROR(VLOOKUP(F29,[8]Sheet1!$AA$1:$AB$10,2),"") -> A
A30: 12 | B30: 24.05.52.0014 | C30: ARELIA SALSABILA SAFITRI | D30: 90.9 | E30: 95.9 | F30: =IFERROR((D30*($D$17/100))+(E30*($E$17/100)),"") -> 93.4 | G30: =IFERROR(VLOOKUP(F30,[8]Sheet1!$AA$1:$AB$10,2),"") -> A
A31: 13 | B31: 24.05.52.0015 | C31: JULLER IBEL LAURENTIUS TURNIP | D31: 67 | E31: 96 | F31: =IFERROR((D31*($D$17/100))+(E31*($E$17/100)),"") -> 81.5 | G31: =IFERROR(VLOOKUP(F31,[8]Sheet1!$AA$1:$AB$10,2),"") -> B+
... A52: 34 | B52: 24.05.52.3012 | C52: RORO AYU SUKMAWATI | D52: 67.5 | E52: 64 | F52: =IFERROR((D52*($D$17/100))+(E52*($E$17/100)),"") -> 65.75 | G52: =IFERROR(VLOOKUP(F52,[8]Sheet1!$AA$1:$AB$10,2),"") -> B-
D54: =D16 -> CPMK122 | E54: =E16 -> CPMK123 | F54: =F12 -> Nilai Akhir MK 100
C55: Tidak KRS/Tidak Aktif | D55: =IFERROR(COUNTIF(D19:D52,""),"") -> 0 | E55: =IFERROR(COUNTIF(E19:E52,""),"") -> 0 | F55: =IFERROR(COUNTIF(F19:F52,""),"") -> 0
C56: <=65 | D56: =IFERROR(COUNTIF(D19:D52,C56)+COUNTIF(D19:D52,""),"")-D55 -> 0 | E56: =COUNTIF(E19:E52,C56)+COUNTIF(E19:E52,"")-E55 -> 1 | F56: =IFERROR(COUNTIF(F19:F52,C56)+COUNTIF(F19:F52,""),"") -> 0
C57: <85 | D57: =IFERROR(COUNTIF(D19:D52,C57)-D56,"") -> 11 | E57: =COUNTIF(E19:E52,C57)-E56 -> 6 | F57: =IFERROR(COUNTIF(F19:F52,C57)-F56,"") -> 12
C58: >=85 | D58: =COUNTIF(D19:D52,C58) -> 23 | E58: =COUNTIF(E19:E52,C58) -> 27 | F58: =IFERROR(COUNTIF(F19:F52,C58),"") -> 22
C59: Total | D59: =SUM(D55:D58) -> 34 | E59: =SUM(E55:E58) -> 34 | F59: =SUM(F55:F58) -> 34
C61: Jumlah mhsw yg lulus CPMK | D61: =(D57+D58)/(D59-D55) -> 1 | E61: =(E57+E58)/(E59-E55) -> 0.97058824 | F61: =(F57+F58)/(F59-F55) -> 1
C63: Minimal | D63: =MIN(D19:D52) -> 67 | E63: =MIN(E19:E52) -> 64 | F63: =IFERROR(MIN(F19:F52),"") -> 65.75
C64: Maksimal | D64: =MAX(D19:D52) -> 95.5 | E64: =MAX(E19:E52) -> 100 | F64: =IFERROR(MAX(F19:F52),"") -> 95.5
C65: Rata-Rata | D65: =AVERAGE(D19:D52) -> 85.841176 | E65: =AVERAGE(E19:E52) -> 90.432353 | F65: =IFERROR(AVERAGE(F19:F52),"") -> 88.136765

Sheet MK59-KWN
A1: FORM MONITORING DAN EVALUASI
A2: KETERCAPAIAN CAPAIAN PEMBELAJARAN MATAKULIAH(CPMK) PADA SATU ANGKATAN
A4: Tahun Akademik | C4: : 2024/2025 | E4: Program Studi | F4: : Sistem Informasi
A5: Kode Matakuliah | C5: : U.24.01.55.1.03 | E5: Fakultas | F5: : Teknologi Informasi dan Industri
A6: Nama Matakuliah | C6: : KEWARGANEGARAAN
A7: SKS Matakuliah | C7: : 2
A8: Semester/ Kelas | C8: : I / A1+DLC
A9: Dosen Pengampu | C9: : 1.YU.2.03.07.063 - R. SOELISTIJADI, S.SOS, M.Kom.
C10: : 2.
D12: MK59 | G12: =CONCATENATE("Nilai Akhir MK"," ",D17+E17+F17) -> Nilai Akhir MK 100 | H12: Nilai Huruf
D13: =TRIM(MID(C5,3,100)) -> U.24.01.55.1.03
D14: =TRIM(MID(C6,3,100)) -> KEWARGANEGARAAN
D15: CPL10 | E15: CPL12 | F15: CPL14
D16: CPMK101 | E16: CPMK122 | F16: CPMK141
D17: 25 | E17: 45 | F17: 30
A18: No | B18: NIM | C18: Nama Mahasiswa
A19: 1 | B19: 24.01.55.0002 | C19: NADIA SALSABILLA PUTRI
A20: 2 | B20: 24.01.55.0003 | C20: LISA RAHMAWATI | D20: 93.86 | E20: 88.75 | F20: 85 | G20: =IFERROR((D20*($D$17/100))+(E20*($E$17/100))+(F20*($F$17/100)),"") -> 88.9025 | H20: =IFERROR(VLOOKUP(G20,[9]Sheet1!$AA$1:$AB$10,2),"") -> A-
A21: 3 | B21: 24.01.55.0004 | C21: NAZWA FITRI AULIA | D21: 88.21 | E21: 55 | F21: 70 | G21: =IFERROR((D21*($D$17/100))+(E21*($E$17/100))+(F21*($F$17/100)),"") -> 67.8025 | H21: =IFERROR(VLOOKUP(G21,[9]Sheet1!$AA$1:$AB$10,2),"") -> B-
A22: 4 | B22: 24.01.55.0005 | C22: RAFFAEL ANGGARA ARYA DEWA | D22: 87.64 | E22: 69.25 | F22: 59 | G22: =IFERROR((D22*($D$17/100))+(E22*($E$17/100))+(F22*($F$17/100)),"") -> 70.7725 | H22: =IFERROR(VLOOKUP(G22,[9]Sheet1!$AA$1:$AB$10,2),"") -> B
A23: 5 | B23: 24.01.55.0006 | C23: YUMROTUL MUKAROMAH | D23: 91 | E23: 79 | F23: 72 | G23: =IFERROR((D23*($D$17/100))+(E23*($E$17/100))+(F23*($F$17/100)),"") -> 79.9 | H23: =IFERROR(VLOOKUP(G23,[9]Sheet1!$AA$1:$AB$10,2),"") -> B+
A24: 6 | B24: 24.01.55.0007 | C24: USWATUN AULIA PANGESTIKA | D24: 84.64 | E24: 85 | F24: 80 | G24: =IFERROR((D24*($D$17/100))+(E24*($E$17/100))+(F24*($F$17/100)),"") -> 83.41 | H24: =IFERROR(VLOOKUP(G24,[9]Sheet1!$AA$1:$AB$10,2),"") -> B+
A25: 7 | B25: 24.01.55.0008 | C25: VINCENT LISTANEOF SANTOSO | D25: 53.86 | E25: 12.5 | F25: 0 | G25: =IFERROR((D25*($D$17/100))+(E25*($E$17/100))+(F25*($F$17/100)),"") -> 19.09 | H25: =IFERROR(VLOOKUP(G25,[9]Sheet1!$AA$1:$AB$10,2),"") -> E
A26: 8 | B26: 24.01.55.0009 | C26: RETNO AJENG PUSPITASARI | D26: 67.07 | E26: 62.75 | F26: 67 | G26: =IFERROR((D26*($D$17/100))+(E26*($E$17/100))+(F26*($F$17/100)),"") -> 65.105 | H26: =IFERROR(VLOOKUP(G26,[9]Sheet1!$AA$1:$AB$10,2),"") -> C+
A27: 9 | B27: 24.01.55.0010 | C27: IQBAL FAHAR | D27: 85.5 | E27: 86.5 | F27: 82 | G27: =IFERROR((D27*($D$17/100))+(E27*($E$17/100))+(F27*($F$17/100)),"") -> 84.9 | H27: =IFERROR(VLOOKUP(G27,[9]Sheet1!$AA$1:$AB$10,2),"") -> A-
A28: 10 | B28: 24.01.55.0011 | C28: SHABRINA AULIA PUTRI | D28: 78.86 | E28: 86.25 | F28: 85 | G28: =IFERROR((D28*($D$17/100))+(E28*($E$17/100))+(F28*($F$17/100)),"") -> 84.0275 | H28: =IFERROR(VLOOKUP(G28,[9]Sheet1!$AA$1:$AB$10,2),"") -> B+
A29: 11 | B29: 24.01.55.0012 | C29: ADELA PUTRI AJI | D29: 82.64 | E29: 82.5 | F29: 80 | G29: =IFERROR((D29*($D$17/100))+(E29*($E$17/100))+(F29*($F$17/100)),"") -> 81.785 | H29: =IFERROR(VLOOKUP(G29,[9]Sheet1!$AA$1:$AB$10,2),"") -> B+
A30: 12 | B30: 24.01.55.0013 | C30: AMELIA RISKI KURNIAWATI | D30: 75.5 | E30: 79 | F30: 82 | G30: =IFERROR((D30*($D$17/100))+(E30*($E$17/100))+(F30*($F$17/100)),"") -> 79.025 | H30: =IFERROR(VLOOKUP(G30,[9]Sheet1!$AA$1:$AB$10,2),"") -> B+
A31: 13 | B31: 24.01.55.0014 | C31: DAFFA IQBAL MAULANA | D31: 89.93 | E31: 86.5 | F31: 82 | G31: =IFERROR((D31*($D$17/100))+(E31*($E$17/100))+(F31*($F$17/100)),"") -> 86.0075 | H31: =IFERROR(VLOOKUP(G31,[9]Sheet1!$AA$1:$AB$10,2),"") -> A-
... A37: 19 | B37: 24.01.55.3004 | C37: RISTRAWAN WIRAWINELDA | D37: 77.5 | E37: 70.5 | F37: 74 | G37: =IFERROR((D37*($D$17/100))+(E37*($E$17/100))+(F37*($F$17/100)),"") -> 73.3 | H37: =IFERROR(VLOOKUP(G37,[9]Sheet1!$AA$1:$AB$10,2),"") -> B
D39: =D16 -> CPMK101 | E39: =E16 -> CPMK122 | F39: =F16 -> CPMK141 | G39: =G12 -> Nilai Akhir MK 100
C40: Tidak KRS/Tidak Aktif | D40: =IFERROR(COUNTIF(D19:D37,""),"") -> 1 | E40: =IFERROR(COUNTIF(E19:E37,""),"") -> 1 | F40: =IFERROR(COUNTIF(F19:F37,""),"") -> 1 | G40: =IFERROR(COUNTIF(G19:G37,""),"") -> 1
C41: <=65 | D41: =IFERROR(COUNTIF(D19:D37,C41)+COUNTIF(D19:D37,""),"")-D40 -> 1 | E41: =COUNTIF(E19:E37,C41)+COUNTIF(E19:E37,"")-E40 -> 3 | F41: =COUNTIF(F19:F37,C41)+COUNTIF(F19:F37,"")-F40 -> 2 | G41: =IFERROR(COUNTIF(G19:G37,C41)+COUNTIF(G19:G37,""),"") -> 2
C42: <85 | D42: =IFERROR(COUNTIF(D19:D37,C42)-D41,"") -> 11 | E42: =COUNTIF(E19:E37,C42)-E41 -> 10 | F42: =COUNTIF(F19:F37,C42)-F41 -> 14 | G42: =IFERROR(COUNTIF(G19:G37,C42)-G41,"") -> 14
C43: >=85 | D43: =COUNTIF(D19:D37,C43) -> 6 | E43: =COUNTIF(E19:E37,C43) -> 5 | F43: =COUNTIF(F19:F37,C43) -> 2 | G43: =IFERROR(COUNTIF(G19:G37,C43),"") -> 2
C44: Total | D44: =SUM(D40:D43) -> 19 | E44: =SUM(E40:E43) -> 19 | F44: =SUM(F40:F43) -> 19 | G44: =SUM(G40:G43) -> 19
C46: Jumlah mhsw yg lulus CPMK | D46: =(D42+D43)/(D44-D40) -> 0.94444444 | E46: =(E42+E43)/(E44-E40) -> 0.83333333 | F46: =(F42+F43)/(F44-F40) -> 0.88888889 | G46: =(G42+G43)/(G44-G40) -> 0.88888889
C48: Minimal | D48: =MIN(D19:D37) -> 53.86 | E48: =MIN(E19:E37) -> 12.5 | F48: =MIN(F19:F37) -> 0 | G48: =IFERROR(MIN(G19:G37),"") -> 19.09
C49: Maksimal | D49: =MAX(D19:D37) -> 93.86 | E49: =MAX(E19:E37) -> 88.75 | F49: =MAX(F19:F37) -> 85 | G49: =IFERROR(MAX(G19:G37),"") -> 88.9025
C50: Rata-Rata | D50: =AVERAGE(D19:D37) -> 80.412778 | E50: =AVERAGE(E19:E37) -> 73.652778 | F50: =AVERAGE(F19:F37) -> 71.722222 | G50: =IFERROR(AVERAGE(G19:G37),"") -> 74.763611

Sheet Penguk.CPMK-Smt1
A1: Pengukuran CPMK di tingkat mata kuliah pada satu angkatan (2024)
A2: [Mata Kuliah Semester 2]
D4: ='ListMKSmt-1'!B2 -> MK9 | I4: Nilai Akhir Matakuliah | J4: ='ListMKSmt-1'!B3 -> MK10 | M4: Nilai Akhir Matakuliah | N4: ='ListMKSmt-1'!B4 -> MK11 | Q4: Nilai Akhir Matakuliah | R4: ='ListMKSmt-1'!B5 -> MK12 | U4: Nilai Akhir Matakuliah | V4: ='ListMKSmt-1'!B6 -> MK13 | X4: Nilai Akhir Matakuliah | Y4: MK6 | AA4: Nilai Akhir Matakuliah | AB4: MK7 | AC4: Nilai Akhir Matakuliah | AE4: Nilai | AG4: Nilai | AI4: Nilai | AK4: Nilai | AM4: Nilai | AO4: Nilai | AQ4: Nilai | AS4: Nilai | AU4: Nilai | AW4: Nilai | AY4: Nilai | BA4: Nilai | BC4: Nilai | BE4: Nilai
D5: ='ListMKSmt-1'!D2 -> P.24.05.52.2.06 | J5: ='ListMKSmt-1'!D3 -> P.24.05.52.2.07 | N5: ='ListMKSmt-1'!D4 -> P.24.05.52.2.08 | R5: ='ListMKSmt-1'!D5 -> P.24.05.52.2.09 | V5: ='ListMKSmt-1'!D6 -> P.24.05.52.2.10 | Y5: ='ListMKSmt-1'!D7 -> U.24.05.52.2.04 | AB5: ='ListMKSmt-1'!D8 -> U.24.05.52.2.05
D6: ='ListMKSmt-1'!E2 -> Akuntansi Pengantar 2 | J6: ='ListMKSmt-1'!E3 -> Perpajakan 2 | N6: ='ListMKSmt-1'!E4 -> Akuntansi Sektor Publik | R6: ='ListMKSmt-1'!E5 -> Akuntansi Perbankan | V6: ='ListMKSmt-1'!E6 -> Akuntansi Biaya | Y6: ='ListMKSmt-1'!E7 -> Pancasila | AB6: ='ListMKSmt-1'!E8 -> Bahasa Indonesia | AE6: D,G,J,T | AG6: U | AI6: N,Q | AK6: K | AU6: O,R | AW6: X,AB,AF | BA6: Y,AC,AG | BC6: E,H, L,V | BE6: Z,AD,AH | BI6: Y,Z,AB | BO6: D,N,E,F,R,G,O,S,H,P,T | BY6: N,Q | CE6: K | DY6: O,R | EC6: J,K | EM6: L | EW6: Y,AC,AG | FG6: E,H,L,V | FK6: Z,AD,AH
D7: ='MK1-TM'!D15 -> CPL02 | E7: ='MK1-TM'!E15 -> CPL02 | F7: ='MK1-TM'!F15 -> CPL02 | G7: ='MK1-TM'!G15 -> CPL02 | H7: ='MK1-TM'!H15 -> CPL02 | J7: ='MK2-TO'!D15 -> CPL10 | K7: ='MK2-TO'!E15 -> CPL10 | L7: ='MK2-TO'!F15 -> CPL11 | N7: ='MK3-PSTI'!D15 -> CPL02 | O7: ='MK3-PSTI'!E15 -> CPL02 | P7: ='MK3-PSTI'!F15 -> CPL02 | R7: ='MK4-L&A'!D15 -> CPL02 | S7: ='MK4-L&A'!E15 -> CPL02 | T7: ='MK4-L&A'!F15 -> CPL02 | V7: ='MK5-BP'!D15 -> CPL04 | W7: ='MK5-BP'!E15 -> CPL04 | Y7: ='MK7-MBD'!D14 -> CPL01 | Z7: ='MK7-MBD'!E14 -> CPL1 | AB7: =MK8_BID!D15 -> CPL01 | AE7: CPL01 | AF7: Capaian (%) | AG7: CPL02 | AH7: Capaian (%) | AI7: CPL03 | AJ7: Capaian (%) | AK7: CPL04 | AL7: Capaian (%) | AM7: CPL05 | AN7: Capaian (%) | AO7: CPL06 | AP7: Capaian (%) | AQ7: CPL07 | AR7: Capaian (%) | AS7: CPL08 | AT7: Capaian (%) | AU7: CPL09 | AV7: Capaian (%) | AW7: CPL10 | AX7: Capaian (%) | AY7: CPL11 | AZ7: Capaian (%) | BA7: CPL12 | BB7: Capaian (%) | BC7: CPL13 | BD7: Capaian (%) | BE7: CPL14 | BF7: Capaian (%) | BI7: CPL01 | BO7: CPL02 | BY7: CPL03 | CE7: CPL04 | CI7: CPL05 | CY7: CPL06 | DG7: CPL07 | DS7: CPL08 | DY7: CPL09 | EC7: CPL10 | EM7: CPL11 | EW7: CPL12 | FG7: CPL13 | FK7: CPL14
D8: ='MK1-TM'!D16 -> CPMK021 | E8: ='MK1-TM'!E16 -> CPMK022 | F8: ='MK1-TM'!F16 -> CPMK023 | G8: ='MK1-TM'!G16 -> CPMK024 | H8: ='MK1-TM'!H16 -> CPMK025 | J8: ='MK2-TO'!D16 -> CPMK101 | K8: ='MK2-TO'!E16 -> CPMK104 | L8: ='MK2-TO'!F16 -> CPMK111 | N8: ='MK3-PSTI'!D16 -> CPMK21 | O8: ='MK3-PSTI'!E16 -> CPMK24 | P8: ='MK3-PSTI'!F16 -> CPMK25 | R8: ='MK4-L&A'!D16 -> CPMK23 | S8: ='MK4-L&A'!E16 -> CPMK24 | T8: ='MK4-L&A'!F16 -> CPMK25 | V8: ='MK5-BP'!D16 -> CPMK41 | W8: ='MK5-BP'!E16 -> CPMK42 | Y8: ='MK7-MBD'!D15 -> CPMK11 | Z8: ='MK7-MBD'!E15 -> CPMK12 | AB8: =MK8_BID!D16 -> CPMK12 | AD8: SMT-II | AE8: 215 | AG8: =#REF! -> #REF! | AI8: =R9+V9 -> 68 | AK8: =#REF! -> #REF! | AU8: =T9+W9 -> 99 | AW8: =AB9+#REF!+#REF! -> #REF! | BA8: =#REF!+#REF!+#REF! -> #REF! | BC8: =H9+L9+P9+Z9 -> 163 | BE8: =#REF!+#REF!+#REF! -> #REF! | BI8: CPMK011 | BJ8: % | BK8: CPMK012 | BL8: % | BM8: CPMK013 | BN8: % | BO8: CPMK021 | BP8: % | BQ8: CPMK022 | BR8: % | BS8: CPMK023 | BT8: % | BU8: CPMK024 | BV8: % | BW8: CPMK025 | BY8: CPMK031 | BZ8: % | CA8: CPMK032 | CB8: % | CC8: CPMK033 | CD8: % | CE8: CPMK041 | CF8: % | CG8: CPMK042 | CH8: % | CI8: CPMK051 | CJ8: % | CK8: CPMK052 | CL8: % | CM8: CPMK053 | CN8: % | CO8: CPMK054 | CP8: % | CQ8: CPMK055 | CR8: % | CS8: CPMK056 | CT8: % | CU8: CPMK057 | CV8: % | CW8: CPMK058 | CX8: % | CY8: CPMK061 | CZ8: % | DA8: CPMK062 | DB8: % | DC8: CPMK063 | DD8: % | DE8: CPMK064 | DF8: % | DG8: CPMK071 | DH8: % | DI8: CPMK072 | DJ8: % | DK8: CPMK073 | DL8: % | DM8: CPMK074 | DN8: % | DO8: CPMK075 | DP8: % | DQ8: CPMK076 | DR8: % | DS8: CPMK081 | DT8: % | DU8: CPMK082 | DV8: % | DW8: CPMK083 | DX8: % | DY8: CPMK091 | DZ8: % | EA8: CPMK092 | EB8: % | EC8: CPMK101 | ED8: % | EE8: CPMK102 | EF8: % | EG8: CPMK103 | EH8: % | EI8: CPMK104 | EJ8: % | EK8: CPMK105 | EL8: % | EM8: CPMK111 | EN8: % | EO8: CPMK112 | EP8: % | EQ8: CPMK113 | ER8: % | ES8: CPMK114 | ET8: % | EU8: CPMK115 | EV8: % | EW8: CPMK121 | EX8: % | EY8: CPMK122 | EZ8: % | FA8: CPMK123 | FB8: % | FC8: CPMK124 | FD8: % | FE8: CPMK125 | FF8: % | FG8: CPMK131 | FH8: % | FI8: CPMK132 | FJ8: % | FK8: CPMK141 | FL8: % | FM8: CPMK142 | FN8: %
C9: =SUM(D9,H9,J9,L9,N9,#REF!,P9,R9,T9,V9,W9,Y9,#REF!,Z9,AB9,#REF!,#REF!,#REF!,#REF!,#REF!,#REF!,#REF!,#REF!) -> #REF! | D9: ='MK1-TM'!D17 -> 21 | E9: ='MK1-TM'!E17 -> 22 | F9: ='MK1-TM'!F17 -> 23 | G9: ='MK1-TM'!G17 -> 24 | H9: ='MK1-TM'!H17 -> 25 | J9: ='MK2-TO'!D17 -> 16 | K9: ='MK2-TO'!E17 -> 45 | L9: ='MK2-TO'!F17 -> 39 | N9: ='MK3-PSTI'!D17 -> 17 | O9: ='MK3-PSTI'!E17 -> 34 | P9: ='MK3-PSTI'!F17 -> 49 | R9: ='MK4-L&A'!D17 -> 18 | S9: ='MK4-L&A'!E17 -> 33 | T9: ='MK4-L&A'!F17 -> 49 | V9: ='MK5-BP'!D17 -> 50 | W9: ='MK5-BP'!E17 -> 50 | Y9: ='MK7-MBD'!D16 -> 50 | Z9: ='MK7-MBD'!E16 -> 50 | AB9: =MK8_BID!D17 -> 100 | BI9: =Y9 -> 50 | BK9: =Z9+AB9 -> 150 | BO9: =D9+N9 -> 38 | BQ9: =E9 -> 22 | BS9: =F9+R9 -> 41 | BU9: =G9+O9+S9 -> 91 | BW9: =H9+P9+T9 -> 123 | CE9: =V9 -> 50 | CG9: =W9 -> 50 | CQ9: =R9 -> 18 | CS9: 50 | DS9: 50 | DY9: =T9 -> 49 | EC9: =J9 -> 16 | EE9: 16 | EI9: =K9 -> 45 | EM9: =L9 -> 39 | ES9: =V9 -> 50 | EU9: =W9 -> 50 | FA9: =#REF! -> #REF! | FG9: =H9+L9+P9+Z9 -> 163 | FK9: =#REF!+#REF! -> #REF! | FM9: =#REF! -> #REF! | FO9: =SUM(BI9:FM9) -> #REF!
A10: No | B10: NIM | C10: Nama Mahasiswa
A11: 1 | B11: 24.05.52.0002 | C11: SNEHA JAYA BAIDURI | D11: ='MK1-TM'!D19 -> 89.75 | E11: ='MK1-TM'!E19 -> 89.73 | F11: ='MK1-TM'!F19 -> 90.3 | G11: ='MK1-TM'!G19 -> 60.95 | H11: ='MK1-TM'!H19 -> 61.96 | I11: =IFERROR((D11*($D$9/100))+(E11*($E$9/100))+(F11*($F$9/100))+(G11*($G$9/100))+(H11*($H$9/100)),"") -> 89.4751 | J11: ='MK2-TO'!D19 -> 71.88 | K11: ='MK2-TO'!E19 -> 70.56 | L11: ='MK2-TO'!F19 -> 75.64 | M11: =IFERROR((J11*($J$9/100))+(K11*($K$9/100)+(L11*($L$9/100))),"") -> 72.7524 | N11: ='MK3-PSTI'!D19 -> 80.59 | O11: ='MK3-PSTI'!E19 -> 78.09 | P11: ='MK3-PSTI'!F19 -> 78.06 | Q11: =IFERROR((N11*($N$9/100))+(O11*($O$9/100))+(P11*($P$9/100)),"") -> 78.5003 | R11: =IF('MK4-L&A'!D19="","",'MK4-L&A'!D19) -> 86.11 | S11: ='MK4-L&A'!E19 -> 83.33 | T11: ='MK4-L&A'!F19 -> 83.67 | U11: =IFERROR((R11*($R$9/100))+(S11*($S$9/100))+(T11*($T$9/100)),"") -> 83.997 | V11: ='MK5-BP'!D19 -> 69.2 | W11: ='MK5-BP'!E19 -> 68.2 | X11: =IFERROR((V11*($V$9/100))+(W11*($W$9/100)),"") -> 68.7 | Y11: =IF('MK7-MBD'!D18="","",'MK7-MBD'!D18) -> 82.55 | Z11: =IF('MK7-MBD'!E18="","",'MK7-MBD'!E18) -> 82.55 | AA11: =IFERROR((Y11*($V$9/100))+(Z11*($W$9/100)),"") -> 82.55 | AB11: =IF(MK8_BID!D19="","",MK8_BID!D19) -> 81.4 | AC11: =IFERROR((AB11*($AB$9/100)),"") -> 81.4 | AE11: =IFERROR((D11*($D$9/100)+J11*($J$9/100)+N11*($N$9/100)+Y11*($Y$9/100)),"") -> 85.3236 | AF11: =IFERROR(AE11/$AE$8*100,"") -> 39.685395 | AK11: =IFERROR((#REF!*(#REF!/100)),"") | AL11: =IFERROR(AK11/$AK$8*100,"") | BC11: =IFERROR((H11*($H$9/100)+L11*($L$9/100)+P11*($P$9/100)+Z11*($Z$9/100)),"") -> 124.514 | BD11: =IFERROR(BC11/$BC$8*100,"") -> 76.388957 | BI11: =IF(Y11="","",IFERROR(Y11*($Y$9/100),"")) -> 41.275 | BJ11: =IF(BI11="","",BI11/$BI$9) -> 0.8255 | BK11: =IFERROR(IF(Z11="","",IFERROR(Z11*($Z$9/100),""))+IF(AB11="","",IFERROR(AB11*($AB$9/100),"")),"") -> 122.675 | BL11: =IF(BK11="","",BK11/$BK$9) -> 0.81783333 | BN11: =IF(BM11="","",BM11/$BM$9) | BO11: =IFERROR(IF(D11="","",IFERROR(D11*($D$9/100),""))+IF(N11="","",IFERROR(N11*($N$9/100),"")),"") -> 32.5478 | BP11: =IF(BO11="","",BO11/$BO$9) -> 0.85652105 | BQ11: =IF(E11="","",IFERROR(E11*($E$9/100),"")) -> 19.7406 | BR11: =IF(BQ11="","",BQ11/$BQ$9) -> 0.8973 | BS11: =IFERROR(IF(F11="","",IFERROR(F11*($F$9/100),""))+IF(R11="","",IFERROR(R11*($R$9/100),"")),"") -> 36.2688 | BT11: =IF(BS11="","",BS11/$BS$9) -> 0.88460488 | BU11: =IFERROR(IF(G11="","",IFERROR(G11*($G$9/100),""))+IF(O11="","",IFERROR(O11*($O$9/100),""))+IF(S11="","",IFERROR(S11*($S$9/100),"")),"") -> 68.6775 | BV11: =IF(BU11="","",BU11/$BU$9) -> 0.7546978 | BW11: =IFERROR(IF(H11="","",IFERROR(H11*($H$9/100),""))+IF(P11="","",IFERROR(P11*($P$9/100),""))+IF(T11="","",IFERROR(T11*($T$9/100),"")),"") -> 94.7377 | BX11: =IF(BW11="","",BW11/$BW$9) -> 0.7702252 | CB11: =IF(CA11="","",CA11/$CA$9) | CE11: =IF(V11="","",IFERROR(V11*($V$9/100),"")) -> 34.6 | CF11: =IF(CE11="","",CE11/$CE$9) -> 0.692 | CG11: =IF(W11="","",IFERROR(W11*($W$9/100),"")) -> 34.1 | CH11: =IF(CG11="","",CG11/$CG$9) -> 0.682 | CR11: =IF(CQ11="","",CQ11/$CQ$9) | CT11: =IF(CS11="","",CS11/$CS$9) | DT11: =IF(DS11="","",DS11/$DS$9) | DZ11: =IF(DY11="","",DY11/$DY$9) | EC11: =IF(J11="","",IFERROR(J11*($J$9/100),"")) -> 11.5008 | ED11: =IF(EC11="","",EC11/$EC$9) -> 0.7188 | EF11: =IF(EE11="","",EE11/$EE$9) | EH11: =IF(EG11="","",EG11/$EG$9) | EI11: =IF(K11="","",IFERROR(K11*($K$9/100),"")) -> 31.752 | EJ11: =IF(EI11="","",EI11/$EI$9) -> 0.7056 | EM11: =IF(L11="","",IFERROR(L11*($L$9/100),"")) -> 29.4996 | EN11: =IF(EM11="","",EM11/$EM$9) -> 0.7564 | ET11: =IF(ES11="","",ES11/$ES$9) | EV11: =IF(EU11="","",EU11/$EU$9) | EW11: =IFERROR(IF(#REF!="","",IFERROR(#REF!*(#REF!/100),"")),"") | EX11: =IF(EW11="","",EW11/$EW$9) | FE11: =IFERROR(IF(#REF!="","",IFERROR(#REF!*(#REF!/100),""))+IF(#REF!="","",IFERROR(#REF!*(#REF!/100),"")),"") | FF11: =IF(FE11="","",FE11/$FE$9) | FG11: =IFERROR(IF(H11="","",IFERROR(H11*($H$9/100),""))+IF(L11="","",IFERROR(L11*($L$9/100),""))+IF(P11="","",IFERROR(P11*($P$9/100),""))+IF(Z11="","",IFERROR(Z11*($Z$9/100),"")),"") -> 124.514 | FH11: =IF(FG11="","",FG11/$FG$9) -> 0.76388957 | FK11: =IFERROR(IF(#REF!="","",IFERROR(#REF!*(#REF!/100),""))+IF(#REF!="","",IFERROR(#REF!*(#REF!/100),"")),"") | FL11: =IF(FK11="","",FK11/$FK$9) | FM11: =IFERROR(IF(#REF!="","",IFERROR(#REF!*(#REF!/100),"")),"") | FN11: =IF(FM11="","",FM11/$FM$9) | FO11: =SUM(BI11:FM11) -> 692.01417 | FP11: =FO11/$FO$9 -> #REF!
A12: 2 | B12: 24.05.52.0003 | C12: ALFARIESSA GIFTHA ANDREA P | D12: ='MK1-TM'!D20 -> 92.5 | E12: ='MK1-TM'!E20 -> 93 | F12: ='MK1-TM'!F20 -> 92.25 | G12: ='MK1-TM'!G20 -> 80.91 | H12: ='MK1-TM'!H20 -> 82.96 | I12: =IFERROR((D12*($D$9/100))+(E12*($E$9/100))+(F12*($F$9/100))+(G12*($G$9/100))+(H12*($H$9/100)),"") -> 101.2609 | J12: ='MK2-TO'!D20 -> 83.75 | K12: ='MK2-TO'!E20 -> 80.22 | L12: ='MK2-TO'!F20 -> 74.62 | M12: =IFERROR((J12*($J$9/100))+(K12*($K$9/100)+(L12*($L$9/100))),"") -> 78.6008 | N12: ='MK3-PSTI'!D20 -> 77.06 | O12: ='MK3-PSTI'!E20 -> 73.97 | P12: ='MK3-PSTI'!F20 -> 79.18 | Q12: =IFERROR((N12*($N$9/100))+(O12*($O$9/100))+(P12*($P$9/100)),"") -> 77.0482 | R12: =IF('MK4-L&A'!D20="","",'MK4-L&A'!D20) -> 91.67 | S12: ='MK4-L&A'!E20 -> 90.91 | T12: ='MK4-L&A'!F20 -> 90.82 | U12: =IFERROR((R12*($R$9/100))+(S12*($S$9/100))+(T12*($T$9/100)),"") -> 91.0027 | V12: ='MK5-BP'!D20 -> 82 | W12: ='MK5-BP'!E20 -> 82 | X12: =IFERROR((V12*($V$9/100))+(W12*($W$9/100)),"") -> 82 | Y12: =IF('MK7-MBD'!D19="","",'MK7-MBD'!D19) -> 83.6 | Z12: =IF('MK7-MBD'!E19="","",'MK7-MBD'!E19) -> 83.6 | AA12: =IFERROR((Y12*($V$9/100))+(Z12*($W$9/100)),"") -> 83.6 | AB12: =IF(MK8_BID!D20="","",MK8_BID!D20) -> 76.9 | AC12: =IFERROR((AB12*($AB$9/100)),"") -> 76.9 | AE12: =IFERROR((D12*($D$9/100)+J12*($J$9/100)+N12*($N$9/100)+Y12*($Y$9/100)),"") -> 87.7252 | AF12: =IFERROR(AE12/$AE$8*100,"") -> 40.802419 | AG12: =IFERROR((#REF!*(#REF!/100)),"") | AH12: =IFERROR(AG12/$AG$8*100,"") | AI12: =IFERROR((R12*($R$9/100)+V12*($V$9/100)),"") -> 57.5006 | AJ12: =IFERROR(AI12/$AI$8*100,"") -> 84.559706 | AK12: =IFERROR((#REF!*(#REF!/100)),"") | AL12: =IFERROR(AK12/$AK$8*100,"") | AU12: =IFERROR((T12*($T$9/100)+W12*($W$9/100)),"") -> 85.5018 | AV12: =IFERROR(AU12/$AU$8*100,"") -> 86.365455 | AW12: =IFERROR((AB12*($AB$9/100)+#REF!*(#REF!/100)+#REF!*(#REF!/100)),"") | AX12: =IFERROR(AW12/$AW$8*100,"") | BA12: =IFERROR((#REF!*(#REF!/100)+#REF!*(#REF!/100)+#REF!*(#REF!/100)),"") | BB12: =IFERROR(BA12/$BA$8*100,"") | BC12: =IFERROR((H12*($H$9/100)+L12*($L$9/100)+P12*($P$9/100)+Z12*($Z$9/100)),"") -> 130.44 | BD12: =IFERROR(BC12/$BC$8*100,"") -> 80.02454 | BE12: =IFERROR((#REF!*(#REF!/100)+(#REF!*(#REF!/100))+(#REF!*(#REF!/100))),"") | BF12: =IFERROR(BE12/$BE$8*100,"") | BI12: =IF(Y12="","",IFERROR(Y12*($Y$9/100),"")) -> 41.8 | BJ12: =IF(BI12="","",BI12/$BI$9) -> 0.836 | BK12: =IFERROR(IF(Z12="","",IFERROR(Z12*($Z$9/100),""))+IF(AB12="","",IFERROR(AB12*($AB$9/100),"")),"") -> 118.7 | BL12: =IF(BK12="","",BK12/$BK$9) -> 0.79133333 | BN12: =IF(BM12="","",BM12/$BM$9) | BO12: =IFERROR(IF(D12="","",IFERROR(D12*($D$9/100),""))+IF(N12="","",IFERROR(N12*($N$9/100),"")),"") -> 32.5252 | BP12: =IF(BO12="","",BO12/$BO$9) -> 0.85592632 | BQ12: =IF(E12="","",IFERROR(E12*($E$9/100),"")) -> 20.46 | BR12: =IF(BQ12="","",BQ12/$BQ$9) -> 0.93 | BS12: =IFERROR(IF(F12="","",IFERROR(F12*($F$9/100),""))+IF(R12="","",IFERROR(R12*($R$9/100),"")),"") -> 37.7181 | BT12: =IF(BS12="","",BS12/$BS$9) -> 0.91995366 | BU12: =IFERROR(IF(G12="","",IFERROR(G12*($G$9/100),""))+IF(O12="","",IFERROR(O12*($O$9/100),""))+IF(S12="","",IFERROR(S12*($S$9/100),"")),"") -> 74.5685 | BV12: =IF(BU12="","",BU12/$BU$9) -> 0.81943407 | BW12: =IFERROR(IF(H12="","",IFERROR(H12*($H$9/100),""))+IF(P12="","",IFERROR(P12*($P$9/100),""))+IF(T12="","",IFERROR(T12*($T$9/100),"")),"") -> 104.04 | BX12: =IF(BW12="","",BW12/$BW$9) -> 0.84585366 | CB12: =IF(CA12="","",CA12/$CA$9) | CE12: =IF(V12="","",IFERROR(V12*($V$9/100),"")) -> 41 | CF12: =IF(CE12="","",CE12/$CE$9) -> 0.82 | CG12: =IF(W12="","",IFERROR(W12*($W$9/100),"")) -> 41 | CH12: =IF(CG12="","",CG12/$CG$9) -> 0.82 | CR12: =IF(CQ12="","",CQ12/$CQ$9) | CT12: =IF(CS12="","",CS12/$CS$9) | DT12: =IF(DS12="","",DS12/$DS$9) | DZ12: =IF(DY12="","",DY12/$DY$9) | EC12: =IF(J12="","",IFERROR(J12*($J$9/100),"")) -> 13.4 | ED12: =IF(EC12="","",EC12/$EC$9) -> 0.8375 | EF12: =IF(EE12="","",EE12/$EE$9) | EH12: =IF(EG12="","",EG12/$EG$9) | EI12: =IF(K12="","",IFERROR(K12*($K$9/100),"")) -> 36.099 | EJ12: =IF(EI12="","",EI12/$EI$9) -> 0.8022 | EM12: =IF(L12="","",IFERROR(L12*($L$9/100),"")) -> 29.1018 | EN12: =IF(EM12="","",EM12/$EM$9) -> 0.7462 | EP12: =IF(EO12="","",EO12/$EO$9) | ET12: =IF(ES12="","",ES12/$ES$9) | EV12: =IF(EU12="","",EU12/$EU$9) | EW12: =IFERROR(IF(#REF!="","",IFERROR(#REF!*(#REF!/100),"")),"") | EX12: =IF(EW12="","",EW12/$EW$9) | FE12: =IFERROR(IF(#REF!="","",IFERROR(#REF!*(#REF!/100),""))+IF(#REF!="","",IFERROR(#REF!*(#REF!/100),"")),"") | FF12: =IF(FE12="","",FE12/$FE$9) | FG12: =IFERROR(IF(H12="","",IFERROR(H12*($H$9/100),""))+IF(L12="","",IFERROR(L12*($L$9/100),""))+IF(P12="","",IFERROR(P12*($P$9/100),""))+IF(Z12="","",IFERROR(Z12*($Z$9/100),"")),"") -> 130.44 | FH12: =IF(FG12="","",FG12/$FG$9) -> 0.8002454 | FK12: =IFERROR(IF(#REF!="","",IFERROR(#REF!*(#REF!/100),""))+IF(#REF!="","",IFERROR(#REF!*(#REF!/100),"")),"") | FL12: =IF(FK12="","",FK12/$FK$9) | FM12: =IFERROR(IF(#REF!="","",IFERROR(#REF!*(#REF!/100),"")),"") | FN12: =IF(FM12="","",FM12/$FM$9) | FO12: =SUM(BI12:FM12) -> 731.67725 | FP12: =FO12/$FO$9 -> #REF!
A13: 3 | B13: 24.05.52.0004 | C13: MAHARANI PUTRI RUSTIANTI | D13: ='MK1-TM'!D21 -> 75.63 | E13: ='MK1-TM'!E21 -> 74.67 | F13: ='MK1-TM'!F21 -> 72.25 | G13: ='MK1-TM'!G21 -> 66.82 | H13: ='MK1-TM'!H21 -> 67.59 | I13: =IFERROR((D13*($D$9/100))+(E13*($E$9/100))+(F13*($F$9/100))+(G13*($G$9/100))+(H13*($H$9/100)),"") -> 81.8615 | J13: ='MK2-TO'!D21 -> 68.75 | K13: ='MK2-TO'!E21 -> 65.56 | L13: ='MK2-TO'!F21 -> 67.95 | M13: =IFERROR((J13*($J$9/100))+(K13*($K$9/100)+(L13*($L$9/100))),"") -> 67.0025 | N13: ='MK3-PSTI'!D21 -> 76.47 | O13: ='MK3-PSTI'!E21 -> 73.53 | P13: ='MK3-PSTI'!F21 -> 74.08 | Q13: =IFERROR((N13*($N$9/100))+(O13*($O$9/100))+(P13*($P$9/100)),"") -> 74.2993 | R13: =IF('MK4-L&A'!D21="","",'MK4-L&A'!D21) -> 86.11 | S13: ='MK4-L&A'!E21 -> 83.33 | T13: ='MK4-L&A'!F21 -> 80.1 | U13: =IFERROR((R13*($R$9/100))+(S13*($S$9/100))+(T13*($T$9/100)),"") -> 82.2477 | V13: ='MK5-BP'!D21 -> 68.1 | W13: ='MK5-BP'!E21 -> 67.6 | X13: =IFERROR((V13*($V$9/100))+(W13*($W$9/100)),"") -> 67.85 | Y13: =IF('MK7-MBD'!D20="","",'MK7-MBD'!D20) -> 90.5 | Z13: =IF('MK7-MBD'!E20="","",'MK7-MBD'!E20) -> 90.5 | AA13: =IFERROR((Y13*($V$9/100))+(Z13*($W$9/100)),"") -> 90.5 | AB13: =IF(MK8_BID!D21="","",MK8_BID!D21) -> 76.9 | AC13: =IFERROR((AB13*($AB$9/100)),"") -> 76.9 | AE13: =IFERROR((D13*($D$9/100)+J13*($J$9/100)+N13*($N$9/100)+Y13*($Y$9/100)),"") -> 85.1322 | AF13: =IFERROR(AE13/$AE$8*100,"") -> 39.596372 | AG13: =IFERROR((#REF!*(#REF!/100)),"") | AH13: =IFERROR(AG13/$AG$8*100,"") | AI13: =IFERROR((R13*($R$9/100)+V13*($V$9/100)),"") -> 49.5498 | AJ13: =IFERROR(AI13/$AI$8*100,"") -> 72.867353 | AK13: =IFERROR((#REF!*(#REF!/100)),"") | AL13: =IFERROR(AK13/$AK$8*100,"") | AU13: =IFERROR((T13*($T$9/100)+W13*($W$9/100)),"") -> 73.049 | AV13: =IFERROR(AU13/$AU$8*100,"") -> 73.786869 | AW13: =IFERROR((AB13*($AB$9/100)+#REF!*(#REF!/100)+#REF!*(#REF!/100)),"") | AX13: =IFERROR(AW13/$AW$8*100,"") | BA13: =IFERROR((#REF!*(#REF!/100)+#REF!*(#REF!/100)+#REF!*(#REF!/100)),"") | BB13: =IFERROR(BA13/$BA$8*100,"") | BC13: =IFERROR((H13*($H$9/100)+L13*($L$9/100)+P13*($P$9/100)+Z13*($Z$9/100)),"") -> 124.9472 | BD13: =IFERROR(BC13/$BC$8*100,"") -> 76.654724 | BE13: =IFERROR((#REF!*(#REF!/100)+(#REF!*(#REF!/100))+(#REF!*(#REF!/100))),"") | BF13: =IFERROR(BE13/$BE$8*100,"") | BI13: =IF(Y13="","",IFERROR(Y13*($Y$9/100),"")) -> 45.25 | BJ13: =IF(BI13="","",BI13/$BI$9) -> 0.905 | BK13: =IFERROR(IF(Z13="","",IFERROR(Z13*($Z$9/100),""))+IF(AB13="","",IFERROR(AB13*($AB$9/100),"")),"") -> 122.15 | BL13: =IF(BK13="","",BK13/$BK$9) -> 0.81433333 | BN13: =IF(BM13="","",BM13/$BM$9) | BO13: =IFERROR(IF(D13="","",IFERROR(D13*($D$9/100),""))+IF(N13="","",IFERROR(N13*($N$9/100),"")),"") -> 28.8822 | BP13: =IF(BO13="","",BO13/$BO$9) -> 0.76005789 | BQ13: =IF(E13="","",IFERROR(E13*($E$9/100),"")) -> 16.4274 | BR13: =IF(BQ13="","",BQ13/$BQ$9) -> 0.7467 | BS13: =IFERROR(IF(F13="","",IFERROR(F13*($F$9/100),""))+IF(R13="","",IFERROR(R13*($R$9/100),"")),"") -> 32.1173 | BT13: =IF(BS13="","",BS13/$BS$9) -> 0.78334878 | BU13: =IFERROR(IF(G13="","",IFERROR(G13*($G$9/100),""))+IF(O13="","",IFERROR(O13*($O$9/100),""))+IF(S13="","",IFERROR(S13*($S$9/100),"")),"") -> 68.5359 | BV13: =IF(BU13="","",BU13/$BU$9) -> 0.75314176 | BW13: =IFERROR(IF(H13="","",IFERROR(H13*($H$9/100),""))+IF(P13="","",IFERROR(P13*($P$9/100),""))+IF(T13="","",IFERROR(T13*($T$9/100),"")),"") -> 92.4457 | BX13: =IF(BW13="","",BW13/$BW$9) -> 0.75159106 | CB13: =IF(CA13="","",CA13/$CA$9) | CE13: =IF(V13="","",IFERROR(V13*($V$9/100),"")) -> 34.05 | CF13: =IF(CE13="","",CE13/$CE$9) -> 0.681 | CG13: =IF(W13="","",IFERROR(W13*($W$9/100),"")) -> 33.8 | CH13: =IF(CG13="","",CG13/$CG$9) -> 0.676 | CR13: =IF(CQ13="","",CQ13/$CQ$9) | CT13: =IF(CS13="","",CS13/$CS$9) | DT13: =IF(DS13="","",DS13/$DS$9) | DZ13: =IF(DY13="","",DY13/$DY$9) | EC13: =IF(J13="","",IFERROR(J13*($J$9/100),"")) -> 11 | ED13: =IF(EC13="","",EC13/$EC$9) -> 0.6875 | EF13: =IF(EE13="","",EE13/$EE$9) | EH13: =IF(EG13="","",EG13/$EG$9) | EI13: =IF(K13="","",IFERROR(K13*($K$9/100),"")) -> 29.502 | EJ13: =IF(EI13="","",EI13/$EI$9) -> 0.6556 | EM13: =IF(L13="","",IFERROR(L13*($L$9/100),"")) -> 26.5005 | EN13: =IF(EM13="","",EM13/$EM$9) -> 0.6795 | EP13: =IF(EO13="","",EO13/$EO$9) | ET13: =IF(ES13="","",ES13/$ES$9) | EV13: =IF(EU13="","",EU13/$EU$9) | EW13: =IFERROR(IF(#REF!="","",IFERROR(#REF!*(#REF!/100),"")),"") | EX13: =IF(EW13="","",EW13/$EW$9) | FE13: =IFERROR(IF(#REF!="","",IFERROR(#REF!*(#REF!/100),""))+IF(#REF!="","",IFERROR(#REF!*(#REF!/100),"")),"") | FF13: =IF(FE13="","",FE13/$FE$9) | FG13: =IFERROR(IF(H13="","",IFERROR(H13*($H$9/100),""))+IF(L13="","",IFERROR(L13*($L$9/100),""))+IF(P13="","",IFERROR(P13*($P$9/100),""))+IF(Z13="","",IFERROR(Z13*($Z$9/100),"")),"") -> 124.9472 | FH13: =IF(FG13="","",FG13/$FG$9) -> 0.76654724 | FK13: =IFERROR(IF(#REF!="","",IFERROR(#REF!*(#REF!/100),""))+IF(#REF!="","",IFERROR(#REF!*(#REF!/100),"")),"") | FL13: =IF(FK13="","",FK13/$FK$9) | FM13: =IFERROR(IF(#REF!="","",IFERROR(#REF!*(#REF!/100),"")),"") | FN13: =IF(FM13="","",FM13/$FM$9) | FO13: =SUM(BI13:FM13) -> 675.26852 | FP13: =FO13/$FO$9 -> #REF!
A14: 4 | B14: 24.05.52.0005 | C14: FLORA SUCI FERONIKA | D14: ='MK1-TM'!D22 -> 62.88 | E14: ='MK1-TM'!E22 -> 61.4 | F14: ='MK1-TM'!F22 -> 58.3 | G14: ='MK1-TM'!G22 -> 65.95 | H14: ='MK1-TM'!H22 -> 67.33 | I14: =IFERROR((D14*($D$9/100))+(E14*($E$9/100))+(F14*($F$9/100))+(G14*($G$9/100))+(H14*($H$9/100)),"") -> 72.7823 | J14: ='MK2-TO'!D22 -> 67.5 | K14: ='MK2-TO'!E22 -> 64.89 | L14: ='MK2-TO'!F22 -> 67.95 | M14: =IFERROR((J14*($J$9/100))+(K14*($K$9/100)+(L14*($L$9/100))),"") -> 66.501 | N14: ='MK3-PSTI'!D22 -> 64.47 | O14: ='MK3-PSTI'!E22 -> 58.65 | P14: ='MK3-PSTI'!F22 -> 73.47 | Q14: =IFERROR((N14*($N$9/100))+(O14*($O$9/100))+(P14*($P$9/100)),"") -> 66.9012 | R14: =IF('MK4-L&A'!D22="","",'MK4-L&A'!D22) -> 85.11 | S14: ='MK4-L&A'!E22 -> 82.79 | T14: ='MK4-L&A'!F22 -> 90.33 | U14: =IFERROR((R14*($R$9/100))+(S14*($S$9/100))+(T14*($T$9/100)),"") -> 86.9022 | V14: ='MK5-BP'!D22 -> 66.2 | W14: ='MK5-BP'!E22 -> 66.2 | X14: =IFERROR((V14*($V$9/100))+(W14*($W$9/100)),"") -> 66.2 | Y14: =IF('MK7-MBD'!D21="","",'MK7-MBD'!D21) -> 82.2 | Z14: =IF('MK7-MBD'!E21="","",'MK7-MBD'!E21) -> 82.2 | AA14: =IFERROR((Y14*($V$9/100))+(Z14*($W$9/100)),"") -> 82.2 | AB14: =IF(MK8_BID!D22="","",MK8_BID!D22) -> 81.4 | AC14: =IFERROR((AB14*($AB$9/100)),"") -> 81.4 | AE14: =IFERROR((D14*($D$9/100)+J14*($J$9/100)+N14*($N$9/100)+Y14*($Y$9/100)),"") -> 76.0647 | AF14: =IFERROR(AE14/$AE$8*100,"") -> 35.37893 | AG14: =IFERROR((#REF!*(#REF!/100)),"") | AH14: =IFERROR(AG14/$AG$8*100,"") | AI14: =IFERROR((R14*($R$9/100)+V14*($V$9/100)),"") -> 48.4198 | AJ14: =IFERROR(AI14/$AI$8*100,"") -> 71.205588 | AK14: =IFERROR((#REF!*(#REF!/100)),"") | AL14: =IFERROR(AK14/$AK$8*100,"") | AU14: =IFERROR((T14*($T$9/100)+W14*($W$9/100)),"") -> 77.3617 | AV14: =IFERROR(AU14/$AU$8*100,"") -> 78.143131 | AW14: =IFERROR((AB14*($AB$9/100)+#REF!*(#REF!/100)+#REF!*(#REF!/100)),"") | AX14: =IFERROR(AW14/$AW$8*100,"") | BA14: =IFERROR((#REF!*(#REF!/100)+#REF!*(#REF!/100)+#REF!*(#REF!/100)),"") | BB14: =IFERROR(BA14/$BA$8*100,"") | BC14: =IFERROR((H14*($H$9/100)+L14*($L$9/100)+P14*($P$9/100)+Z14*($Z$9/100)),"") -> 120.4333 | BD14: =IFERROR(BC14/$BC$8*100,"") -> 73.88546 | BE14: =IFERROR((#REF!*(#REF!/100)+#REF!*(#REF!/100)+#REF!*(#REF!/100)),"") | BF14: =IFERROR(BE14/$BE$8*100,"") | BI14: =IF(Y14="","",IFERROR(Y14*($Y$9/100),"")) -> 41.1 | BJ14: =IF(BI14="","",BI14/$BI$9) -> 0.822 | BK14: =IFERROR(IF(Z14="","",IFERROR(Z14*($Z$9/100),""))+IF(AB14="","",IFERROR(AB14*($AB$9/100),"")),"") -> 122.5 | BL14: =IF(BK14="","",BK14/$BK$9) -> 0.81666667 | BN14: =IF(BM14="","",BM14/$BM$9) | BO14: =IFERROR(IF(D14="","",IFERROR(D14*($D$9/100),""))+IF(N14="","",IFERROR(N14*($N$9/100),"")),"") -> 24.1647 | BP14: =IF(BO14="","",BO14/$BO$9) -> 0.63591316 | BQ14: =IF(E14="","",IFERROR(E14*($E$9/100),"")) -> 13.508 | BR14: =IF(BQ14="","",BQ14/$BQ$9) -> 0.614 | BS14: =IFERROR(IF(F14="","",IFERROR(F14*($F$9/100),""))+IF(R14="","",IFERROR(R14*($R$9/100),"")),"") -> 28.7288 | BT14: =IF(BS14="","",BS14/$BS$9) -> 0.70070244 | BU14: =IFERROR(IF(G14="","",IFERROR(G14*($G$9/100),""))+IF(O14="","",IFERROR(O14*($O$9/100),""))+IF(S14="","",IFERROR(S14*($S$9/100),"")),"") -> 63.0897 | BV14: =IF(BU14="","",BU14/$BU$9) -> 0.69329341 | BW14: =IFERROR(IF(H14="","",IFERROR(H14*($H$9/100),""))+IF(P14="","",IFERROR(P14*($P$9/100),""))+IF(T14="","",IFERROR(T14*($T$9/100),"")),"") -> 97.0945 | BX14: =IF(BW14="","",BW14/$BW$9) -> 0.78938618 | CB14: =IF(CA14="","",CA14/$CA$9) | CE14: =IF(V14="","",IFERROR(V14*($V$9/100),"")) -> 33.1 | CF14: =IF(CE14="","",CE14/$CE$9) -> 0.662 | CG14: =IF(W14="","",IFERROR(W14*($W$9/100),"")) -> 33.1 | CH14: =IF(CG14="","",CG14/$CG$9) -> 0.662 | CR14: =IF(CQ14="","",CQ14/$CQ$9) | CT14: =IF(CS14="","",CS14/$CS$9) | DT14: =IF(DS14="","",DS14/$DS$9) | DZ14: =IF(DY14="","",DY14/$DY$9) | EC14: =IF(J14="","",IFERROR(J14*($J$9/100),"")) -> 10.8 | ED14: =IF(EC14="","",EC14/$EC$9) -> 0.675 | EF14: =IF(EE14="","",EE14/$EE$9) | EH14: =IF(EG14="","",EG14/$EG$9) | EI14: =IF(K14="","",IFERROR(K14*($K$9/100),"")) -> 29.2005 | EJ14: =IF(EI14="","",EI14/$EI$9) -> 0.6489 | EM14: =IF(L14="","",IFERROR(L14*($L$9/100),"")) -> 26.5005 | EN14: =IF(EM14="","",EM14/$EM$9) -> 0.6795 | EP14: =IF(EO14="","",EO14/$EO$9) | ET14: =IF(ES14="","",ES14/$ES$9) | EV14: =IF(EU14="","",EU14/$EU$9) | EW14: =IFERROR(IF(#REF!="","",IFERROR(#REF!*(#REF!/100),"")),"") | EX14: =IF(EW14="","",EW14/$EW$9) | FE14: =IFERROR(IF(#REF!="","",IFERROR(#REF!*(#REF!/100),""))+IF(#REF!="","",IFERROR(#REF!*(#REF!/100),"")),"") | FF14: =IF(FE14="","",FE14/$FE$9) | FG14: =IFERROR(IF(H14="","",IFERROR(H14*($H$9/100),""))+IF(L14="","",IFERROR(L14*($L$9/100),""))+IF(P14="","",IFERROR(P14*($P$9/100),""))+IF(Z14="","",IFERROR(Z14*($Z$9/100),"")),"") -> 120.4333 | FH14: =IF(FG14="","",FG14/$FG$9) -> 0.7388546 | FK14: =IFERROR(IF(#REF!="","",IFERROR(#REF!*(#REF!/100),""))+IF(#REF!="","",IFERROR(#REF!*(#REF!/100),"")),"") | FL14: =IF(FK14="","",FK14/$FK$9) | FM14: =IFERROR(IF(#REF!="","",IFERROR(#REF!*(#REF!/100),"")),"") | FN14: =IF(FM14="","",FM14/$FM$9) | FO14: =SUM(BI14:FM14) -> 652.45822 | FP14: =FO14/$FO$9 -> #REF!
A15: 5 | B15: 24.05.52.0006 | C15: AATHIRA AUFA AZ-ZAHRA | D15: ='MK1-TM'!D23 -> 76.88 | E15: ='MK1-TM'!E23 -> 76 | F15: ='MK1-TM'!F23 -> 74.25 | G15: ='MK1-TM'!G23 -> 65.45 | H15: ='MK1-TM'!H23 -> 66.11 | I15: =IFERROR((D15*($D$9/100))+(E15*($E$9/100))+(F15*($F$9/100))+(G15*($G$9/100))+(H15*($H$9/100)),"") -> 82.1778 | J15: ='MK2-TO'!D23 -> 68.75 | K15: ='MK2-TO'!E23 -> 65.56 | L15: ='MK2-TO'!F23 -> 67.95 | M15: =IFERROR((J15*($J$9/100))+(K15*($K$9/100)+(L15*($L$9/100))),"") -> 67.0025 | N15: ='MK3-PSTI'!D23 -> 70.59 | O15: ='MK3-PSTI'!E23 -> 66.18 | P15: ='MK3-PSTI'!F23 -> 79.39 | Q15: =IFERROR((N15*($N$9/100))+(O15*($O$9/100))+(P15*($P$9/100)),"") -> 73.4026 | R15: =IF('MK4-L&A'!D23="","",'MK4-L&A'!D23) -> 86.11 | S15: ='MK4-L&A'!E23 -> 83.33 | T15: ='MK4-L&A'!F23 -> 90.82 | U15: =IFERROR((R15*($R$9/100))+(S15*($S$9/100))+(T15*($T$9/100)),"") -> 87.5005 | V15: ='MK5-BP'!D23 -> 76.7 | W15: ='MK5-BP'!E23 -> 75.5 | X15: =IFERROR((V15*($V$9/100))+(W15*($W$9/100)),"") -> 76.1 | Y15: =IF('MK7-MBD'!D22="","",'MK7-MBD'!D22) -> 83.25 | Z15: =IF('MK7-MBD'!E22="","",'MK7-MBD'!E22) -> 83.25 | AA15: =IFERROR((Y15*($V$9/100))+(Z15*($W$9/100)),"") -> 83.25 | AB15: =IF(MK8_BID!D23="","",MK8_BID!D23) -> 76.9 | AC15: =IFERROR((AB15*($AB$9/100)),"") -> 76.9 | AE15: =IFERROR((D15*($D$9/100)+J15*($J$9/100)+N15*($N$9/100)+Y15*($Y$9/100)),"") -> 80.7701 | AF15: =IFERROR(AE15/$AE$8*100,"") -> 37.567488 | AG15: =IFERROR((#REF!*(#REF!/100)),"") | AH15: =IFERROR(AG15/$AG$8*100,"") | AI15: =IFERROR((R15*($R$9/100)+V15*($V$9/100)),"") -> 53.8498 | AJ15: =IFERROR(AI15/$AI$8*100,"") -> 79.190882 | AK15: =IFERROR((#REF!*(#REF!/100)),"") | AL15: =IFERROR(AK15/$AK$8*100,"") | AU15: =IFERROR((T15*($T$9/100)+W15*($W$9/100)),"") -> 82.2518 | AV15: =IFERROR(AU15/$AU$8*100,"") -> 83.082626 | AW15: =IFERROR((AB15*($AB$9/100)+#REF!*(#REF!/100)+#REF!*(#REF!/100)),"") | AX15: =IFERROR(AW15/$AW$8*100,"") | BA15: =IFERROR((#REF!*(#REF!/100)+#REF!*(#REF!/100)+#REF!*(#REF!/100)),"") | BB15: =IFERROR(BA15/$BA$8*100,"") | BC15: =IFERROR((H15*($H$9/100)+L15*($L$9/100)+P15*($P$9/100)+Z15*($Z$9/100)),"") -> 123.5541 | BD15: =IFERROR(BC15/$BC$8*100,"") -> 75.800061 | BE15: =IFERROR((#REF!*(#REF!/100)+#REF!*(#REF!/100)+#REF!*(#REF!/100)),"") | BF15: =IFERROR(BE15/$BE$8*100,"") | BI15: =IF(Y15="","",IFERROR(Y15*($Y$9/100),"")) -> 41.625 | BJ15: =IF(BI15="","",BI15/$BI$9) -> 0.8325 | BK15: =IFERROR(IF(Z15="","",IFERROR(Z15*($Z$9/100),""))+IF(AB15="","",IFERROR(AB15*($AB$9/100),"")),"") -> 118.525 | BL15: =IF(BK15="","",BK15/$BK$9) -> 0.79016667 | BN15: =IF(BM15="","",BM15/$BM$9) | BO15: =IFERROR(IF(D15="","",IFERROR(D15*($D$9/100),""))+IF(N15="","",IFERROR(N15*($N$9/100),"")),"") -> 28.1451 | BP15: =IF(BO15="","",BO15/$BO$9) -> 0.74066053 | BQ15: =IF(E15="","",IFERROR(E15*($E$9/100),"")) -> 16.72 | BR15: =IF(BQ15="","",BQ15/$BQ$9) -> 0.76 | BS15: =IFERROR(IF(F15="","",IFERROR(F15*($F$9/100),""))+IF(R15="","",IFERROR(R15*($R$9/100),"")),"") -> 32.5773 | BT15: =IF(BS15="","",BS15/$BS$9) -> 0.79456829 | BU15: =IFERROR(IF(G15="","",IFERROR(G15*($G$9/100),""))+IF(O15="","",IFERROR(O15*($O$9/100),""))+IF(S15="","",IFERROR(S15*($S$9/100),"")),"") -> 65.7081 | BV15: =IF(BU15="","",BU15/$BU$9) -> 0.72206703 | BW15: =IFERROR(IF(H15="","",IFERROR(H15*($H$9/100),""))+IF(P15="","",IFERROR(P15*($P$9/100),""))+IF(T15="","",IFERROR(T15*($T$9/100),"")),"") -> 99.9304 | BX15: =IF(BW15="","",BW15/$BW$9) -> 0.81244228 | CB15: =IF(CA15="","",CA15/$CA$9) | CE15: =IF(V15="","",IFERROR(V15*($V$9/100),"")) -> 38.35 | CF15: =IF(CE15="","",CE15/$CE$9) -> 0.767 | CG15: =IF(W15="","",IFERROR(W15*($W$9/100),"")) -> 37.75 | CH15: =IF(CG15="","",CG15/$CG$9) -> 0.755 | CR15: =IF(CQ15="","",CQ15/$CQ$9) | CT15: =IF(CS15="","",CS15/$CS$9) | DT15: =IF(DS15="","",DS15/$DS$9) | DZ15: =IF(DY15="","",DY15/$DY$9) | EC15: =IF(J15="","",IFERROR(J15*($J$9/100),"")) -> 11 | ED15: =IF(EC15="","",EC15/$EC$9) -> 0.6875 | EF15: =IF(EE15="","",EE15/$EE$9) | EH15: =IF(EG15="","",EG15/$EG$9) | EI15: =IF(K15="","",IFERROR(K15*($K$9/100),"")) -> 29.502 | EJ15: =IF(EI15="","",EI15/$EI$9) -> 0.6556 | EM15: =IF(L15="","",IFERROR(L15*($L$9/100),"")) -> 26.5005 | EN15: =IF(EM15="","",EM15/$EM$9) -> 0.6795 | EP15: =IF(EO15="","",EO15/$EO$9) | ET15: =IF(ES15="","",ES15/$ES$9) | EV15: =IF(EU15="","",EU15/$EU$9) | EW15: =IFERROR(IF(#REF!="","",IFERROR(#REF!*(#REF!/100),"")),"") | EX15: =IF(EW15="","",EW15/$EW$9) | FE15: =IFERROR(IF(#REF!="","",IFERROR(#REF!*(#REF!/100),""))+IF(#REF!="","",IFERROR(#REF!*(#REF!/100),"")),"") | FF15: =IF(FE15="","",FE15/$FE$9) | FG15: =IFERROR(IF(H15="","",IFERROR(H15*($H$9/100),""))+IF(L15="","",IFERROR(L15*($L$9/100),""))+IF(P15="","",IFERROR(P15*($P$9/100),""))+IF(Z15="","",IFERROR(Z15*($Z$9/100),"")),"") -> 123.5541 | FH15: =IF(FG15="","",FG15/$FG$9) -> 0.75800061 | FK15: =IFERROR(IF(#REF!="","",IFERROR(#REF!*(#REF!/100),""))+IF(#REF!="","",IFERROR(#REF!*(#REF!/100),"")),"") | FL15: =IF(FK15="","",FK15/$FK$9) | FM15: =IFERROR(IF(#REF!="","",IFERROR(#REF!*(#REF!/100),"")),"") | FN15: =IF(FM15="","",FM15/$FM$9) | FO15: =SUM(BI15:FM15) -> 679.64251 | FP15: =FO15/$FO$9 -> #REF!
A16: 6 | B16: 24.05.52.0007 | C16: SHEILA MONA PUTRI IKSANTI | D16: ='MK1-TM'!D24 -> 45.38 | E16: ='MK1-TM'!E24 -> 42.4 | F16: ='MK1-TM'!F24 -> 37.05 | G16: ='MK1-TM'!G24 -> 54.14 | H16: ='MK1-TM'!H24 -> 54.56 | I16: =IFERROR((D16*($D$9/100))+(E16*($E$9/100))+(F16*($F$9/100))+(G16*($G$9/100))+(H16*($H$9/100)),"") -> 54.0129 | J16: ='MK2-TO'!D24 -> 80 | K16: ='MK2-TO'!E24 -> 75.56 | L16: ='MK2-TO'!F24 -> 68.21 | M16: =IFERROR((J16*($J$9/100))+(K16*($K$9/100)+(L16*($L$9/100))),"") -> 73.4039 | N16: ='MK3-PSTI'!D24 -> 74.12 | O16: ='MK3-PSTI'!E24 -> 70.29 | P16: ='MK3-PSTI'!F24 -> 75.1 | Q16: =IFERROR((N16*($N$9/100))+(O16*($O$9/100))+(P16*($P$9/100)),"") -> 73.298 | R16: =IF('MK4-L&A'!D24="","",'MK4-L&A'!D24) -> 86.11 | S16: ='MK4-L&A'!E24 -> 83.33 | T16: ='MK4-L&A'!F24 -> 62.24 | U16: =IFERROR((R16*($R$9/100))+(S16*($S$9/100))+(T16*($T$9/100)),"") -> 73.4963 | V16: ='MK5-BP'!D24 -> 68.8 | W16: ='MK5-BP'!E24 -> 67.5 | X16: =IFERROR((V16*($V$9/100))+(W16*($W$9/100)),"") -> 68.15 | Y16: =IF('MK7-MBD'!D23="","",'MK7-MBD'!D23) -> 83.15 | Z16: =IF('MK7-MBD'!E23="","",'MK7-MBD'!E23) -> 83.15 | AA16: =IFERROR((Y16*($V$9/100))+(Z16*($W$9/100)),"") -> 83.15 | AB16: =IF(MK8_BID!D24="","",MK8_BID!D24) -> 85.9 | AC16: =IFERROR((AB16*($AB$9/100)),"") -> 85.9 | AE16: =IFERROR((D16*($D$9/100)+J16*($J$9/100)+N16*($N$9/100)+Y16*($Y$9/100)),"") -> 76.5052 | AF16: =IFERROR(AE16/$AE$8*100,"") -> 35.583814 | AG16: =IFERROR((#REF!*(#REF!/100)),"") | AH16: =IFERROR(AG16/$AG$8*100,"") | AI16: =IFERROR((R16*($R$9/100)+V16*($V$9/100)),"") -> 49.8998 | AJ16: =IFERROR(AI16/$AI$8*100,"") -> 73.382059 | AK16: =IFERROR((#REF!*(#REF!/100)),"") | AL16: =IFERROR(AK16/$AK$8*100,"") | AU16: =IFERROR((T16*($T$9/100)+W16*($W$9/100)),"") -> 64.2476 | AV16: =IFERROR(AU16/$AU$8*100,"") -> 64.896566 | AW16: =IFERROR((AB16*($AB$9/100)+#REF!*(#REF!/100)+#REF!*(#REF!/100)),"") | AX16: =IFERROR(AW16/$AW$8*100,"") | BA16: =IFERROR((#REF!*(#REF!/100)+#REF!*(#REF!/100)+#REF!*(#REF!/100)),"") | BB16: =IFERROR(BA16/$BA$8*100,"") | BC16: =IFERROR((H16*($H$9/100)+L16*($L$9/100)+P16*($P$9/100)+Z16*($Z$9/100)),"") -> 118.6159 | BD16: =IFERROR(BC16/$BC$8*100,"") -> 72.770491 | BE16: =IFERROR((#REF!*(#REF!/100)+#REF!*(#REF!/100)+#REF!*(#REF!/100)),"") | BF16: =IFERROR(BE16/$BE$8*100,"") | BI16: =IF(Y16="","",IFERROR(Y16*($Y$9/100),"")) -> 41.575 | BJ16: =IF(BI16="","",BI16/$BI$9) -> 0.8315 | BK16: =IFERROR(IF(Z16="","",IFERROR(Z16*($Z$9/100),""))+IF(AB16="","",IFERROR(AB16*($AB$9/100),"")),"") -> 127.475 | BL16: =IF(BK16="","",BK16/$BK$9) -> 0.84983333 | BN16: =IF(BM16="","",BM16/$BM$9) | BO16: =IFERROR(IF(D16="","",IFERROR(D16*($D$9/100),""))+IF(N16="","",IFERROR(N16*($N$9/100),"")),"") -> 22.1302 | BP16: =IF(BO16="","",BO16/$BO$9) -> 0.58237368 | BQ16: =IF(E16="","",IFERROR(E16*($E$9/100),"")) -> 9.328 | BR16: =IF(BQ16="","",BQ16/$BQ$9) -> 0.424 | BS16: =IFERROR(IF(F16="","",IFERROR(F16*($F$9/100),""))+IF(R16="","",IFERROR(R16*($R$9/100),"")),"") -> 24.0213 | BT16: =IF(BS16="","",BS16/$BS$9) -> 0.58588537 | BU16: =IFERROR(IF(G16="","",IFERROR(G16*($G$9/100),""))+IF(O16="","",IFERROR(O16*($O$9/100),""))+IF(S16="","",IFERROR(S16*($S$9/100),"")),"") -> 64.3911 | BV16: =IF(BU16="","",BU16/$BU$9) -> 0.70759451 | BW16: =IFERROR(IF(H16="","",IFERROR(H16*($H$9/100),""))+IF(P16="","",IFERROR(P16*($P$9/100),""))+IF(T16="","",IFERROR(T16*($T$9/100),"")),"") -> 80.9366 | BX16: =IF(BW16="","",BW16/$BW$9) -> 0.65802114 | CB16: =IF(CA16="","",CA16/$CA$9) | CE16: =IF(V16="","",IFERROR(V16*($V$9/100),"")) -> 34.4 | CF16: =IF(CE16="","",CE16/$CE$9) -> 0.688 | CG16: =IF(W16="","",IFERROR(W16*($W$9/100),"")) -> 33.75 | CH16: =IF(CG16="","",CG16/$CG$9) -> 0.675 | CR16: =IF(CQ16="","",CQ16/$CQ$9) | CT16: =IF(CS16="","",CS16/$CS$9) | DT16: =IF(DS16="","",DS16/$DS$9) | DZ16: =IF(DY16="","",DY16/$DY$9) | EC16: =IF(J16="","",IFERROR(J16*($J$9/100),"")) -> 12.8 | ED16: =IF(EC16="","",EC16/$EC$9) -> 0.8 | EF16: =IF(EE16="","",EE16/$EE$9) | EH16: =IF(EG16="","",EG16/$EG$9) | EI16: =IF(K16="","",IFERROR(K16*($K$9/100),"")) -> 34.002 | EJ16: =IF(EI16="","",EI16/$EI$9) -> 0.7556 | EM16: =IF(L16="","",IFERROR(L16*($L$9/100),"")) -> 26.6019 | EN16: =IF(EM16="","",EM16/$EM$9) -> 0.6821 | EP16: =IF(EO16="","",EO16/$EO$9) | ET16: =IF(ES16="","",ES16/$ES$9) | EV16: =IF(EU16="","",EU16/$EU$9) | EW16: =IFERROR(IF(#REF!="","",IFERROR(#REF!*(#REF!/100),"")),"") | EX16: =IF(EW16="","",EW16/$EW$9) | FE16: =IFERROR(IF(#REF!="","",IFERROR(#REF!*(#REF!/100),""))+IF(#REF!="","",IFERROR(#REF!*(#REF!/100),"")),"") | FF16: =IF(FE16="","",FE16/$FE$9) | FG16: =IFERROR(IF(H16="","",IFERROR(H16*($H$9/100),""))+IF(L16="","",IFERROR(L16*($L$9/100),""))+IF(P16="","",IFERROR(P16*($P$9/100),""))+IF(Z16="","",IFERROR(Z16*($Z$9/100),"")),"") -> 118.6159 | FH16: =IF(FG16="","",FG16/$FG$9) -> 0.72770491 | FK16: =IFERROR(IF(#REF!="","",IFERROR(#REF!*(#REF!/100),""))+IF(#REF!="","",IFERROR(#REF!*(#REF!/100),"")),"") | FL16: =IF(FK16="","",FK16/$FK$9) | FM16: =IFERROR(IF(#REF!="","",IFERROR(#REF!*(#REF!/100),"")),"") | FN16: =IF(FM16="","",FM16/$FM$9) | FO16: =SUM(BI16:FM16) -> 638.99461 | FP16: =FO16/$FO$9 -> #REF!
A17: 7 | B17: 24.05.52.0008 | C17: RAIHAN RIFA MAHARADITYA | D17: ='MK1-TM'!D25 -> 89.38 | E17: ='MK1-TM'!E25 -> 89.33 | F17: ='MK1-TM'!F25 -> 89.25 | G17: ='MK1-TM'!G25 -> 78.18 | H17: ='MK1-TM'!H25 -> 80 | I17: =IFERROR((D17*($D$9/100))+(E17*($E$9/100))+(F17*($F$9/100))+(G17*($G$9/100))+(H17*($H$9/100)),"") -> 97.7131 | J17: ='MK2-TO'!D25 -> 85.63 | K17: ='MK2-TO'!E25 -> 86.78 | L17: ='MK2-TO'!F25 -> 88.46 | M17: =IFERROR((J17*($J$9/100))+(K17*($K$9/100)+(L17*($L$9/100))),"") -> 87.2512 | N17: ='MK3-PSTI'!D25 -> 86.71 | O17: ='MK3-PSTI'!E25 -> 85.62 | P17: ='MK3-PSTI'!F25 -> 82.35 | Q17: =IFERROR((N17*($N$9/100))+(O17*($O$9/100))+(P17*($P$9/100)),"") -> 84.203 | R17: =IF('MK4-L&A'!D25="","",'MK4-L&A'!D25) -> 91.67 | S17: ='MK4-L&A'!E25 -> 90.91 | T17: ='MK4-L&A'!F25 -> 80.1 | U17: =IFERROR((R17*($R$9/100))+(S17*($S$9/100))+(T17*($T$9/100)),"") -> 85.7499 | V17: ='MK5-BP'!D25 -> 88.9 | W17: ='MK5-BP'!E25 -> 88.1 | X17: =IFERROR((V17*($V$9/100))+(W17*($W$9/100)),"") -> 88.5 | Y17: =IF('MK7-MBD'!D24="","",'MK7-MBD'!D24) -> 85.7 | Z17: =IF('MK7-MBD'!E24="","",'MK7-MBD'!E24) -> 85.7 | AA17: =IFERROR((Y17*($V$9/100))+(Z17*($W$9/100)),"") -> 85.7 | AB17: =IF(MK8_BID!D25="","",MK8_BID!D25) -> 90.15 | AC17: =IFERROR((AB17*($AB$9/100)),"") -> 90.15 | AE17: =IFERROR((D17*($D$9/100)+J17*($J$9/100)+N17*($N$9/100)+Y17*($Y$9/100)),"") -> 90.0613 | AF17: =IFERROR(AE17/$AE$8*100,"") -> 41.888977 | AI17: =IFERROR((R17*($R$9/100)+V17*($V$9/100)),"") -> 60.9506 | AJ17: =IFERROR(AI17/$AI$8*100,"") -> 89.633235 | AK17: =IFERROR((#REF!*(#REF!/100)),"") | AL17: =IFERROR(AK17/$AK$8*100,"") | AU17: =IFERROR((T17*($T$9/100)+W17*($W$9/100)),"") -> 83.299 | AV17: =IFERROR(AU17/$AU$8*100,"") -> 84.140404 | AW17: =IFERROR((AB17*($AB$9/100)+#REF!*(#REF!/100)+#REF!*(#REF!/100)),"") | AX17: =IFERROR(AW17/$AW$8*100,"") | BA17: =IFERROR((#REF!*(#REF!/100)+#REF!*(#REF!/100)+#REF!*(#REF!/100)),"") | BB17: =IFERROR(BA17/$BA$8*100,"") | BC17: =IFERROR((H17*($H$9/100)+L17*($L$9/100)+P17*($P$9/100)+Z17*($Z$9/100)),"") -> 137.7009 | BD17: =IFERROR(BC17/$BC$8*100,"") -> 84.47908 | BE17: =IFERROR((#REF!*(#REF!/100)+#REF!*(#REF!/100)+#REF!*(#REF!/100)),"") | BF17: =IFERROR(BE17/$BE$8*100,"") | BI17: =IF(Y17="","",IFERROR(Y17*($Y$9/100),"")) -> 42.85 | BJ17: =IF(BI17="","",BI17/$BI$9) -> 0.857 | BK17: =IFERROR(IF(Z17="","",IFERROR(Z17*($Z$9/100),""))+IF(AB17="","",IFERROR(AB17*($AB$9/100),"")),"") -> 133 | BL17: =IF(BK17="","",BK17/$BK$9) -> 0.88666667 | BN17: =IF(BM17="","",BM17/$BM$9) | BO17: =IFERROR(IF(D17="","",IFERROR(D17*($D$9/100),""))+IF(N17="","",IFERROR(N17*($N$9/100),"")),"") -> 33.5105 | BP17: =IF(BO17="","",BO17/$BO$9) -> 0.88185526 | BQ17: =IF(E17="","",IFERROR(E17*($E$9/100),"")) -> 19.6526 | BR17: =IF(BQ17="","",BQ17/$BQ$9) -> 0.8933 | BS17: =IFERROR(IF(F17="","",IFERROR(F17*($F$9/100),""))+IF(R17="","",IFERROR(R17*($R$9/100),"")),"") -> 37.0281 | BT17: =IF(BS17="","",BS17/$BS$9) -> 0.90312439 | BU17: =IFERROR(IF(G17="","",IFERROR(G17*($G$9/100),""))+IF(O17="","",IFERROR(O17*($O$9/100),""))+IF(S17="","",IFERROR(S17*($S$9/100),"")),"") -> 77.8743 | BV17: =IF(BU17="","",BU17/$BU$9) -> 0.85576154 | BW17: =IFERROR(IF(H17="","",IFERROR(H17*($H$9/100),""))+IF(P17="","",IFERROR(P17*($P$9/100),""))+IF(T17="","",IFERROR(T17*($T$9/100),"")),"") -> 99.6005 | BX17: =IF(BW17="","",BW17/$BW$9) -> 0.80976016 | CB17: =IF(CA17="","",CA17/$CA$9) | CE17: =IF(V17="","",IFERROR(V17*($V$9/100),"")) -> 44.45 | CF17: =IF(CE17="","",CE17/$CE$9) -> 0.889 | CG17: =IF(W17="","",IFERROR(W17*($W$9/100),"")) -> 44.05 | CH17: =IF(CG17="","",CG17/$CG$9) -> 0.881 | CR17: =IF(CQ17="","",CQ17/$CQ$9) | CT17: =IF(CS17="","",CS17/$CS$9) | DT17: =IF(DS17="","",DS17/$DS$9) | DZ17: =IF(DY17="","",DY17/$DY$9) | EC17: =IF(J17="","",IFERROR(J17*($J$9/100),"")) -> 13.7008 | ED17: =IF(EC17="","",EC17/$EC$9) -> 0.8563 | EF17: =IF(EE17="","",EE17/$EE$9) | EH17: =IF(EG17="","",EG17/$EG$9) | EI17: =IF(K17="","",IFERROR(K17*($K$9/100),"")) -> 39.051 | EJ17: =IF(EI17="","",EI17/$EI$9) -> 0.8678 | EM17: =IF(L17="","",IFERROR(L17*($L$9/100),"")) -> 34.4994 | EN17: =IF(EM17="","",EM17/$EM$9) -> 0.8846 | EP17: =IF(EO17="","",EO17/$EO$9) | ET17: =IF(ES17="","",ES17/$ES$9) | EV17: =IF(EU17="","",EU17/$EU$9) | EX17: =IF(EW17="","",EW17/$EW$9) | FF17: =IF(FE17="","",FE17/$FE$9) | FG17: =IFERROR(IF(H17="","",IFERROR(H17*($H$9/100),""))+IF(L17="","",IFERROR(L17*($L$9/100),""))+IF(P17="","",IFERROR(P17*($P$9/100),""))+IF(Z17="","",IFERROR(Z17*($Z$9/100),"")),"") -> 137.7009 | FH17: =IF(FG17="","",FG17/$FG$9) -> 0.8447908 | FK17: =IFERROR(IF(#REF!="","",IFERROR(#REF!*(#REF!/100),""))+IF(#REF!="","",IFERROR(#REF!*(#REF!/100),"")),"") | FL17: =IF(FK17="","",FK17/$FK$9) | FM17: =IFERROR(IF(#REF!="","",IFERROR(#REF!*(#REF!/100),"")),"") | FN17: =IF(FM17="","",FM17/$FM$9) | FO17: =SUM(BI17:FM17) -> 768.27906 | FP17: =FO17/$FO$9 -> #REF!
A18: 8 | B18: 24.05.52.0009 | C18: MARLINA DWI SAPUTRI | D18: ='MK1-TM'!D26 -> 70.38 | E18: ='MK1-TM'!E26 -> 69.07 | F18: ='MK1-TM'!F26 -> 65.15 | G18: ='MK1-TM'!G26 -> 62.05 | H18: ='MK1-TM'!H26 -> 62.41 | I18: =IFERROR((D18*($D$9/100))+(E18*($E$9/100))+(F18*($F$9/100))+(G18*($G$9/100))+(H18*($H$9/100)),"") -> 75.4542 | J18: ='MK2-TO'!D26 -> 75 | K18: ='MK2-TO'!E26 -> 71.11 | L18: ='MK2-TO'!F26 -> 68.21 | M18: =IFERROR((J18*($J$9/100))+(K18*($K$9/100)+(L18*($L$9/100))),"") -> 70.6014 | N18: ='MK3-PSTI'!D26 -> 80.94 | O18: ='MK3-PSTI'!E26 -> 79.24 | P18: ='MK3-PSTI'!F26 -> 74.59 | Q18: =IFERROR((N18*($N$9/100))+(O18*($O$9/100))+(P18*($P$9/100)),"") -> 77.2505 | R18: =IF('MK4-L&A'!D26="","",'MK4-L&A'!D26) -> 86.11 | S18: ='MK4-L&A'!E26 -> 83.33 | T18: ='MK4-L&A'!F26 -> 87.24 | U18: =IFERROR((R18*($R$9/100))+(S18*($S$9/100))+(T18*($T$9/100)),"") -> 85.7463 | V18: ='MK5-BP'!D26 -> 71.6 | W18: ='MK5-BP'!E26 -> 71.6 | X18: =IFERROR((V18*($V$9/100))+(W18*($W$9/100)),"") -> 71.6 | Y18: =IF('MK7-MBD'!D25="","",'MK7-MBD'!D25) -> 77.9 | Z18: =IF('MK7-MBD'!E25="","",'MK7-MBD'!E25) -> 77.9 | AA18: =IFERROR((Y18*($V$9/100))+(Z18*($W$9/100)),"") -> 77.9 | AB18: =IF(MK8_BID!D26="","",MK8_BID!D26) -> 81.4 | AC18: =IFERROR((AB18*($AB$9/100)),"") -> 81.4 | AE18: =IFERROR((D18*($D$9/100)+J18*($J$9/100)+N18*($N$9/100)+Y18*($Y$9/100)),"") -> 79.4896 | AF18: =IFERROR(AE18/$AE$8*100,"") -> 36.971907 | AG18: =IFERROR((#REF!*(#REF!/100)),"") | AH18: =IFERROR(AG18/$AG$8*100,"") | AI18: =IFERROR((R18*($R$9/100)+V18*($V$9/100)),"") -> 51.2998 | AJ18: =IFERROR(AI18/$AI$8*100,"") -> 75.440882 | AK18: =IFERROR((#REF!*(#REF!/100)),"") | AL18: =IFERROR(AK18/$AK$8*100,"") | AU18: =IFERROR((T18*($T$9/100)+W18*($W$9/100)),"") -> 78.5476 | AV18: =IFERROR(AU18/$AU$8*100,"") -> 79.34101 | AW18: =IFERROR((AB18*($AB$9/100)+#REF!*(#REF!/100)+#REF!*(#REF!/100)),"") | AX18: =IFERROR(AW18/$AW$8*100,"") | BA18: =IFERROR((#REF!*(#REF!/100)+#REF!*(#REF!/100)+#REF!*(#REF!/100)),"") | BB18: =IFERROR(BA18/$BA$8*100,"") | BC18: =IFERROR((H18*($H$9/100)+L18*($L$9/100)+P18*($P$9/100)+Z18*($Z$9/100)),"") -> 117.7035 | BD18: =IFERROR(BC18/$BC$8*100,"") -> 72.210736 | BE18: =IFERROR((#REF!*(#REF!/100)+#REF!*(#REF!/100)+#REF!*(#REF!/100)),"") | BF18: =IFERROR(BE18/$BE$8*100,"") | BI18: =IF(Y18="","",IFERROR(Y18*($Y$9/100),"")) -> 38.95 | BJ18: =IF(BI18="","",BI18/$BI$9) -> 0.779 | BK18: =IFERROR(IF(Z18="","",IFERROR(Z18*($Z$9/100),""))+IF(AB18="","",IFERROR(AB18*($AB$9/100),"")),"") -> 120.35 | BL18: =IF(BK18="","",BK18/$BK$9) -> 0.80233333 | BN18: =IF(BM18="","",BM18/$BM$9) | BO18: =IFERROR(IF(D18="","",IFERROR(D18*($D$9/100),""))+IF(N18="","",IFERROR(N18*($N$9/100),"")),"") -> 28.5396 | BP18: =IF(BO18="","",BO18/$BO$9) -> 0.75104211 | BQ18: =IF(E18="","",IFERROR(E18*($E$9/100),"")) -> 15.1954 | BR18: =IF(BQ18="","",BQ18/$BQ$9) -> 0.6907 | BS18: =IFERROR(IF(F18="","",IFERROR(F18*($F$9/100),""))+IF(R18="","",IFERROR(R18*($R$9/100),"")),"") -> 30.4843 | BT18: =IF(BS18="","",BS18/$BS$9) -> 0.74351951 | BU18: =IFERROR(IF(G18="","",IFERROR(G18*($G$9/100),""))+IF(O18="","",IFERROR(O18*($O$9/100),""))+IF(S18="","",IFERROR(S18*($S$9/100),"")),"") -> 69.3325 | BV18: =IF(BU18="","",BU18/$BU$9) -> 0.7618956 | BW18: =IFERROR(IF(H18="","",IFERROR(H18*($H$9/100),""))+IF(P18="","",IFERROR(P18*($P$9/100),""))+IF(T18="","",IFERROR(T18*($T$9/100),"")),"") -> 94.8992 | BX18: =IF(BW18="","",BW18/$BW$9) -> 0.77153821 | CB18: =IF(CA18="","",CA18/$CA$9) | CE18: =IF(V18="","",IFERROR(V18*($V$9/100),"")) -> 35.8 | CF18: =IF(CE18="","",CE18/$CE$9) -> 0.716 | CG18: =IF(W18="","",IFERROR(W18*($W$9/100),"")) -> 35.8 | CH18: =IF(CG18="","",CG18/$CG$9) -> 0.716 | CR18: =IF(CQ18="","",CQ18/$CQ$9) | CT18: =IF(CS18="","",CS18/$CS$9) | DT18: =IF(DS18="","",DS18/$DS$9) | DZ18: =IF(DY18="","",DY18/$DY$9) | EC18: =IF(J18="","",IFERROR(J18*($J$9/100),"")) -> 12 | ED18: =IF(EC18="","",EC18/$EC$9) -> 0.75 | EF18: =IF(EE18="","",EE18/$EE$9) | EH18: =IF(EG18="","",EG18/$EG$9) | EI18: =IF(K18="","",IFERROR(K18*($K$9/100),"")) -> 31.9995 | EJ18: =IF(EI18="","",EI18/$EI$9) -> 0.7111 | EM18: =IF(L18="","",IFERROR(L18*($L$9/100),"")) -> 26.6019 | EN18: =IF(EM18="","",EM18/$EM$9) -> 0.6821 | EP18: =IF(EO18="","",EO18/$EO$9) | ET18: =IF(ES18="","",ES18/$ES$9) | EV18: =IF(EU18="","",EU18/$EU$9) | EW18: =IFERROR(IF(#REF!="","",IFERROR(#REF!*(#REF!/100),"")),"") | EX18: =IF(EW18="","",EW18/$EW$9) | FE18: =IFERROR(IF(#REF!="","",IFERROR(#REF!*(#REF!/100),""))+IF(#REF!="","",IFERROR(#REF!*(#REF!/100),"")),"") | FF18: =IF(FE18="","",FE18/$FE$9) | FG18: =IFERROR(IF(H18="","",IFERROR(H18*($H$9/100),""))+IF(L18="","",IFERROR(L18*($L$9/100),""))+IF(P18="","",IFERROR(P18*($P$9/100),""))+IF(Z18="","",IFERROR(Z18*($Z$9/100),"")),"") -> 117.7035 | FH18: =IF(FG18="","",FG18/$FG$9) -> 0.72210736 | FK18: =IFERROR(IF(#REF!="","",IFERROR(#REF!*(#REF!/100),""))+IF(#REF!="","",IFERROR(#REF!*(#REF!/100),"")),"") | FL18: =IF(FK18="","",FK18/$FK$9) | FM18: =IFERROR(IF(#REF!="","",IFERROR(#REF!*(#REF!/100),"")),"") | FN18: =IF(FM18="","",FM18/$FM$9) | FO18: =SUM(BI18:FM18) -> 667.25324 | FP18: =FO18/$FO$9 -> #REF!
A19: 9 | B19: 24.05.52.0011 | C19: JONATHAN REXY FERDINAN | D19: ='MK1-TM'!D27 -> 53 | E19: ='MK1-TM'!E27 -> 50.2 | F19: ='MK1-TM'!F27 -> 45.65 | G19: ='MK1-TM'!G27 -> 48.32 | H19: ='MK1-TM'!H27 -> 47.93 | I19: =IFERROR((D19*($D$9/100))+(E19*($E$9/100))+(F19*($F$9/100))+(G19*($G$9/100))+(H19*($H$9/100)),"") -> 56.2528 | J19: ='MK2-TO'!D27 -> 78.13 | K19: ='MK2-TO'!E27 -> 76.11 | L19: ='MK2-TO'!F27 -> 74.36 | M19: =IFERROR((J19*($J$9/100))+(K19*($K$9/100)+(L19*($L$9/100))),"") -> 75.7507 | N19: ='MK3-PSTI'!D27 -> 78.47 | O19: ='MK3-PSTI'!E27 -> 75.03 | P19: ='MK3-PSTI'!F27 -> 74.18 | Q19: =IFERROR((N19*($N$9/100))+(O19*($O$9/100))+(P19*($P$9/100)),"") -> 75.1983 | R19: =IF('MK4-L&A'!D27="","",'MK4-L&A'!D27) -> 91.67 | S19: ='MK4-L&A'!E27 -> 90.91 | T19: ='MK4-L&A'!F27 -> 80.1 | U19: =IFERROR((R19*($R$9/100))+(S19*($S$9/100))+(T19*($T$9/100)),"") -> 85.7499 | V19: ='MK5-BP'!D27 -> 69.5 | W19: ='MK5-BP'!E27 -> 68.7 | X19: =IFERROR((V19*($V$9/100))+(W19*($W$9/100)),"") -> 69.1 | Y19: =IF('MK7-MBD'!D26="","",'MK7-MBD'!D26) -> 84.5 | Z19: =IF('MK7-MBD'!E26="","",'MK7-MBD'!E26) -> 84.5 | AA19: =IFERROR((Y19*($V$9/100))+(Z19*($W$9/100)),"") -> 84.5 | AB19: =IF(MK8_BID!D27="","",MK8_BID!D27) -> 81.4 | AC19: =IFERROR((AB19*($AB$9/100)),"") -> 81.4 | AE19: =IFERROR((D19*($D$9/100)+J19*($J$9/100)+N19*($N$9/100)+Y19*($Y$9/100)),"") -> 79.2207 | AF19: =IFERROR(AE19/$AE$8*100,"") -> 36.846837 | AG19: =IFERROR((#REF!*(#REF!/100)),"") | AH19: =IFERROR(AG19/$AG$8*100,"") | AI19: =IFERROR((R19*($R$9/100)+V19*($V$9/100)),"") -> 51.2506 | AJ19: =IFERROR(AI19/$AI$8*100,"") -> 75.368529 | AK19: =IFERROR((#REF!*(#REF!/100)),"") | AL19: =IFERROR(AK19/$AK$8*100,"") | AU19: =IFERROR((T19*($T$9/100)+W19*($W$9/100)),"") -> 73.599 | AV19: =IFERROR(AU19/$AU$8*100,"") -> 74.342424 | AW19: =IFERROR((AB19*($AB$9/100)+#REF!*(#REF!/100)+#REF!*(#REF!/100)),"") | AX19: =IFERROR(AW19/$AW$8*100,"") | BA19: =IFERROR((#REF!*(#REF!/100)+#REF!*(#REF!/100)+#REF!*(#REF!/100)),"") | BB19: =IFERROR(BA19/$BA$8*100,"") | BC19: =IFERROR((H19*($H$9/100)+L19*($L$9/100)+P19*($P$9/100)+Z19*($Z$9/100)),"") -> 119.5811 | BD19: =IFERROR(BC19/$BC$8*100,"") -> 73.362638 | BE19: =IFERROR((#REF!*(#REF!/100)+#REF!*(#REF!/100)+#REF!*(#REF!/100)),"") | BF19: =IFERROR(BE19/$BE$8*100,"") | BI19: =IF(Y19="","",IFERROR(Y19*($Y$9/100),"")) -> 42.25 | BJ19: =IF(BI19="","",BI19/$BI$9) -> 0.845 | BK19: =IFERROR(IF(Z19="","",IFERROR(Z19*($Z$9/100),""))+IF(AB19="","",IFERROR(AB19*($AB$9/100),"")),"") -> 123.65 | BL19: =IF(BK19="","",BK19/$BK$9) -> 0.82433333 | BN19: =IF(BM19="","",BM19/$BM$9) | BO19: =IFERROR(IF(D19="","",IFERROR(D19*($D$9/100),""))+IF(N19="","",IFERROR(N19*($N$9/100),"")),"") -> 24.4699 | BP19: =IF(BO19="","",BO19/$BO$9) -> 0.64394474 | BQ19: =IF(E19="","",IFERROR(E19*($E$9/100),"")) -> 11.044 | BR19: =IF(BQ19="","",BQ19/$BQ$9) -> 0.502 | BS19: =IFERROR(IF(F19="","",IFERROR(F19*($F$9/100),""))+IF(R19="","",IFERROR(R19*($R$9/100),"")),"") -> 27.0001 | BT19: =IF(BS19="","",BS19/$BS$9) -> 0.65853902 | BU19: =IFERROR(IF(G19="","",IFERROR(G19*($G$9/100),""))+IF(O19="","",IFERROR(O19*($O$9/100),""))+IF(S19="","",IFERROR(S19*($S$9/100),"")),"") -> 67.1073 | BV19: =IF(BU19="","",BU19/$BU$9) -> 0.73744286 | BW19: =IFERROR(IF(H19="","",IFERROR(H19*($H$9/100),""))+IF(P19="","",IFERROR(P19*($P$9/100),""))+IF(T19="","",IFERROR(T19*($T$9/100),"")),"") -> 87.5797 | BX19: =IF(BW19="","",BW19/$BW$9) -> 0.71203008 | CB19: =IF(CA19="","",CA19/$CA$9) | CE19: =IF(V19="","",IFERROR(V19*($V$9/100),"")) -> 34.75 | CF19: =IF(CE19="","",CE19/$CE$9) -> 0.695 | CG19: =IF(W19="","",IFERROR(W19*($W$9/100),"")) -> 34.35 | CH19: =IF(CG19="","",CG19/$CG$9) -> 0.687 | CR19: =IF(CQ19="","",CQ19/$CQ$9) | CT19: =IF(CS19="","",CS19/$CS$9) | DT19: =IF(DS19="","",DS19/$DS$9) | DZ19: =IF(DY19="","",DY19/$DY$9) | EC19: =IF(J19="","",IFERROR(J19*($J$9/100),"")) -> 12.5008 | ED19: =IF(EC19="","",EC19/$EC$9) -> 0.7813 | EF19: =IF(EE19="","",EE19/$EE$9) | EH19: =IF(EG19="","",EG19/$EG$9) | EI19: =IF(K19="","",IFERROR(K19*($K$9/100),"")) -> 34.2495 | EJ19: =IF(EI19="","",EI19/$EI$9) -> 0.7611 | EM19: =IF(L19="","",IFERROR(L19*($L$9/100),"")) -> 29.0004 | EN19: =IF(EM19="","",EM19/$EM$9) -> 0.7436 | EP19: =IF(EO19="","",EO19/$EO$9) | ET19: =IF(ES19="","",ES19/$ES$9) | EV19: =IF(EU19="","",EU19/$EU$9) | EW19: =IFERROR(IF(#REF!="","",IFERROR(#REF!*(#REF!/100),"")),"") | EX19: =IF(EW19="","",EW19/$EW$9) | FE19: =IFERROR(IF(#REF!="","",IFERROR(#REF!*(#REF!/100),""))+IF(#REF!="","",IFERROR(#REF!*(#REF!/100),"")),"") | FF19: =IF(FE19="","",FE19/$FE$9) | FG19: =IFERROR(IF(H19="","",IFERROR(H19*($H$9/100),""))+IF(L19="","",IFERROR(L19*($L$9/100),""))+IF(P19="","",IFERROR(P19*($P$9/100),""))+IF(Z19="","",IFERROR(Z19*($Z$9/100),"")),"") -> 119.5811 | FH19: =IF(FG19="","",FG19/$FG$9) -> 0.73362638 | FK19: =IFERROR(IF(#REF!="","",IFERROR(#REF!*(#REF!/100),""))+IF(#REF!="","",IFERROR(#REF!*(#REF!/100),"")),"") | FL19: =IF(FK19="","",FK19/$FK$9) | FM19: =IFERROR(IF(#REF!="","",IFERROR(#REF!*(#REF!/100),"")),"") | FN19: =IF(FM19="","",FM19/$FM$9) | FO19: =SUM(BI19:FM19) -> 656.85772 | FP19: =FO19/$FO$9 -> #REF!
A20: 10 | B20: 24.05.52.0012 | C20: GITA TEONANDA ARELLIA | D20: ='MK1-TM'!D28 -> 85.63 | E20: ='MK1-TM'!E28 -> 85.67 | F20: ='MK1-TM'!F28 -> 83.5 | G20: ='MK1-TM'!G28 -> 55.68 | H20: ='MK1-TM'!H28 -> 55.56 | I20: =IFERROR((D20*($D$9/100))+(E20*($E$9/100))+(F20*($F$9/100))+(G20*($G$9/100))+(H20*($H$9/100)),"") -> 83.2879 | J20: ='MK2-TO'!D28 -> 82.5 | K20: ='MK2-TO'!E28 -> 81.78 | L20: ='MK2-TO'!F28 -> 85.26 | M20: =IFERROR((J20*($J$9/100))+(K20*($K$9/100)+(L20*($L$9/100))),"") -> 83.2524 | N20: ='MK3-PSTI'!D28 -> 86.12 | O20: ='MK3-PSTI'!E28 -> 83.71 | P20: ='MK3-PSTI'!F28 -> 80.92 | Q20: =IFERROR((N20*($N$9/100))+(O20*($O$9/100))+(P20*($P$9/100)),"") -> 82.7526 | R20: =IF('MK4-L&A'!D28="","",'MK4-L&A'!D28) -> 91.67 | S20: ='MK4-L&A'!E28 -> 90.91 | T20: ='MK4-L&A'!F28 -> 80.1 | U20: =IFERROR((R20*($R$9/100))+(S20*($S$9/100))+(T20*($T$9/100)),"") -> 85.7499 | V20: ='MK5-BP'!D28 -> 73.7 | W20: ='MK5-BP'!E28 -> 73 | X20: =IFERROR((V20*($V$9/100))+(W20*($W$9/100)),"") -> 73.35 | Y20: =IF('MK7-MBD'!D27="","",'MK7-MBD'!D27) -> 94.15 | Z20: =IF('MK7-MBD'!E27="","",'MK7-MBD'!E27) -> 94.15 | AA20: =IFERROR((Y20*($V$9/100))+(Z20*($W$9/100)),"") -> 94.15 | AB20: =IF(MK8_BID!D28="","",MK8_BID!D28) -> 88.5 | AC20: =IFERROR((AB20*($AB$9/100)),"") -> 88.5 | BI20: =IF(Y20="","",IFERROR(Y20*($Y$9/100),"")) -> 47.075 | BJ20: =IF(BI20="","",BI20/$BI$9) -> 0.9415 | BK20: =IFERROR(IF(Z20="","",IFERROR(Z20*($Z$9/100),""))+IF(AB20="","",IFERROR(AB20*($AB$9/100),"")),"") -> 135.575 | BL20: =IF(BK20="","",BK20/$BK$9) -> 0.90383333 | BN20: =IF(BM20="","",BM20/$BM$9) | BO20: =IFERROR(IF(D20="","",IFERROR(D20*($D$9/100),""))+IF(N20="","",IFERROR(N20*($N$9/100),"")),"") -> 32.6227 | BP20: =IF(BO20="","",BO20/$BO$9) -> 0.85849211 | BQ20: =IF(E20="","",IFERROR(E20*($E$9/100),"")) -> 18.8474 | BR20: =IF(BQ20="","",BQ20/$BQ$9) -> 0.8567 | BS20: =IFERROR(IF(F20="","",IFERROR(F20*($F$9/100),""))+IF(R20="","",IFERROR(R20*($R$9/100),"")),"") -> 35.7056 | BT20: =IF(BS20="","",BS20/$BS$9) -> 0.87086829 | BU20: =IFERROR(IF(G20="","",IFERROR(G20*($G$9/100),""))+IF(O20="","",IFERROR(O20*($O$9/100),""))+IF(S20="","",IFERROR(S20*($S$9/100),"")),"") -> 71.8249 | BV20: =IF(BU20="","",BU20/$BU$9) -> 0.78928462 | BW20: =IFERROR(IF(H20="","",IFERROR(H20*($H$9/100),""))+IF(P20="","",IFERROR(P20*($P$9/100),""))+IF(T20="","",IFERROR(T20*($T$9/100),"")),"") -> 92.7898 | BX20: =IF(BW20="","",BW20/$BW$9) -> 0.75438862 | CE20: =IF(V20="","",IFERROR(V20*($V$9/100),"")) -> 36.85 | CF20: =IF(CE20="","",CE20/$CE$9) -> 0.737 | CG20: =IF(W20="","",IFERROR(W20*($W$9/100),"")) -> 36.5 | CH20: =IF(CG20="","",CG20/$CG$9) -> 0.73 | CR20: =IF(CQ20="","",CQ20/$CQ$9) | CT20: =IF(CS20="","",CS20/$CS$9) | DT20: =IF(DS20="","",DS20/$DS$9) | DZ20: =IF(DY20="","",DY20/$DY$9) | EC20: =IF(J20="","",IFERROR(J20*($J$9/100),"")) -> 13.2 | ED20: =IF(EC20="","",EC20/$EC$9) -> 0.825 | EF20: =IF(EE20="","",EE20/$EE$9) | EH20: =IF(EG20="","",EG20/$EG$9) | EI20: =IF(K20="","",IFERROR(K20*($K$9/100),"")) -> 36.801 | EJ20: =IF(EI20="","",EI20/$EI$9) -> 0.8178 | EM20: =IF(L20="","",IFERROR(L20*($L$9/100),"")) -> 33.2514 | EN20: =IF(EM20="","",EM20/$EM$9) -> 0.8526 | EP20: =IF(EO20="","",EO20/$EO$9) | ET20: =IF(ES20="","",ES20/$ES$9) | EV20: =IF(EU20="","",EU20/$EU$9)
A21: 11 | B21: 24.05.52.0013 | C21: MUHAMMAD MAFTUF | D21: ='MK1-TM'!D29 -> 18.88 | E21: ='MK1-TM'!E29 -> 20.13 | F21: ='MK1-TM'!F29 -> 10.35 | G21: ='MK1-TM'!G29 -> 5.09 | H21: ='MK1-TM'!H29 -> 2.07 | I21: =IFERROR((D21*($D$9/100))+(E21*($E$9/100))+(F21*($F$9/100))+(G21*($G$9/100))+(H21*($H$9/100)),"") -> 12.513 | J21: ='MK2-TO'!D29 -> 71.88 | K21: ='MK2-TO'!E29 -> 55 | L21: ='MK2-TO'!F29 -> 10.26 | M21: =IFERROR((J21*($J$9/100))+(K21*($K$9/100)+(L21*($L$9/100))),"") -> 40.2522 | N21: ='MK3-PSTI'!D29 -> 70.59 | O21: ='MK3-PSTI'!E29 -> 66.18 | P21: ='MK3-PSTI'!F29 -> 15.82 | Q21: =IFERROR((N21*($N$9/100))+(O21*($O$9/100))+(P21*($P$9/100)),"") -> 42.2533 | R21: =IF('MK4-L&A'!D29="","",'MK4-L&A'!D29) -> 86.11 | S21: ='MK4-L&A'!E29 -> 83.33 | T21: ='MK4-L&A'!F29 -> 26.53 | U21: =IFERROR((R21*($R$9/100))+(S21*($S$9/100))+(T21*($T$9/100)),"") -> 55.9984 | V21: ='MK5-BP'!D29 -> 14.3 | W21: ='MK5-BP'!E29 -> 6.3 | X21: =IFERROR((V21*($V$9/100))+(W21*($W$9/100)),"") -> 10.3 | Y21: =IF('MK7-MBD'!D28="","",'MK7-MBD'!D28) -> 0 | Z21: =IF('MK7-MBD'!E28="","",'MK7-MBD'!E28) -> 0 | AA21: =IFERROR((Y21*($V$9/100))+(Z21*($W$9/100)),"") -> 0 | AB21: =IF(MK8_BID!D29="","",MK8_BID!D29) -> 81.4 | AC21: =IFERROR((AB21*($AB$9/100)),"") -> 81.4 | BI21: =IF(Y21="","",IFERROR(Y21*($Y$9/100),"")) -> 0 | BJ21: =IF(BI21="","",BI21/$BI$9) -> 0 | BK21: =IFERROR(IF(Z21="","",IFERROR(Z21*($Z$9/100),""))+IF(AB21="","",IFERROR(AB21*($AB$9/100),"")),"") -> 81.4 | BL21: =IF(BK21="","",BK21/$BK$9) -> 0.54266667 | BN21: =IF(BM21="","",BM21/$BM$9) | BO21: =IFERROR(IF(D21="","",IFERROR(D21*($D$9/100),""))+IF(N21="","",IFERROR(N21*($N$9/100),"")),"") -> 15.9651 | BP21: =IF(BO21="","",BO21/$BO$9) -> 0.42013421 | BQ21: =IF(E21="","",IFERROR(E21*($E$9/100),"")) -> 4.4286 | BR21: =IF(BQ21="","",BQ21/$BQ$9) -> 0.2013 | BS21: =IFERROR(IF(F21="","",IFERROR(F21*($F$9/100),""))+IF(R21="","",IFERROR(R21*($R$9/100),"")),"") -> 17.8803 | BT21: =IF(BS21="","",BS21/$BS$9) -> 0.43610488 | BU21: =IFERROR(IF(G21="","",IFERROR(G21*($G$9/100),""))+IF(O21="","",IFERROR(O21*($O$9/100),""))+IF(S21="","",IFERROR(S21*($S$9/100),"")),"") -> 51.2217 | BV21: =IF(BU21="","",BU21/$BU$9) -> 0.56287582 | BW21: =IFERROR(IF(H21="","",IFERROR(H21*($H$9/100),""))+IF(P21="","",IFERROR(P21*($P$9/100),""))+IF(T21="","",IFERROR(T21*($T$9/100),"")),"") -> 21.269 | BX21: =IF(BW21="","",BW21/$BW$9) -> 0.1729187 | CE21: =IF(V21="","",IFERROR(V21*($V$9/100),"")) -> 7.15 | CF21: =IF(CE21="","",CE21/$CE$9) -> 0.143 | CG21: =IF(W21="","",IFERROR(W21*($W$9/100),"")) -> 3.15 | CH21: =IF(CG21="","",CG21/$CG$9) -> 0.063 | CR21: =IF(CQ21="","",CQ21/$CQ$9) | CT21: =IF(CS21="","",CS21/$CS$9) | DT21: =IF(DS21="","",DS21/$DS$9) | DZ21: =IF(DY21="","",DY21/$DY$9) | EC21: =IF(J21="","",IFERROR(J21*($J$9/100),"")) -> 11.5008 | ED21: =IF(EC21="","",EC21/$EC$9) -> 0.7188 | EF21: =IF(EE21="","",EE21/$EE$9) | EH21: =IF(EG21="","",EG21/$EG$9) | EI21: =IF(K21="","",IFERROR(K21*($K$9/100),"")) -> 24.75 | EJ21: =IF(EI21="","",EI21/$EI$9) -> 0.55 | EM21: =IF(L21="","",IFERROR(L21*($L$9/100),"")) -> 4.0014 | EN21: =IF(EM21="","",EM21/$EM$9) -> 0.1026 | EP21: =IF(EO21="","",EO21/$EO$9) | ET21: =IF(ES21="","",ES21/$ES$9) | EV21: =IF(EU21="","",EU21/$EU$9)
A22: 12 | B22: 24.05.52.0014 | C22: ARELIA SALSABILA SAFITRI | D22: ='MK1-TM'!D30 -> 89.13 | E22: ='MK1-TM'!E30 -> 89.07 | F22: ='MK1-TM'!F30 -> 87.65 | G22: ='MK1-TM'!G30 -> 62.5 | H22: ='MK1-TM'!H30 -> 62.96 | I22: =IFERROR((D22*($D$9/100))+(E22*($E$9/100))+(F22*($F$9/100))+(G22*($G$9/100))+(H22*($H$9/100)),"") -> 89.2122 | J22: ='MK2-TO'!D30 -> 82.5 | K22: ='MK2-TO'!E30 -> 81.78 | L22: ='MK2-TO'!F30 -> 85.26 | M22: =IFERROR((J22*($J$9/100))+(K22*($K$9/100)+(L22*($L$9/100))),"") -> 83.2524 | N22: ='MK3-PSTI'!D30 -> 89.06 | O22: ='MK3-PSTI'!E30 -> 87.38 | P22: ='MK3-PSTI'!F30 -> 87.35 | Q22: =IFERROR((N22*($N$9/100))+(O22*($O$9/100))+(P22*($P$9/100)),"") -> 87.6509 | R22: =IF('MK4-L&A'!D30="","",'MK4-L&A'!D30) -> 91.67 | S22: ='MK4-L&A'!E30 -> 90.91 | T22: ='MK4-L&A'!F30 -> 80.1 | U22: =IFERROR((R22*($R$9/100))+(S22*($S$9/100))+(T22*($T$9/100)),"") -> 85.7499 | V22: ='MK5-BP'!D30 -> 82.9 | W22: ='MK5-BP'!E30 -> 82.9 | X22: =IFERROR((V22*($V$9/100))+(W22*($W$9/100)),"") -> 82.9 | Y22: =IF('MK7-MBD'!D29="","",'MK7-MBD'!D29) -> 94.15 | Z22: =IF('MK7-MBD'!E29="","",'MK7-MBD'!E29) -> 94.15 | AA22: =IFERROR((Y22*($V$9/100))+(Z22*($W$9/100)),"") -> 94.15 | AB22: =IF(MK8_BID!D30="","",MK8_BID!D30) -> 90.4 | AC22: =IFERROR((AB22*($AB$9/100)),"") -> 90.4 | BI22: =IF(Y22="","",IFERROR(Y22*($Y$9/100),"")) -> 47.075 | BJ22: =IF(BI22="","",BI22/$BI$9) -> 0.9415 | BK22: =IFERROR(IF(Z22="","",IFERROR(Z22*($Z$9/100),""))+IF(AB22="","",IFERROR(AB22*($AB$9/100),"")),"") -> 137.475 | BL22: =IF(BK22="","",BK22/$BK$9) -> 0.9165 | BN22: =IF(BM22="","",BM22/$BM$9) | BO22: =IFERROR(IF(D22="","",IFERROR(D22*($D$9/100),""))+IF(N22="","",IFERROR(N22*($N$9/100),"")),"") -> 33.8575 | BP22: =IF(BO22="","",BO22/$BO$9) -> 0.89098684 | BQ22: =IF(E22="","",IFERROR(E22*($E$9/100),"")) -> 19.5954 | BR22: =IF(BQ22="","",BQ22/$BQ$9) -> 0.8907 | BS22: =IFERROR(IF(F22="","",IFERROR(F22*($F$9/100),""))+IF(R22="","",IFERROR(R22*($R$9/100),"")),"") -> 36.6601 | BT22: =IF(BS22="","",BS22/$BS$9) -> 0.89414878 | BU22: =IFERROR(IF(G22="","",IFERROR(G22*($G$9/100),""))+IF(O22="","",IFERROR(O22*($O$9/100),""))+IF(S22="","",IFERROR(S22*($S$9/100),"")),"") -> 74.7095 | BV22: =IF(BU22="","",BU22/$BU$9) -> 0.82098352 | BW22: =IFERROR(IF(H22="","",IFERROR(H22*($H$9/100),""))+IF(P22="","",IFERROR(P22*($P$9/100),""))+IF(T22="","",IFERROR(T22*($T$9/100),"")),"") -> 97.7905 | BX22: =IF(BW22="","",BW22/$BW$9) -> 0.79504472 | CE22: =IF(V22="","",IFERROR(V22*($V$9/100),"")) -> 41.45 | CF22: =IF(CE22="","",CE22/$CE$9) -> 0.829 | CG22: =IF(W22="","",IFERROR(W22*($W$9/100),"")) -> 41.45 | CH22: =IF(CG22="","",CG22/$CG$9) -> 0.829 | CR22: =IF(CQ22="","",CQ22/$CQ$9) | CT22: =IF(CS22="","",CS22/$CS$9) | DT22: =IF(DS22="","",DS22/$DS$9) | DZ22: =IF(DY22="","",DY22/$DY$9) | EC22: =IF(J22="","",IFERROR(J22*($J$9/100),"")) -> 13.2 | ED22: =IF(EC22="","",EC22/$EC$9) -> 0.825 | EF22: =IF(EE22="","",EE22/$EE$9) | EH22: =IF(EG22="","",EG22/$EG$9) | EI22: =IF(K22="","",IFERROR(K22*($K$9/100),"")) -> 36.801 | EJ22: =IF(EI22="","",EI22/$EI$9) -> 0.8178 | EM22: =IF(L22="","",IFERROR(L22*($L$9/100),"")) -> 33.2514 | EN22: =IF(EM22="","",EM22/$EM$9) -> 0.8526 | EP22: =IF(EO22="","",EO22/$EO$9) | ET22: =IF(ES22="","",ES22/$ES$9) | EV22: =IF(EU22="","",EU22/$EU$9)
A23: 13 | B23: 24.05.52.0015 | C23: JULLER IBEL LAURENTIUS TURNIP | D23: ='MK1-TM'!D31 -> 12.5 | E23: ='MK1-TM'!E31 -> 13.33 | F23: ='MK1-TM'!F31 -> 13.75 | G23: ='MK1-TM'!G31 -> 18.18 | H23: ='MK1-TM'!H31 -> 19.44 | I23: =IFERROR((D23*($D$9/100))+(E23*($E$9/100))+(F23*($F$9/100))+(G23*($G$9/100))+(H23*($H$9/100)),"") -> 17.9433 | J23: ='MK2-TO'!D31 -> 56.13 | K23: ='MK2-TO'!E31 -> 53.69 | L23: ='MK2-TO'!F31 -> 46.82 | M23: =IFERROR((J23*($J$9/100))+(K23*($K$9/100)+(L23*($L$9/100))),"") -> 51.4011 | N23: ='MK3-PSTI'!D31 -> 63.76 | O23: ='MK3-PSTI'!E31 -> 58.12 | P23: ='MK3-PSTI'!F31 -> 43.88 | Q23: =IFERROR((N23*($N$9/100))+(O23*($O$9/100))+(P23*($P$9/100)),"") -> 52.1012 | R23: =IF('MK4-L&A'!D31="","",'MK4-L&A'!D31) -> 36.5 | S23: ='MK4-L&A'!E31 -> 19.91 | T23: ='MK4-L&A'!F31 -> 52.57 | U23: =IFERROR((R23*($R$9/100))+(S23*($S$9/100))+(T23*($T$9/100)),"") -> 38.8996 | V23: ='MK5-BP'!D31 -> 50.6 | W23: ='MK5-BP'!E31 -> 50.6 | X23: =IFERROR((V23*($V$9/100))+(W23*($W$9/100)),"") -> 50.6 | Y23: =IF('MK7-MBD'!D30="","",'MK7-MBD'!D30) -> 65.6 | Z23: =IF('MK7-MBD'!E30="","",'MK7-MBD'!E30) -> 65.6 | AA23: =IFERROR((Y23*($V$9/100))+(Z23*($W$9/100)),"") -> 65.6 | AB23: =IF(MK8_BID!D31="","",MK8_BID!D31) -> 71.5 | AC23: =IFERROR((AB23*($AB$9/100)),"") -> 71.5 | BI23: =IF(Y23="","",IFERROR(Y23*($Y$9/100),"")) -> 32.8 | BJ23: =IF(BI23="","",BI23/$BI$9) -> 0.656 | BK23: =IFERROR(IF(Z23="","",IFERROR(Z23*($Z$9/100),""))+IF(AB23="","",IFERROR(AB23*($AB$9/100),"")),"") -> 104.3 | BL23: =IF(BK23="","",BK23/$BK$9) -> 0.69533333 | BN23: =IF(BM23="","",BM23/$BM$9) | BO23: =IFERROR(IF(D23="","",IFERROR(D23*($D$9/100),""))+IF(N23="","",IFERROR(N23*($N$9/100),"")),"") -> 13.4642 | BP23: =IF(BO23="","",BO23/$BO$9) -> 0.35432105 | BQ23: =IF(E23="","",IFERROR(E23*($E$9/100),"")) -> 2.9326 | BR23: =IF(BQ23="","",BQ23/$BQ$9) -> 0.1333 | BS23: =IFERROR(IF(F23="","",IFERROR(F23*($F$9/100),""))+IF(R23="","",IFERROR(R23*($R$9/100),"")),"") -> 9.7325 | BT23: =IF(BS23="","",BS23/$BS$9) -> 0.23737805 | BU23: =IFERROR(IF(G23="","",IFERROR(G23*($G$9/100),""))+IF(O23="","",IFERROR(O23*($O$9/100),""))+IF(S23="","",IFERROR(S23*($S$9/100),"")),"") -> 30.6943 | BV23: =IF(BU23="","",BU23/$BU$9) -> 0.3373 | BW23: =IFERROR(IF(H23="","",IFERROR(H23*($H$9/100),""))+IF(P23="","",IFERROR(P23*($P$9/100),""))+IF(T23="","",IFERROR(T23*($T$9/100),"")),"") -> 52.1205 | BX23: =IF(BW23="","",BW23/$BW$9) -> 0.4237439 | CE23: =IF(V23="","",IFERROR(V23*($V$9/100),"")) -> 25.3 | CF23: =IF(CE23="","",CE23/$CE$9) -> 0.506 | CG23: =IF(W23="","",IFERROR(W23*($W$9/100),"")) -> 25.3 | CH23: =IF(CG23="","",CG23/$CG$9) -> 0.506 | CR23: =IF(CQ23="","",CQ23/$CQ$9) | CT23: =IF(CS23="","",CS23/$CS$9) | DT23: =IF(DS23="","",DS23/$DS$9) | DZ23: =IF(DY23="","",DY23/$DY$9) | EC23: =IF(J23="","",IFERROR(J23*($J$9/100),"")) -> 8.9808 | ED23: =IF(EC23="","",EC23/$EC$9) -> 0.5613 | EF23: =IF(EE23="","",EE23/$EE$9) | EH23: =IF(EG23="","",EG23/$EG$9) | EI23: =IF(K23="","",IFERROR(K23*($K$9/100),"")) -> 24.1605 | EJ23: =IF(EI23="","",EI23/$EI$9) -> 0.5369 | EM23: =IF(L23="","",IFERROR(L23*($L$9/100),"")) -> 18.2598 | EN23: =IF(EM23="","",EM23/$EM$9) -> 0.4682 | EP23: =IF(EO23="","",EO23/$EO$9) | ET23: =IF(ES23="","",ES23/$ES$9) | EV23: =IF(EU23="","",EU23/$EU$9)
A24: 14 | B24: 24.05.52.0016 | C24: GADING BINTANG WICAKSONO | D24: ='MK1-TM'!D32 -> 78.13 | E24: ='MK1-TM'!E32 -> 77.67 | F24: ='MK1-TM'!F32 -> 75.5 | G24: ='MK1-TM'!G32 -> 48.86 | H24: ='MK1-TM'!H32 -> 48.15 | I24: =IFERROR((D24*($D$9/100))+(E24*($E$9/100))+(F24*($F$9/100))+(G24*($G$9/100))+(H24*($H$9/100)),"") -> 74.6236 | J24: ='MK2-TO'!D32 -> 82.5 | K24: ='MK2-TO'!E32 -> 79.56 | L24: ='MK2-TO'!F32 -> 76.28 | M24: =IFERROR((J24*($J$9/100))+(K24*($K$9/100)+(L24*($L$9/100))),"") -> 78.7512 | N24: ='MK3-PSTI'!D32 -> 80.24 | O24: ='MK3-PSTI'!E32 -> 77.82 | P24: ='MK3-PSTI'!F32 -> 74.69 | Q24: =IFERROR((N24*($N$9/100))+(O24*($O$9/100))+(P24*($P$9/100)),"") -> 76.6977 | R24: =IF('MK4-L&A'!D32="","",'MK4-L&A'!D32) -> 86.11 | S24: ='MK4-L&A'!E32 -> 83.33 | T24: ='MK4-L&A'!F32 -> 80.1 | U24: =IFERROR((R24*($R$9/100))+(S24*($S$9/100))+(T24*($T$9/100)),"") -> 82.2477 | V24: ='MK5-BP'!D32 -> 82.9 | W24: ='MK5-BP'!E32 -> 82.2 | X24: =IFERROR((V24*($V$9/100))+(W24*($W$9/100)),"") -> 82.55 | Y24: =IF('MK7-MBD'!D31="","",'MK7-MBD'!D31) -> 84.55 | Z24: =IF('MK7-MBD'!E31="","",'MK7-MBD'!E31) -> 84.55 | AA24: =IFERROR((Y24*($V$9/100))+(Z24*($W$9/100)),"") -> 84.55 | AB24: =IF(MK8_BID!D32="","",MK8_BID!D32) -> 85.9 | AC24: =IFERROR((AB24*($AB$9/100)),"") -> 85.9 | BI24: =IF(Y24="","",IFERROR(Y24*($Y$9/100),"")) -> 42.275 | BJ24: =IF(BI24="","",BI24/$BI$9) -> 0.8455 | BK24: =IFERROR(IF(Z24="","",IFERROR(Z24*($Z$9/100),""))+IF(AB24="","",IFERROR(AB24*($AB$9/100),"")),"") -> 128.175 | BL24: =IF(BK24="","",BK24/$BK$9) -> 0.8545 | BN24: =IF(BM24="","",BM24/$BM$9) | BO24: =IFERROR(IF(D24="","",IFERROR(D24*($D$9/100),""))+IF(N24="","",IFERROR(N24*($N$9/100),"")),"") -> 30.0481 | BP24: =IF(BO24="","",BO24/$BO$9) -> 0.79073947 | BQ24: =IF(E24="","",IFERROR(E24*($E$9/100),"")) -> 17.0874 | BR24: =IF(BQ24="","",BQ24/$BQ$9) -> 0.7767 | BS24: =IFERROR(IF(F24="","",IFERROR(F24*($F$9/100),""))+IF(R24="","",IFERROR(R24*($R$9/100),"")),"") -> 32.8648 | BT24: =IF(BS24="","",BS24/$BS$9) -> 0.80158049 | BU24: =IFERROR(IF(G24="","",IFERROR(G24*($G$9/100),""))+IF(O24="","",IFERROR(O24*($O$9/100),""))+IF(S24="","",IFERROR(S24*($S$9/100),"")),"") -> 65.6841 | BV24: =IF(BU24="","",BU24/$BU$9) -> 0.7218033 | BW24: =IFERROR(IF(H24="","",IFERROR(H24*($H$9/100),""))+IF(P24="","",IFERROR(P24*($P$9/100),""))+IF(T24="","",IFERROR(T24*($T$9/100),"")),"") -> 87.8846 | BX24: =IF(BW24="","",BW24/$BW$9) -> 0.71450894 | CE24: =IF(V24="","",IFERROR(V24*($V$9/100),"")) -> 41.45 | CF24: =IF(CE24="","",CE24/$CE$9) -> 0.829 | CG24: =IF(W24="","",IFERROR(W24*($W$9/100),"")) -> 41.1 | CH24: =IF(CG24="","",CG24/$CG$9) -> 0.822 | CR24: =IF(CQ24="","",CQ24/$CQ$9) | CT24: =IF(CS24="","",CS24/$CS$9) | DT24: =IF(DS24="","",DS24/$DS$9) | DZ24: =IF(DY24="","",DY24/$DY$9) | EC24: =IF(J24="","",IFERROR(J24*($J$9/100),"")) -> 13.2 | ED24: =IF(EC24="","",EC24/$EC$9) -> 0.825 | EF24: =IF(EE24="","",EE24/$EE$9) | EH24: =IF(EG24="","",EG24/$EG$9) | EI24: =IF(K24="","",IFERROR(K24*($K$9/100),"")) -> 35.802 | EJ24: =IF(EI24="","",EI24/$EI$9) -> 0.7956 | EM24: =IF(L24="","",IFERROR(L24*($L$9/100),"")) -> 29.7492 | EN24: =IF(EM24="","",EM24/$EM$9) -> 0.7628 | EP24: =IF(EO24="","",EO24/$EO$9) | ET24: =IF(ES24="","",ES24/$ES$9) | EV24: =IF(EU24="","",EU24/$EU$9)
A25: 15 | B25: 24.05.52.0017 | C25: VINA OKITA | D25: ='MK1-TM'!D33 -> 91.25 | E25: ='MK1-TM'!E33 -> 91.33 | F25: ='MK1-TM'!F33 -> 90 | G25: ='MK1-TM'!G33 -> 78.18 | H25: ='MK1-TM'!H33 -> 80 | I25: =IFERROR((D25*($D$9/100))+(E25*($E$9/100))+(F25*($F$9/100))+(G25*($G$9/100))+(H25*($H$9/100)),"") -> 98.7183 | J25: ='MK2-TO'!D33 -> 78.13 | K25: ='MK2-TO'!E33 -> 79.44 | L25: ='MK2-TO'!F33 -> 84.87 | M25: =IFERROR((J25*($J$9/100))+(K25*($K$9/100)+(L25*($L$9/100))),"") -> 81.3481 | N25: ='MK3-PSTI'!D33 -> 85.53 | O25: ='MK3-PSTI'!E33 -> 83.85 | P25: ='MK3-PSTI'!F33 -> 87.35 | Q25: =IFERROR((N25*($N$9/100))+(O25*($O$9/100))+(P25*($P$9/100)),"") -> 85.8506 | R25: =IF('MK4-L&A'!D33="","",'MK4-L&A'!D33) -> 91.67 | S25: ='MK4-L&A'!E33 -> 90.91 | T25: ='MK4-L&A'!F33 -> 90.82 | U25: =IFERROR((R25*($R$9/100))+(S25*($S$9/100))+(T25*($T$9/100)),"") -> 91.0027 | V25: ='MK5-BP'!D33 -> 77.9 | W25: ='MK5-BP'!E33 -> 76.5 | X25: =IFERROR((V25*($V$9/100))+(W25*($W$9/100)),"") -> 77.2 | Y25: =IF('MK7-MBD'!D32="","",'MK7-MBD'!D32) -> 94.75 | Z25: =IF('MK7-MBD'!E32="","",'MK7-MBD'!E32) -> 94.75 | AA25: =IFERROR((Y25*($V$9/100))+(Z25*($W$9/100)),"") -> 94.75 | AB25: =IF(MK8_BID!D33="","",MK8_BID!D33) -> 81.4 | AC25: =IFERROR((AB25*($AB$9/100)),"") -> 81.4 | BI25: =IF(Y25="","",IFERROR(Y25*($Y$9/100),"")) -> 47.375 | BJ25: =IF(BI25="","",BI25/$BI$9) -> 0.9475 | BK25: =IFERROR(IF(Z25="","",IFERROR(Z25*($Z$9/100),""))+IF(AB25="","",IFERROR(AB25*($AB$9/100),"")),"") -> 128.775 | BL25: =IF(BK25="","",BK25/$BK$9) -> 0.8585 | BN25: =IF(BM25="","",BM25/$BM$9) | BO25: =IFERROR(IF(D25="","",IFERROR(D25*($D$9/100),""))+IF(N25="","",IFERROR(N25*($N$9/100),"")),"") -> 33.7026 | BP25: =IF(BO25="","",BO25/$BO$9) -> 0.88691053 | BQ25: =IF(E25="","",IFERROR(E25*($E$9/100),"")) -> 20.0926 | BR25: =IF(BQ25="","",BQ25/$BQ$9) -> 0.9133 | BS25: =IFERROR(IF(F25="","",IFERROR(F25*($F$9/100),""))+IF(R25="","",IFERROR(R25*($R$9/100),"")),"") -> 37.2006 | BT25: =IF(BS25="","",BS25/$BS$9) -> 0.90733171 | BU25: =IFERROR(IF(G25="","",IFERROR(G25*($G$9/100),""))+IF(O25="","",IFERROR(O25*($O$9/100),""))+IF(S25="","",IFERROR(S25*($S$9/100),"")),"") -> 77.2725 | BV25: =IF(BU25="","",BU25/$BU$9) -> 0.84914835 | BW25: =IFERROR(IF(H25="","",IFERROR(H25*($H$9/100),""))+IF(P25="","",IFERROR(P25*($P$9/100),""))+IF(T25="","",IFERROR(T25*($T$9/100),"")),"") -> 107.3033 | BX25: =IF(BW25="","",BW25/$BW$9) -> 0.87238455 | CE25: =IF(V25="","",IFERROR(V25*($V$9/100),"")) -> 38.95 | CF25: =IF(CE25="","",CE25/$CE$9) -> 0.779 | CG25: =IF(W25="","",IFERROR(W25*($W$9/100),"")) -> 38.25 | CH25: =IF(CG25="","",CG25/$CG$9) -> 0.765 | CR25: =IF(CQ25="","",CQ25/$CQ$9) | CT25: =IF(CS25="","",CS25/$CS$9) | DT25: =IF(DS25="","",DS25/$DS$9) | DZ25: =IF(DY25="","",DY25/$DY$9) | EC25: =IF(J25="","",IFERROR(J25*($J$9/100),"")) -> 12.5008 | ED25: =IF(EC25="","",EC25/$EC$9) -> 0.7813 | EF25: =IF(EE25="","",EE25/$EE$9) | EH25: =IF(EG25="","",EG25/$EG$9) | EI25: =IF(K25="","",IFERROR(K25*($K$9/100),"")) -> 35.748 | EJ25: =IF(EI25="","",EI25/$EI$9) -> 0.7944 | EM25: =IF(L25="","",IFERROR(L25*($L$9/100),"")) -> 33.0993 | EN25: =IF(EM25="","",EM25/$EM$9) -> 0.8487 | EP25: =IF(EO25="","",EO25/$EO$9) | ET25: =IF(ES25="","",ES25/$ES$9) | EV25: =IF(EU25="","",EU25/$EU$9)
A26: 16 | B26: 24.05.52.0018 | C26: VIMAS CHARIZA ANGGRAINY | D26: ='MK1-TM'!D34 -> 85.38 | E26: ='MK1-TM'!E34 -> 85.4 | F26: ='MK1-TM'!F34 -> 83.4 | G26: ='MK1-TM'!G34 -> 55.68 | H26: ='MK1-TM'!H34 -> 55.56 | I26: =IFERROR((D26*($D$9/100))+(E26*($E$9/100))+(F26*($F$9/100))+(G26*($G$9/100))+(H26*($H$9/100)),"") -> 83.153 | J26: ='MK2-TO'!D34 -> 79.38 | K26: ='MK2-TO'!E34 -> 77.89 | L26: ='MK2-TO'!F34 -> 78.46 | M26: =IFERROR((J26*($J$9/100))+(K26*($K$9/100)+(L26*($L$9/100))),"") -> 78.3507 | N26: ='MK3-PSTI'!D34 -> 83.76 | O26: ='MK3-PSTI'!E34 -> 81.94 | P26: ='MK3-PSTI'!F34 -> 81.33 | Q26: =IFERROR((N26*($N$9/100))+(O26*($O$9/100))+(P26*($P$9/100)),"") -> 81.9505 | R26: =IF('MK4-L&A'!D34="","",'MK4-L&A'!D34) -> 91.67 | S26: ='MK4-L&A'!E34 -> 90.91 | T26: ='MK4-L&A'!F34 -> 83.67 | U26: =IFERROR((R26*($R$9/100))+(S26*($S$9/100))+(T26*($T$9/100)),"") -> 87.4992 | V26: ='MK5-BP'!D34 -> 72.8 | W26: ='MK5-BP'!E34 -> 69.7 | X26: =IFERROR((V26*($V$9/100))+(W26*($W$9/100)),"") -> 71.25 | Y26: =IF('MK7-MBD'!D33="","",'MK7-MBD'!D33) -> 84.8 | Z26: =IF('MK7-MBD'!E33="","",'MK7-MBD'!E33) -> 84.8 | AA26: =IFERROR((Y26*($V$9/100))+(Z26*($W$9/100)),"") -> 84.8 | AB26: =IF(MK8_BID!D34="","",MK8_BID!D34) -> 81.4 | AC26: =IFERROR((AB26*($AB$9/100)),"") -> 81.4 | BI26: =IF(Y26="","",IFERROR(Y26*($Y$9/100),"")) -> 42.4 | BJ26: =IF(BI26="","",BI26/$BI$9) -> 0.848 | BK26: =IFERROR(IF(Z26="","",IFERROR(Z26*($Z$9/100),""))+IF(AB26="","",IFERROR(AB26*($AB$9/100),"")),"") -> 123.8 | BL26: =IF(BK26="","",BK26/$BK$9) -> 0.82533333 | BN26: =IF(BM26="","",BM26/$BM$9) | BO26: =IFERROR(IF(D26="","",IFERROR(D26*($D$9/100),""))+IF(N26="","",IFERROR(N26*($N$9/100),"")),"") -> 32.169 | BP26: =IF(BO26="","",BO26/$BO$9) -> 0.84655263 | BQ26: =IF(E26="","",IFERROR(E26*($E$9/100),"")) -> 18.788 | BR26: =IF(BQ26="","",BQ26/$BQ$9) -> 0.854 | BS26: =IFERROR(IF(F26="","",IFERROR(F26*($F$9/100),""))+IF(R26="","",IFERROR(R26*($R$9/100),"")),"") -> 35.6826 | BT26: =IF(BS26="","",BS26/$BS$9) -> 0.87030732 | BU26: =IFERROR(IF(G26="","",IFERROR(G26*($G$9/100),""))+IF(O26="","",IFERROR(O26*($O$9/100),""))+IF(S26="","",IFERROR(S26*($S$9/100),"")),"") -> 71.2231 | BV26: =IF(BU26="","",BU26/$BU$9) -> 0.78267143 | BW26: =IFERROR(IF(H26="","",IFERROR(H26*($H$9/100),""))+IF(P26="","",IFERROR(P26*($P$9/100),""))+IF(T26="","",IFERROR(T26*($T$9/100),"")),"") -> 94.74 | BX26: =IF(BW26="","",BW26/$BW$9) -> 0.7702439 | CE26: =IF(V26="","",IFERROR(V26*($V$9/100),"")) -> 36.4 | CF26: =IF(CE26="","",CE26/$CE$9) -> 0.728 | CG26: =IF(W26="","",IFERROR(W26*($W$9/100),"")) -> 34.85 | CH26: =IF(CG26="","",CG26/$CG$9) -> 0.697 | CR26: =IF(CQ26="","",CQ26/$CQ$9) | CT26: =IF(CS26="","",CS26/$CS$9) | DT26: =IF(DS26="","",DS26/$DS$9) | DZ26: =IF(DY26="","",DY26/$DY$9) | EC26: =IF(J26="","",IFERROR(J26*($J$9/100),"")) -> 12.7008 | ED26: =IF(EC26="","",EC26/$EC$9) -> 0.7938 | EF26: =IF(EE26="","",EE26/$EE$9) | EH26: =IF(EG26="","",EG26/$EG$9) | EI26: =IF(K26="","",IFERROR(K26*($K$9/100),"")) -> 35.0505 | EJ26: =IF(EI26="","",EI26/$EI$9) -> 0.7789 | EM26: =IF(L26="","",IFERROR(L26*($L$9/100),"")) -> 30.5994 | EN26: =IF(EM26="","",EM26/$EM$9) -> 0.7846 | EP26: =IF(EO26="","",EO26/$EO$9) | ET26: =IF(ES26="","",ES26/$ES$9) | EV26: =IF(EU26="","",EU26/$EU$9)
A27: 17 | B27: 24.05.52.0019 | C27: KADIZHA OKTI FAUSTA | D27: ='MK1-TM'!D35 -> 71.25 | E27: ='MK1-TM'!E35 -> 70.33 | F27: ='MK1-TM'!F35 -> 67.25 | G27: ='MK1-TM'!G35 -> 48.86 | H27: ='MK1-TM'!H35 -> 48.15 | I27: =IFERROR((D27*($D$9/100))+(E27*($E$9/100))+(F27*($F$9/100))+(G27*($G$9/100))+(H27*($H$9/100)),"") -> 69.6665 | J27: ='MK2-TO'!D35 -> 78.13 | K27: ='MK2-TO'!E35 -> 78.33 | L27: ='MK2-TO'!F35 -> 81.03 | M27: =IFERROR((J27*($J$9/100))+(K27*($K$9/100)+(L27*($L$9/100))),"") -> 79.351 | N27: ='MK3-PSTI'!D35 -> 76.71 | O27: ='MK3-PSTI'!E35 -> 73.71 | P27: ='MK3-PSTI'!F35 -> 69.9 | Q27: =IFERROR((N27*($N$9/100))+(O27*($O$9/100))+(P27*($P$9/100)),"") -> 72.3531 | R27: =IF('MK4-L&A'!D35="","",'MK4-L&A'!D35) -> 91.67 | S27: ='MK4-L&A'!E35 -> 90.91 | T27: ='MK4-L&A'!F35 -> 69.39 | U27: =IFERROR((R27*($R$9/100))+(S27*($S$9/100))+(T27*($T$9/100)),"") -> 80.502 | V27: ='MK5-BP'!D35 -> 69.3 | W27: ='MK5-BP'!E35 -> 68.6 | X27: =IFERROR((V27*($V$9/100))+(W27*($W$9/100)),"") -> 68.95 | Y27: =IF('MK7-MBD'!D34="","",'MK7-MBD'!D34) -> 83.5 | Z27: =IF('MK7-MBD'!E34="","",'MK7-MBD'!E34) -> 83.5 | AA27: =IFERROR((Y27*($V$9/100))+(Z27*($W$9/100)),"") -> 83.5 | AB27: =IF(MK8_BID!D35="","",MK8_BID!D35) -> 81.4 | AC27: =IFERROR((AB27*($AB$9/100)),"") -> 81.4 | BI27: =IF(Y27="","",IFERROR(Y27*($Y$9/100),"")) -> 41.75 | BJ27: =IF(BI27="","",BI27/$BI$9) -> 0.835 | BK27: =IFERROR(IF(Z27="","",IFERROR(Z27*($Z$9/100),""))+IF(AB27="","",IFERROR(AB27*($AB$9/100),"")),"") -> 123.15 | BL27: =IF(BK27="","",BK27/$BK$9) -> 0.821 | BN27: =IF(BM27="","",BM27/$BM$9) | BO27: =IFERROR(IF(D27="","",IFERROR(D27*($D$9/100),""))+IF(N27="","",IFERROR(N27*($N$9/100),"")),"") -> 28.0032 | BP27: =IF(BO27="","",BO27/$BO$9) -> 0.73692632 | BQ27: =IF(E27="","",IFERROR(E27*($E$9/100),"")) -> 15.4726 | BR27: =IF(BQ27="","",BQ27/$BQ$9) -> 0.7033 | BS27: =IFERROR(IF(F27="","",IFERROR(F27*($F$9/100),""))+IF(R27="","",IFERROR(R27*($R$9/100),"")),"") -> 31.9681 | BT27: =IF(BS27="","",BS27/$BS$9) -> 0.77970976 | BU27: =IFERROR(IF(G27="","",IFERROR(G27*($G$9/100),""))+IF(O27="","",IFERROR(O27*($O$9/100),""))+IF(S27="","",IFERROR(S27*($S$9/100),"")),"") -> 66.7881 | BV27: =IF(BU27="","",BU27/$BU$9) -> 0.73393516 | BW27: =IFERROR(IF(H27="","",IFERROR(H27*($H$9/100),""))+IF(P27="","",IFERROR(P27*($P$9/100),""))+IF(T27="","",IFERROR(T27*($T$9/100),"")),"") -> 80.2896 | BX27: =IF(BW27="","",BW27/$BW$9) -> 0.65276098 | CE27: =IF(V27="","",IFERROR(V27*($V$9/100),"")) -> 34.65 | CF27: =IF(CE27="","",CE27/$CE$9) -> 0.693 | CG27: =IF(W27="","",IFERROR(W27*($W$9/100),"")) -> 34.3 | CH27: =IF(CG27="","",CG27/$CG$9) -> 0.686 | CR27: =IF(CQ27="","",CQ27/$CQ$9) | CT27: =IF(CS27="","",CS27/$CS$9) | DT27: =IF(DS27="","",DS27/$DS$9) | DZ27: =IF(DY27="","",DY27/$DY$9) | EC27: =IF(J27="","",IFERROR(J27*($J$9/100),"")) -> 12.5008 | ED27: =IF(EC27="","",EC27/$EC$9) -> 0.7813 | EF27: =IF(EE27="","",EE27/$EE$9) | EH27: =IF(EG27="","",EG27/$EG$9) | EI27: =IF(K27="","",IFERROR(K27*($K$9/100),"")) -> 35.2485 | EJ27: =IF(EI27="","",EI27/$EI$9) -> 0.7833 | EM27: =IF(L27="","",IFERROR(L27*($L$9/100),"")) -> 31.6017 | EN27: =IF(EM27="","",EM27/$EM$9) -> 0.8103 | EP27: =IF(EO27="","",EO27/$EO$9) | ET27: =IF(ES27="","",ES27/$ES$9) | EV27: =IF(EU27="","",EU27/$EU$9)
A28: 18 | B28: 24.05.52.0020 | C28: FIRMAN AKBAR SAMUDRA | D28: ='MK1-TM'!D36 -> 78.5 | E28: ='MK1-TM'!E36 -> 78.07 | F28: ='MK1-TM'!F36 -> 77.55 | G28: ='MK1-TM'!G36 -> 54.14 | H28: ='MK1-TM'!H36 -> 54.56 | I28: =IFERROR((D28*($D$9/100))+(E28*($E$9/100))+(F28*($F$9/100))+(G28*($G$9/100))+(H28*($H$9/100)),"") -> 78.1305 | J28: ='MK2-TO'!D36 -> 75 | K28: ='MK2-TO'!E36 -> 74.44 | L28: ='MK2-TO'!F36 -> 78.85 | M28: =IFERROR((J28*($J$9/100))+(K28*($K$9/100)+(L28*($L$9/100))),"") -> 76.2495 | N28: ='MK3-PSTI'!D36 -> 82.59 | O28: ='MK3-PSTI'!E36 -> 80.47 | P28: ='MK3-PSTI'!F36 -> 82.55 | Q28: =IFERROR((N28*($N$9/100))+(O28*($O$9/100))+(P28*($P$9/100)),"") -> 81.8496 | R28: =IF('MK4-L&A'!D36="","",'MK4-L&A'!D36) -> 86.11 | S28: ='MK4-L&A'!E36 -> 83.33 | T28: ='MK4-L&A'!F36 -> 62.24 | U28: =IFERROR((R28*($R$9/100))+(S28*($S$9/100))+(T28*($T$9/100)),"") -> 73.4963 | V28: ='MK5-BP'!D36 -> 77.7 | W28: ='MK5-BP'!E36 -> 77.6 | X28: =IFERROR((V28*($V$9/100))+(W28*($W$9/100)),"") -> 77.65 | Y28: =IF('MK7-MBD'!D35="","",'MK7-MBD'!D35) -> 93.4 | Z28: =IF('MK7-MBD'!E35="","",'MK7-MBD'!E35) -> 93.4 | AA28: =IFERROR((Y28*($V$9/100))+(Z28*($W$9/100)),"") -> 93.4 | AB28: =IF(MK8_BID!D36="","",MK8_BID!D36) -> 85.55 | AC28: =IFERROR((AB28*($AB$9/100)),"") -> 85.55 | BI28: =IF(Y28="","",IFERROR(Y28*($Y$9/100),"")) -> 46.7 | BJ28: =IF(BI28="","",BI28/$BI$9) -> 0.934 | BK28: =IFERROR(IF(Z28="","",IFERROR(Z28*($Z$9/100),""))+IF(AB28="","",IFERROR(AB28*($AB$9/100),"")),"") -> 132.25 | BL28: =IF(BK28="","",BK28/$BK$9) -> 0.88166667 | BN28: =IF(BM28="","",BM28/$BM$9) | BO28: =IFERROR(IF(D28="","",IFERROR(D28*($D$9/100),""))+IF(N28="","",IFERROR(N28*($N$9/100),"")),"") -> 30.5253 | BP28: =IF(BO28="","",BO28/$BO$9) -> 0.80329737 | BQ28: =IF(E28="","",IFERROR(E28*($E$9/100),"")) -> 17.1754 | BR28: =IF(BQ28="","",BQ28/$BQ$9) -> 0.7807 | BS28: =IFERROR(IF(F28="","",IFERROR(F28*($F$9/100),""))+IF(R28="","",IFERROR(R28*($R$9/100),"")),"") -> 33.3363 | BT28: =IF(BS28="","",BS28/$BS$9) -> 0.81308049 | BU28: =IFERROR(IF(G28="","",IFERROR(G28*($G$9/100),""))+IF(O28="","",IFERROR(O28*($O$9/100),""))+IF(S28="","",IFERROR(S28*($S$9/100),"")),"") -> 67.8523 | BV28: =IF(BU28="","",BU28/$BU$9) -> 0.74562967 | BW28: =IFERROR(IF(H28="","",IFERROR(H28*($H$9/100),""))+IF(P28="","",IFERROR(P28*($P$9/100),""))+IF(T28="","",IFERROR(T28*($T$9/100),"")),"") -> 84.5871 | BX28: =IF(BW28="","",BW28/$BW$9) -> 0.6877 | CE28: =IF(V28="","",IFERROR(V28*($V$9/100),"")) -> 38.85 | CF28: =IF(CE28="","",CE28/$CE$9) -> 0.777 | CG28: =IF(W28="","",IFERROR(W28*($W$9/100),"")) -> 38.8 | CH28: =IF(CG28="","",CG28/$CG$9) -> 0.776 | CR28: =IF(CQ28="","",CQ28/$CQ$9) | CT28: =IF(CS28="","",CS28/$CS$9) | DT28: =IF(DS28="","",DS28/$DS$9) | DZ28: =IF(DY28="","",DY28/$DY$9) | EC28: =IF(J28="","",IFERROR(J28*($J$9/100),"")) -> 12 | ED28: =IF(EC28="","",EC28/$EC$9) -> 0.75 | EF28: =IF(EE28="","",EE28/$EE$9) | EH28: =IF(EG28="","",EG28/$EG$9) | EI28: =IF(K28="","",IFERROR(K28*($K$9/100),"")) -> 33.498 | EJ28: =IF(EI28="","",EI28/$EI$9) -> 0.7444 | EM28: =IF(L28="","",IFERROR(L28*($L$9/100),"")) -> 30.7515 | EN28: =IF(EM28="","",EM28/$EM$9) -> 0.7885 | EP28: =IF(EO28="","",EO28/$EO$9) | ET28: =IF(ES28="","",ES28/$ES$9) | EV28: =IF(EU28="","",EU28/$EU$9)
A29: 19 | B29: 24.05.52.0021 | C29: JESSICA OKTAVIANA BASTAMAN | D29: ='MK1-TM'!D37 -> 68.5 | E29: ='MK1-TM'!E37 -> 67.07 | F29: ='MK1-TM'!F37 -> 62.9 | G29: ='MK1-TM'!G37 -> 55.68 | H29: ='MK1-TM'!H37 -> 55.56 | I29: =IFERROR((D29*($D$9/100))+(E29*($E$9/100))+(F29*($F$9/100))+(G29*($G$9/100))+(H29*($H$9/100)),"") -> 70.8606 | J29: ='MK2-TO'!D37 -> 77.5 | K29: ='MK2-TO'!E37 -> 75.11 | L29: ='MK2-TO'!F37 -> 74.62 | M29: =IFERROR((J29*($J$9/100))+(K29*($K$9/100)+(L29*($L$9/100))),"") -> 75.3013 | N29: ='MK3-PSTI'!D37 -> 80.35 | O29: ='MK3-PSTI'!E37 -> 77.91 | P29: ='MK3-PSTI'!F37 -> 69.9 | Q29: =IFERROR((N29*($N$9/100))+(O29*($O$9/100))+(P29*($P$9/100)),"") -> 74.3999 | R29: =IF('MK4-L&A'!D37="","",'MK4-L&A'!D37) -> 91.67 | S29: ='MK4-L&A'!E37 -> 90.91 | T29: ='MK4-L&A'!F37 -> 80.1 | U29: =IFERROR((R29*($R$9/100))+(S29*($S$9/100))+(T29*($T$9/100)),"") -> 85.7499 | V29: ='MK5-BP'!D37 -> 77.8 | W29: ='MK5-BP'!E37 -> 77 | X29: =IFERROR((V29*($V$9/100))+(W29*($W$9/100)),"") -> 77.4 | Y29: =IF('MK7-MBD'!D36="","",'MK7-MBD'!D36) -> 83.25 | Z29: =IF('MK7-MBD'!E36="","",'MK7-MBD'!E36) -> 83.25 | AA29: =IFERROR((Y29*($V$9/100))+(Z29*($W$9/100)),"") -> 83.25 | AB29: =IF(MK8_BID!D37="","",MK8_BID!D37) -> 86.95 | AC29: =IFERROR((AB29*($AB$9/100)),"") -> 86.95 | BI29: =IF(Y29="","",IFERROR(Y29*($Y$9/100),"")) -> 41.625 | BJ29: =IF(BI29="","",BI29/$BI$9) -> 0.8325 | BK29: =IFERROR(IF(Z29="","",IFERROR(Z29*($Z$9/100),""))+IF(AB29="","",IFERROR(AB29*($AB$9/100),"")),"") -> 128.575 | BL29: =IF(BK29="","",BK29/$BK$9) -> 0.85716667 | BN29: =IF(BM29="","",BM29/$BM$9) | BO29: =IFERROR(IF(D29="","",IFERROR(D29*($D$9/100),""))+IF(N29="","",IFERROR(N29*($N$9/100),"")),"") -> 28.0445 | BP29: =IF(BO29="","",BO29/$BO$9) -> 0.73801316 | BQ29: =IF(E29="","",IFERROR(E29*($E$9/100),"")) -> 14.7554 | BR29: =IF(BQ29="","",BQ29/$BQ$9) -> 0.6707 | BS29: =IFERROR(IF(F29="","",IFERROR(F29*($F$9/100),""))+IF(R29="","",IFERROR(R29*($R$9/100),"")),"") -> 30.9676 | BT29: =IF(BS29="","",BS29/$BS$9) -> 0.75530732 | BU29: =IFERROR(IF(G29="","",IFERROR(G29*($G$9/100),""))+IF(O29="","",IFERROR(O29*($O$9/100),""))+IF(S29="","",IFERROR(S29*($S$9/100),"")),"") -> 69.8529 | BV29: =IF(BU29="","",BU29/$BU$9) -> 0.76761429 | BW29: =IFERROR(IF(H29="","",IFERROR(H29*($H$9/100),""))+IF(P29="","",IFERROR(P29*($P$9/100),""))+IF(T29="","",IFERROR(T29*($T$9/100),"")),"") -> 87.39 | BX29: =IF(BW29="","",BW29/$BW$9) -> 0.7104878 | CE29: =IF(V29="","",IFERROR(V29*($V$9/100),"")) -> 38.9 | CF29: =IF(CE29="","",CE29/$CE$9) -> 0.778 | CG29: =IF(W29="","",IFERROR(W29*($W$9/100),"")) -> 38.5 | CH29: =IF(CG29="","",CG29/$CG$9) -> 0.77 | CR29: =IF(CQ29="","",CQ29/$CQ$9) | CT29: =IF(CS29="","",CS29/$CS$9) | DT29: =IF(DS29="","",DS29/$DS$9) | DZ29: =IF(DY29="","",DY29/$DY$9) | EC29: =IF(J29="","",IFERROR(J29*($J$9/100),"")) -> 12.4 | ED29: =IF(EC29="","",EC29/$EC$9) -> 0.775 | EF29: =IF(EE29="","",EE29/$EE$9) | EH29: =IF(EG29="","",EG29/$EG$9) | EI29: =IF(K29="","",IFERROR(K29*($K$9/100),"")) -> 33.7995 | EJ29: =IF(EI29="","",EI29/$EI$9) -> 0.7511 | EM29: =IF(L29="","",IFERROR(L29*($L$9/100),"")) -> 29.1018 | EN29: =IF(EM29="","",EM29/$EM$9) -> 0.7462 | EP29: =IF(EO29="","",EO29/$EO$9) | ET29: =IF(ES29="","",ES29/$ES$9) | EV29: =IF(EU29="","",EU29/$EU$9)
A30: 20 | B30: 24.05.52.0022 | C30: AHMAD NABIL FEBRI SAPUTRA | D30: ='MK1-TM'!D38 -> 76.13 | E30: ='MK1-TM'!E38 -> 75.2 | F30: ='MK1-TM'!F38 -> 73.65 | G30: ='MK1-TM'!G38 -> 51.27 | H30: ='MK1-TM'!H38 -> 51.07 | I30: =IFERROR((D30*($D$9/100))+(E30*($E$9/100))+(F30*($F$9/100))+(G30*($G$9/100))+(H30*($H$9/100)),"") -> 74.5431 | J30: ='MK2-TO'!D38 -> 68.75 | K30: ='MK2-TO'!E38 -> 69.56 | L30: ='MK2-TO'!F38 -> 79.49 | M30: =IFERROR((J30*($J$9/100))+(K30*($K$9/100)+(L30*($L$9/100))),"") -> 73.3031 | N30: ='MK3-PSTI'!D38 -> 70.35 | O30: ='MK3-PSTI'!E38 -> 66 | P30: ='MK3-PSTI'!F38 -> 74.08 | Q30: =IFERROR((N30*($N$9/100))+(O30*($O$9/100))+(P30*($P$9/100)),"") -> 70.6987 | R30: =IF('MK4-L&A'!D38="","",'MK4-L&A'!D38) -> 86.11 | S30: ='MK4-L&A'!E38 -> 83.33 | T30: ='MK4-L&A'!F38 -> 90.82 | U30: =IFERROR((R30*($R$9/100))+(S30*($S$9/100))+(T30*($T$9/100)),"") -> 87.5005 | V30: ='MK5-BP'!D38 -> 82 | W30: ='MK5-BP'!E38 -> 82 | X30: =IFERROR((V30*($V$9/100))+(W30*($W$9/100)),"") -> 82 | Y30: =IF('MK7-MBD'!D37="","",'MK7-MBD'!D37) -> 77.9 | Z30: =IF('MK7-MBD'!E37="","",'MK7-MBD'!E37) -> 77.9 | AA30: =IFERROR((Y30*($V$9/100))+(Z30*($W$9/100)),"") -> 77.9 | AB30: =IF(MK8_BID!D38="","",MK8_BID!D38) -> 81.4 | AC30: =IFERROR((AB30*($AB$9/100)),"") -> 81.4 | BI30: =IF(Y30="","",IFERROR(Y30*($Y$9/100),"")) -> 38.95 | BJ30: =IF(BI30="","",BI30/$BI$9) -> 0.779 | BK30: =IFERROR(IF(Z30="","",IFERROR(Z30*($Z$9/100),""))+IF(AB30="","",IFERROR(AB30*($AB$9/100),"")),"") -> 120.35 | BL30: =IF(BK30="","",BK30/$BK$9) -> 0.80233333 | BN30: =IF(BM30="","",BM30/$BM$9) | BO30: =IFERROR(IF(D30="","",IFERROR(D30*($D$9/100),""))+IF(N30="","",IFERROR(N30*($N$9/100),"")),"") -> 27.9468 | BP30: =IF(BO30="","",BO30/$BO$9) -> 0.73544211 | BQ30: =IF(E30="","",IFERROR(E30*($E$9/100),"")) -> 16.544 | BR30: =IF(BQ30="","",BQ30/$BQ$9) -> 0.752 | BS30: =IFERROR(IF(F30="","",IFERROR(F30*($F$9/100),""))+IF(R30="","",IFERROR(R30*($R$9/100),"")),"") -> 32.4393 | BT30: =IF(BS30="","",BS30/$BS$9) -> 0.79120244 | BU30: =IFERROR(IF(G30="","",IFERROR(G30*($G$9/100),""))+IF(O30="","",IFERROR(O30*($O$9/100),""))+IF(S30="","",IFERROR(S30*($S$9/100),"")),"") -> 62.2437 | BV30: =IF(BU30="","",BU30/$BU$9) -> 0.6839967 | BW30: =IFERROR(IF(H30="","",IFERROR(H30*($H$9/100),""))+IF(P30="","",IFERROR(P30*($P$9/100),""))+IF(T30="","",IFERROR(T30*($T$9/100),"")),"") -> 93.5685 | BX30: =IF(BW30="","",BW30/$BW$9) -> 0.76071951 | CE30: =IF(V30="","",IFERROR(V30*($V$9/100),"")) -> 41 | CF30: =IF(CE30="","",CE30/$CE$9) -> 0.82 | CG30: =IF(W30="","",IFERROR(W30*($W$9/100),"")) -> 41 | CH30: =IF(CG30="","",CG30/$CG$9) -> 0.82 | CR30: =IF(CQ30="","",CQ30/$CQ$9) | CT30: =IF(CS30="","",CS30/$CS$9) | DT30: =IF(DS30="","",DS30/$DS$9) | DZ30: =IF(DY30="","",DY30/$DY$9) | EC30: =IF(J30="","",IFERROR(J30*($J$9/100),"")) -> 11 | ED30: =IF(EC30="","",EC30/$EC$9) -> 0.6875 | EF30: =IF(EE30="","",EE30/$EE$9) | EH30: =IF(EG30="","",EG30/$EG$9) | EI30: =IF(K30="","",IFERROR(K30*($K$9/100),"")) -> 31.302 | EJ30: =IF(EI30="","",EI30/$EI$9) -> 0.6956 | EM30: =IF(L30="","",IFERROR(L30*($L$9/100),"")) -> 31.0011 | EN30: =IF(EM30="","",EM30/$EM$9) -> 0.7949 | EP30: =IF(EO30="","",EO30/$EO$9) | ET30: =IF(ES30="","",ES30/$ES$9) | EV30: =IF(EU30="","",EU30/$EU$9)
A31: 21 | B31: 24.05.52.0023 | C31: NABILA SASKIA PUTRI | D31: ='MK1-TM'!D39 -> 52.38 | E31: ='MK1-TM'!E39 -> 50.2 | F31: ='MK1-TM'!F39 -> 44.9 | G31: ='MK1-TM'!G39 -> 58.09 | H31: ='MK1-TM'!H39 -> 58.48 | I31: =IFERROR((D31*($D$9/100))+(E31*($E$9/100))+(F31*($F$9/100))+(G31*($G$9/100))+(H31*($H$9/100)),"") -> 60.9324 | J31: ='MK2-TO'!D39 -> 68.75 | K31: ='MK2-TO'!E39 -> 65.56 | L31: ='MK2-TO'!F39 -> 64.1 | M31: =IFERROR((J31*($J$9/100))+(K31*($K$9/100)+(L31*($L$9/100))),"") -> 65.501 | N31: ='MK3-PSTI'!D39 -> 77.29 | O31: ='MK3-PSTI'!E39 -> 74.15 | P31: ='MK3-PSTI'!F39 -> 59.18 | Q31: =IFERROR((N31*($N$9/100))+(O31*($O$9/100))+(P31*($P$9/100)),"") -> 67.3485 | R31: =IF('MK4-L&A'!D39="","",'MK4-L&A'!D39) -> 91.67 | S31: ='MK4-L&A'!E39 -> 90.91 | T31: ='MK4-L&A'!F39 -> 62.24 | U31: =IFERROR((R31*($R$9/100))+(S31*($S$9/100))+(T31*($T$9/100)),"") -> 76.9985 | V31: ='MK5-BP'!D39 -> 67.6 | W31: ='MK5-BP'!E39 -> 68.3 | X31: =IFERROR((V31*($V$9/100))+(W31*($W$9/100)),"") -> 67.95 | Y31: =IF('MK7-MBD'!D38="","",'MK7-MBD'!D38) -> 82.9 | Z31: =IF('MK7-MBD'!E38="","",'MK7-MBD'!E38) -> 82.9 | AA31: =IFERROR((Y31*($V$9/100))+(Z31*($W$9/100)),"") -> 82.9 | AB31: =IF(MK8_BID!D39="","",MK8_BID!D39) -> 81.4 | AC31: =IFERROR((AB31*($AB$9/100)),"") -> 81.4 | BI31: =IF(Y31="","",IFERROR(Y31*($Y$9/100),"")) -> 41.45 | BJ31: =IF(BI31="","",BI31/$BI$9) -> 0.829 | BK31: =IFERROR(IF(Z31="","",IFERROR(Z31*($Z$9/100),""))+IF(AB31="","",IFERROR(AB31*($AB$9/100),"")),"") -> 122.85 | BL31: =IF(BK31="","",BK31/$BK$9) -> 0.819 | BN31: =IF(BM31="","",BM31/$BM$9) | BO31: =IFERROR(IF(D31="","",IFERROR(D31*($D$9/100),""))+IF(N31="","",IFERROR(N31*($N$9/100),"")),"") -> 24.1391 | BP31: =IF(BO31="","",BO31/$BO$9) -> 0.63523947 | BQ31: =IF(E31="","",IFERROR(E31*($E$9/100),"")) -> 11.044 | BR31: =IF(BQ31="","",BQ31/$BQ$9) -> 0.502 | BS31: =IFERROR(IF(F31="","",IFERROR(F31*($F$9/100),""))+IF(R31="","",IFERROR(R31*($R$9/100),"")),"") -> 26.8276 | BT31: =IF(BS31="","",BS31/$BS$9) -> 0.65433171 | BU31: =IFERROR(IF(G31="","",IFERROR(G31*($G$9/100),""))+IF(O31="","",IFERROR(O31*($O$9/100),""))+IF(S31="","",IFERROR(S31*($S$9/100),"")),"") -> 69.1529 | BV31: =IF(BU31="","",BU31/$BU$9) -> 0.75992198 | BW31: =IFERROR(IF(H31="","",IFERROR(H31*($H$9/100),""))+IF(P31="","",IFERROR(P31*($P$9/100),""))+IF(T31="","",IFERROR(T31*($T$9/100),"")),"") -> 74.1158 | BX31: =IF(BW31="","",BW31/$BW$9) -> 0.60256748 | CE31: =IF(V31="","",IFERROR(V31*($V$9/100),"")) -> 33.8 | CF31: =IF(CE31="","",CE31/$CE$9) -> 0.676 | CG31: =IF(W31="","",IFERROR(W31*($W$9/100),"")) -> 34.15 | CH31: =IF(CG31="","",CG31/$CG$9) -> 0.683 | CR31: =IF(CQ31="","",CQ31/$CQ$9) | CT31: =IF(CS31="","",CS31/$CS$9) | DT31: =IF(DS31="","",DS31/$DS$9) | DZ31: =IF(DY31="","",DY31/$DY$9) | EC31: =IF(J31="","",IFERROR(J31*($J$9/100),"")) -> 11 | ED31: =IF(EC31="","",EC31/$EC$9) -> 0.6875 | EF31: =IF(EE31="","",EE31/$EE$9) | EH31: =IF(EG31="","",EG31/$EG$9) | EI31: =IF(K31="","",IFERROR(K31*($K$9/100),"")) -> 29.502 | EJ31: =IF(EI31="","",EI31/$EI$9) -> 0.6556 | EM31: =IF(L31="","",IFERROR(L31*($L$9/100),"")) -> 24.999 | EN31: =IF(EM31="","",EM31/$EM$9) -> 0.641 | EP31: =IF(EO31="","",EO31/$EO$9) | ET31: =IF(ES31="","",ES31/$ES$9) | EV31: =IF(EU31="","",EU31/$EU$9)
... A33: 23 | B33: 24.05.52.0026 | C33: ALIFVINDA MUTIARA BALQIS | D33: ='MK1-TM'!D41 -> 85.5 | E33: ='MK1-TM'!E41 -> 85.2 | F33: ='MK1-TM'!F41 -> 84.4 | G33: ='MK1-TM'!G41 -> 51.73 | H33: ='MK1-TM'!H41 -> 51.63 | I33: =IFERROR((D33*($D$9/100))+(E33*($E$9/100))+(F33*($F$9/100))+(G33*($G$9/100))+(H33*($H$9/100)),"") -> 81.4337 | J33: ='MK2-TO'!D41 -> 75 | K33: ='MK2-TO'!E41 -> 73.33 | L33: ='MK2-TO'!F41 -> 75 | M33: =IFERROR((J33*($J$9/100))+(K33*($K$9/100)+(L33*($L$9/100))),"") -> 74.2485 | N33: ='MK3-PSTI'!D41 -> 70.82 | O33: ='MK3-PSTI'!E41 -> 66.35 | P33: ='MK3-PSTI'!F41 -> 69.9 | Q33: =IFERROR((N33*($N$9/100))+(O33*($O$9/100))+(P33*($P$9/100)),"") -> 68.8494 | R33: =IF('MK4-L&A'!D41="","",'MK4-L&A'!D41) -> 91.67 | S33: ='MK4-L&A'!E41 -> 90.91 | T33: ='MK4-L&A'!F41 -> 69.39 | U33: =IFERROR((R33*($R$9/100))+(S33*($S$9/100))+(T33*($T$9/100)),"") -> 80.502 | V33: ='MK5-BP'!D41 -> 81.4 | W33: ='MK5-BP'!E41 -> 81.4 | X33: =IFERROR((V33*($V$9/100))+(W33*($W$9/100)),"") -> 81.4 | Y33: =IF('MK7-MBD'!D40="","",'MK7-MBD'!D40) -> 92.75 | Z33: =IF('MK7-MBD'!E40="","",'MK7-MBD'!E40) -> 92.75 | AA33: =IFERROR((Y33*($V$9/100))+(Z33*($W$9/100)),"") -> 92.75 | AB33: =IF(MK8_BID!D41="","",MK8_BID!D41) -> 81.4 | AC33: =IFERROR((AB33*($AB$9/100)),"") -> 81.4 | BI33: =IF(Y33="","",IFERROR(Y33*($Y$9/100),"")) -> 46.375 | BJ33: =IF(BI33="","",BI33/$BI$9) -> 0.9275 | BK33: =IFERROR(IF(Z33="","",IFERROR(Z33*($Z$9/100),""))+IF(AB33="","",IFERROR(AB33*($AB$9/100),"")),"") -> 127.775 | BL33: =IF(BK33="","",BK33/$BK$9) -> 0.85183333 | BN33: =IF(BM33="","",BM33/$BM$9) | BO33: =IFERROR(IF(D33="","",IFERROR(D33*($D$9/100),""))+IF(N33="","",IFERROR(N33*($N$9/100),"")),"") -> 29.9944 | BP33: =IF(BO33="","",BO33/$BO$9) -> 0.78932632 | BQ33: =IF(E33="","",IFERROR(E33*($E$9/100),"")) -> 18.744 | BR33: =IF(BQ33="","",BQ33/$BQ$9) -> 0.852 | BS33: =IFERROR(IF(F33="","",IFERROR(F33*($F$9/100),""))+IF(R33="","",IFERROR(R33*($R$9/100),"")),"") -> 35.9126 | BT33: =IF(BS33="","",BS33/$BS$9) -> 0.87591707 | BU33: =IFERROR(IF(G33="","",IFERROR(G33*($G$9/100),""))+IF(O33="","",IFERROR(O33*($O$9/100),""))+IF(S33="","",IFERROR(S33*($S$9/100),"")),"") -> 64.9745 | BV33: =IF(BU33="","",BU33/$BU$9) -> 0.71400549 | BW33: =IFERROR(IF(H33="","",IFERROR(H33*($H$9/100),""))+IF(P33="","",IFERROR(P33*($P$9/100),""))+IF(T33="","",IFERROR(T33*($T$9/100),"")),"") -> 81.1596 | BX33: =IF(BW33="","",BW33/$BW$9) -> 0.65983415 | CE33: =IF(V33="","",IFERROR(V33*($V$9/100),"")) -> 40.7 | CF33: =IF(CE33="","",CE33/$CE$9) -> 0.814 | CG33: =IF(W33="","",IFERROR(W33*($W$9/100),"")) -> 40.7 | CH33: =IF(CG33="","",CG33/$CG$9) -> 0.814 | CR33: =IF(CQ33="","",CQ33/$CQ$9) | CT33: =IF(CS33="","",CS33/$CS$9) | DT33: =IF(DS33="","",DS33/$DS$9) | DZ33: =IF(DY33="","",DY33/$DY$9) | EC33: =IF(J33="","",IFERROR(J33*($J$9/100),"")) -> 12 | ED33: =IF(EC33="","",EC33/$EC$9) -> 0.75 | EF33: =IF(EE33="","",EE33/$EE$9) | EH33: =IF(EG33="","",EG33/$EG$9) | EI33: =IF(K33="","",IFERROR(K33*($K$9/100),"")) -> 32.9985 | EJ33: =IF(EI33="","",EI33/$EI$9) -> 0.7333 | EM33: =IF(L33="","",IFERROR(L33*($L$9/100),"")) -> 29.25 | EN33: =IF(EM33="","",EM33/$EM$9) -> 0.75 | EP33: =IF(EO33="","",EO33/$EO$9) | ET33: =IF(ES33="","",ES33/$ES$9) | EV33: =IF(EU33="","",EU33/$EU$9)
A34: 24 | B34: 24.05.72.0003 | C34: AULIA CHICHI ANGGRAENI | D34: ='MK1-TM'!D42 -> 74.25 | E34: ='MK1-TM'!E42 -> 73.2 | F34: ='MK1-TM'!F42 -> 71.4 | G34: ='MK1-TM'!G42 -> 67.41 | H34: ='MK1-TM'!H42 -> 68.67 | I34: =IFERROR((D34*($D$9/100))+(E34*($E$9/100))+(F34*($F$9/100))+(G34*($G$9/100))+(H34*($H$9/100)),"") -> 81.4644 | J34: ='MK2-TO'!D42 -> 75 | K34: ='MK2-TO'!E42 -> 73.33 | L34: ='MK2-TO'!F42 -> 74.62 | M34: =IFERROR((J34*($J$9/100))+(K34*($K$9/100)+(L34*($L$9/100))),"") -> 74.1003 | N34: ='MK3-PSTI'!D42 -> 82.59 | O34: ='MK3-PSTI'!E42 -> 80.47 | P34: ='MK3-PSTI'!F42 -> 75.61 | Q34: =IFERROR((N34*($N$9/100))+(O34*($O$9/100))+(P34*($P$9/100)),"") -> 78.449 | R34: =IF('MK4-L&A'!D42="","",'MK4-L&A'!D42) -> 86.11 | S34: ='MK4-L&A'!E42 -> 83.33 | T34: ='MK4-L&A'!F42 -> 80.1 | U34: =IFERROR((R34*($R$9/100))+(S34*($S$9/100))+(T34*($T$9/100)),"") -> 82.2477 | V34: ='MK5-BP'!D42 -> 77.2 | W34: ='MK5-BP'!E42 -> 77.8 | X34: =IFERROR((V34*($V$9/100))+(W34*($W$9/100)),"") -> 77.5 | Y34: =IF('MK7-MBD'!D41="","",'MK7-MBD'!D41) -> 84.8 | Z34: =IF('MK7-MBD'!E41="","",'MK7-MBD'!E41) -> 84.8 | AA34: =IFERROR((Y34*($V$9/100))+(Z34*($W$9/100)),"") -> 84.8 | AB34: =IF(MK8_BID!D42="","",MK8_BID!D42) -> 86 | AC34: =IFERROR((AB34*($AB$9/100)),"") -> 86 | BI34: =IF(Y34="","",IFERROR(Y34*($Y$9/100),"")) -> 42.4 | BJ34: =IF(BI34="","",BI34/$BI$9) -> 0.848 | BK34: =IFERROR(IF(Z34="","",IFERROR(Z34*($Z$9/100),""))+IF(AB34="","",IFERROR(AB34*($AB$9/100),"")),"") -> 128.4 | BL34: =IF(BK34="","",BK34/$BK$9) -> 0.856 | BO34: =IFERROR(IF(D34="","",IFERROR(D34*($D$9/100),""))+IF(N34="","",IFERROR(N34*($N$9/100),"")),"") -> 29.6328 | BP34: =IF(BO34="","",BO34/$BO$9) -> 0.77981053 | BQ34: =IF(E34="","",IFERROR(E34*($E$9/100),"")) -> 16.104 | BR34: =IF(BQ34="","",BQ34/$BQ$9) -> 0.732 | BS34: =IFERROR(IF(F34="","",IFERROR(F34*($F$9/100),""))+IF(R34="","",IFERROR(R34*($R$9/100),"")),"") -> 31.9218 | BT34: =IF(BS34="","",BS34/$BS$9) -> 0.77858049 | BU34: =IFERROR(IF(G34="","",IFERROR(G34*($G$9/100),""))+IF(O34="","",IFERROR(O34*($O$9/100),""))+IF(S34="","",IFERROR(S34*($S$9/100),"")),"") -> 71.0371 | BV34: =IF(BU34="","",BU34/$BU$9) -> 0.78062747 | BW34: =IFERROR(IF(H34="","",IFERROR(H34*($H$9/100),""))+IF(P34="","",IFERROR(P34*($P$9/100),""))+IF(T34="","",IFERROR(T34*($T$9/100),"")),"") -> 93.4654 | BX34: =IF(BW34="","",BW34/$BW$9) -> 0.7598813 | CE34: =IF(V34="","",IFERROR(V34*($V$9/100),"")) -> 38.6 | CF34: =IF(CE34="","",CE34/$CE$9) -> 0.772 | CG34: =IF(W34="","",IFERROR(W34*($W$9/100),"")) -> 38.9 | CH34: =IF(CG34="","",CG34/$CG$9) -> 0.778 | EC34: =IF(J34="","",IFERROR(J34*($J$9/100),"")) -> 12 | ED34: =IF(EC34="","",EC34/$EC$9) -> 0.75 | EI34: =IF(K34="","",IFERROR(K34*($K$9/100),"")) -> 32.9985 | EJ34: =IF(EI34="","",EI34/$EI$9) -> 0.7333 | EM34: =IF(L34="","",IFERROR(L34*($L$9/100),"")) -> 29.1018 | EN34: =IF(EM34="","",EM34/$EM$9) -> 0.7462
A35: 25 | B35: 24.05.72.0004 | C35: TAN, JANINA SHINE DESTINY | D35: ='MK1-TM'!D43 -> 61.63 | E35: ='MK1-TM'!E43 -> 59.73 | F35: ='MK1-TM'!F43 -> 56.05 | G35: ='MK1-TM'!G43 -> 37.55 | H35: ='MK1-TM'!H43 -> 36.59 | I35: =IFERROR((D35*($D$9/100))+(E35*($E$9/100))+(F35*($F$9/100))+(G35*($G$9/100))+(H35*($H$9/100)),"") -> 57.1339 | J35: ='MK2-TO'!D43 -> 66.25 | K35: ='MK2-TO'!E43 -> 68.67 | L35: ='MK2-TO'!F43 -> 81.03 | M35: =IFERROR((J35*($J$9/100))+(K35*($K$9/100)+(L35*($L$9/100))),"") -> 73.1032 | N35: ='MK3-PSTI'!D43 -> 70.59 | O35: ='MK3-PSTI'!E43 -> 66.18 | P35: ='MK3-PSTI'!F43 -> 73.47 | Q35: =IFERROR((N35*($N$9/100))+(O35*($O$9/100))+(P35*($P$9/100)),"") -> 70.5018 | R35: =IF('MK4-L&A'!D43="","",'MK4-L&A'!D43) -> 86.11 | S35: ='MK4-L&A'!E43 -> 83.33 | T35: ='MK4-L&A'!F43 -> 62.24 | U35: =IFERROR((R35*($R$9/100))+(S35*($S$9/100))+(T35*($T$9/100)),"") -> 73.4963 | V35: ='MK5-BP'!D43 -> 69.3 | W35: ='MK5-BP'!E43 -> 68.9 | X35: =IFERROR((V35*($V$9/100))+(W35*($W$9/100)),"") -> 69.1 | Y35: =IF('MK7-MBD'!D42="","",'MK7-MBD'!D42) -> 83.4 | Z35: =IF('MK7-MBD'!E42="","",'MK7-MBD'!E42) -> 83.4 | AA35: =IFERROR((Y35*($V$9/100))+(Z35*($W$9/100)),"") -> 83.4 | AB35: =IF(MK8_BID!D43="","",MK8_BID!D43) -> 87.55 | AC35: =IFERROR((AB35*($AB$9/100)),"") -> 87.55 | BI35: =IF(Y35="","",IFERROR(Y35*($Y$9/100),"")) -> 41.7 | BJ35: =IF(BI35="","",BI35/$BI$9) -> 0.834 | BK35: =IFERROR(IF(Z35="","",IFERROR(Z35*($Z$9/100),""))+IF(AB35="","",IFERROR(AB35*($AB$9/100),"")),"") -> 129.25 | BL35: =IF(BK35="","",BK35/$BK$9) -> 0.86166667 | BO35: =IFERROR(IF(D35="","",IFERROR(D35*($D$9/100),""))+IF(N35="","",IFERROR(N35*($N$9/100),"")),"") -> 24.9426 | BP35: =IF(BO35="","",BO35/$BO$9) -> 0.65638421 | BQ35: =IF(E35="","",IFERROR(E35*($E$9/100),"")) -> 13.1406 | BR35: =IF(BQ35="","",BQ35/$BQ$9) -> 0.5973 | BS35: =IFERROR(IF(F35="","",IFERROR(F35*($F$9/100),""))+IF(R35="","",IFERROR(R35*($R$9/100),"")),"") -> 28.3913 | BT35: =IF(BS35="","",BS35/$BS$9) -> 0.69247073 | BU35: =IFERROR(IF(G35="","",IFERROR(G35*($G$9/100),""))+IF(O35="","",IFERROR(O35*($O$9/100),""))+IF(S35="","",IFERROR(S35*($S$9/100),"")),"") -> 59.0121 | BV35: =IF(BU35="","",BU35/$BU$9) -> 0.64848462 | BW35: =IFERROR(IF(H35="","",IFERROR(H35*($H$9/100),""))+IF(P35="","",IFERROR(P35*($P$9/100),""))+IF(T35="","",IFERROR(T35*($T$9/100),"")),"") -> 75.6454 | BX35: =IF(BW35="","",BW35/$BW$9) -> 0.61500325 | CE35: =IF(V35="","",IFERROR(V35*($V$9/100),"")) -> 34.65 | CF35: =IF(CE35="","",CE35/$CE$9) -> 0.693 | CG35: =IF(W35="","",IFERROR(W35*($W$9/100),"")) -> 34.45 | CH35: =IF(CG35="","",CG35/$CG$9) -> 0.689 | EC35: =IF(J35="","",IFERROR(J35*($J$9/100),"")) -> 10.6 | ED35: =IF(EC35="","",EC35/$EC$9) -> 0.6625 | EI35: =IF(K35="","",IFERROR(K35*($K$9/100),"")) -> 30.9015 | EJ35: =IF(EI35="","",EI35/$EI$9) -> 0.6867 | EM35: =IF(L35="","",IFERROR(L35*($L$9/100),"")) -> 31.6017 | EN35: =IF(EM35="","",EM35/$EM$9) -> 0.8103
A36: 26 | B36: 24.05.52.3001 | C36: ROFIQ MUHANDANU FAISAL K | D36: ='MK1-TM'!D44 -> 80.88 | E36: ='MK1-TM'!E44 -> 81 | F36: ='MK1-TM'!F44 -> 80.93 | G36: ='MK1-TM'!G44 -> 81.59 | H36: ='MK1-TM'!H44 -> 81.26 | I36: =IFERROR((D36*($D$9/100))+(E36*($E$9/100))+(F36*($F$9/100))+(G36*($G$9/100))+(H36*($H$9/100)),"") -> 93.3153 | J36: ='MK2-TO'!D44 -> 83.75 | K36: ='MK2-TO'!E44 -> 83.14 | L36: ='MK2-TO'!F44 -> 82.69 | M36: =IFERROR((J36*($J$9/100))+(K36*($K$9/100)+(L36*($L$9/100))),"") -> 83.0621 | N36: ='MK3-PSTI'!D44 -> 83.75 | O36: ='MK3-PSTI'!E44 -> 83.14 | P36: ='MK3-PSTI'!F44 -> 82.69 | Q36: =IFERROR((N36*($N$9/100))+(O36*($O$9/100))+(P36*($P$9/100)),"") -> 83.0232 | R36: =IF('MK4-L&A'!D44="","",'MK4-L&A'!D44) -> 89.44 | S36: ='MK4-L&A'!E44 -> 89.85 | T36: ='MK4-L&A'!F44 -> 94.9 | U36: =IFERROR((R36*($R$9/100))+(S36*($S$9/100))+(T36*($T$9/100)),"") -> 92.2507 | V36: ='MK5-BP'!D44 -> 81.4 | W36: ='MK5-BP'!E44 -> 61.9 | X36: =IFERROR((V36*($V$9/100))+(W36*($W$9/100)),"") -> 71.65 | Y36: =IF('MK7-MBD'!D43="","",'MK7-MBD'!D43) -> 75.25 | Z36: =IF('MK7-MBD'!E43="","",'MK7-MBD'!E43) -> 75.25 | AA36: =IFERROR((Y36*($V$9/100))+(Z36*($W$9/100)),"") -> 75.25 | AB36: =IF(MK8_BID!D44="","",MK8_BID!D44) -> 80.9 | AC36: =IFERROR((AB36*($AB$9/100)),"") -> 80.9 | BI36: =IF(Y36="","",IFERROR(Y36*($Y$9/100),"")) -> 37.625 | BJ36: =IF(BI36="","",BI36/$BI$9) -> 0.7525 | BK36: =IFERROR(IF(Z36="","",IFERROR(Z36*($Z$9/100),""))+IF(AB36="","",IFERROR(AB36*($AB$9/100),"")),"") -> 118.525 | BL36: =IF(BK36="","",BK36/$BK$9) -> 0.79016667 | BO36: =IFERROR(IF(D36="","",IFERROR(D36*($D$9/100),""))+IF(N36="","",IFERROR(N36*($N$9/100),"")),"") -> 31.2223 | BP36: =IF(BO36="","",BO36/$BO$9) -> 0.82163947 | BQ36: =IF(E36="","",IFERROR(E36*($E$9/100),"")) -> 17.82 | BR36: =IF(BQ36="","",BQ36/$BQ$9) -> 0.81 | BS36: =IFERROR(IF(F36="","",IFERROR(F36*($F$9/100),""))+IF(R36="","",IFERROR(R36*($R$9/100),"")),"") -> 34.7131 | BT36: =IF(BS36="","",BS36/$BS$9) -> 0.84666098 | BU36: =IFERROR(IF(G36="","",IFERROR(G36*($G$9/100),""))+IF(O36="","",IFERROR(O36*($O$9/100),""))+IF(S36="","",IFERROR(S36*($S$9/100),"")),"") -> 77.4997 | BV36: =IF(BU36="","",BU36/$BU$9) -> 0.85164505 | BW36: =IFERROR(IF(H36="","",IFERROR(H36*($H$9/100),""))+IF(P36="","",IFERROR(P36*($P$9/100),""))+IF(T36="","",IFERROR(T36*($T$9/100),"")),"") -> 107.3341 | BX36: =IF(BW36="","",BW36/$BW$9) -> 0.87263496 | CE36: =IF(V36="","",IFERROR(V36*($V$9/100),"")) -> 40.7 | CF36: =IF(CE36="","",CE36/$CE$9) -> 0.814 | CG36: =IF(W36="","",IFERROR(W36*($W$9/100),"")) -> 30.95 | CH36: =IF(CG36="","",CG36/$CG$9) -> 0.619 | CR36: =IF(CQ36="","",CQ36/$CQ$9) | CT36: =IF(CS36="","",CS36/$CS$9) | DT36: =IF(DS36="","",DS36/$DS$9) | DZ36: =IF(DY36="","",DY36/$DY$9) | EC36: =IF(J36="","",IFERROR(J36*($J$9/100),"")) -> 13.4 | ED36: =IF(EC36="","",EC36/$EC$9) -> 0.8375 | EF36: =IF(EE36="","",EE36/$EE$9) | EH36: =IF(EG36="","",EG36/$EG$9) | EI36: =IF(K24="","",IFERROR(K36*($K$9/100),"")) -> 37.413 | EJ36: =IF(EI36="","",EI36/$EI$9) -> 0.8314 | EM36: =IF(L24="","",IFERROR(L36*($L$9/100),"")) -> 32.2491 | EN36: =IF(EM36="","",EM36/$EM$9) -> 0.8269 | EP36: =IF(EO36="","",EO36/$EO$9) | ET36: =IF(ES36="","",ES36/$ES$9) | EV36: =IF(EU36="","",EU36/$EU$9)
A37: 27 | B37: 24.05.52.3002 | C37: AJENG SUKMA ANDRIYANI | D37: ='MK1-TM'!D45 -> 78.88 | E37: ='MK1-TM'!E45 -> 79.13 | F37: ='MK1-TM'!F45 -> 79 | G37: ='MK1-TM'!G45 -> 74.41 | H37: ='MK1-TM'!H45 -> 73.15 | I37: =IFERROR((D37*($D$9/100))+(E37*($E$9/100))+(F37*($F$9/100))+(G37*($G$9/100))+(H37*($H$9/100)),"") -> 88.2893 | J37: ='MK2-TO'!D45 -> 90 | K37: ='MK2-TO'!E45 -> 90.29 | L37: ='MK2-TO'!F45 -> 82.69 | M37: =IFERROR((J37*($J$9/100))+(K37*($K$9/100)+(L37*($L$9/100))),"") -> 87.2796 | N37: ='MK3-PSTI'!D45 -> 90 | O37: ='MK3-PSTI'!E45 -> 90.29 | P37: ='MK3-PSTI'!F45 -> 82.69 | Q37: =IFERROR((N37*($N$9/100))+(O37*($O$9/100))+(P37*($P$9/100)),"") -> 86.5167 | R37: =IF('MK4-L&A'!D45="","",'MK4-L&A'!D45) -> 86.67 | S37: ='MK4-L&A'!E45 -> 86.06 | T37: ='MK4-L&A'!F45 -> 94.9 | U37: =IFERROR((R37*($R$9/100))+(S37*($S$9/100))+(T37*($T$9/100)),"") -> 90.5014 | V37: ='MK5-BP'!D45 -> 84.9 | W37: ='MK5-BP'!E45 -> 76.9 | X37: =IFERROR((V37*($V$9/100))+(W37*($W$9/100)),"") -> 80.9 | Y37: =IF('MK7-MBD'!D44="","",'MK7-MBD'!D44) -> 86.5 | Z37: =IF('MK7-MBD'!E44="","",'MK7-MBD'!E44) -> 86.5 | AA37: =IFERROR((Y37*($V$9/100))+(Z37*($W$9/100)),"") -> 86.5 | AB37: =IF(MK8_BID!D45="","",MK8_BID!D45) -> 88.65 | AC37: =IFERROR((AB37*($AB$9/100)),"") -> 88.65 | AE37: =IFERROR((D37*($D$9/100)+J37*($J$9/100)+N37*($N$9/100)+Y37*($Y$9/100)),"") -> 89.5148 | AF37: =IFERROR(AE37/$AE$8*100,"") -> 41.634791 | AG37: =IFERROR((#REF!*(#REF!/100)),"") | AH37: =IFERROR(AG37/$AG$8*100,"") | AI37: =IFERROR((R37*($R$9/100)+V37*($V$9/100)),"") -> 58.0506 | AJ37: =IFERROR(AI37/$AI$8*100,"") -> 85.368529 | AK37: =IFERROR((#REF!*(#REF!/100)),"") | AL37: =IFERROR(AK37/$AK$8*100,"") | AU37: =IFERROR((T37*($T$9/100)+W37*($W$9/100)),"") -> 84.951 | AV37: =IFERROR(AU37/$AU$8*100,"") -> 85.809091 | AW37: =IFERROR((AB37*($AB$9/100)+#REF!*(#REF!/100)+#REF!*(#REF!/100)),"") | AX37: =IFERROR(AW37/$AW$8*100,"") | BA37: =IFERROR((#REF!*(#REF!/100)+#REF!*(#REF!/100)+#REF!*(#REF!/100)),"") | BB37: =IFERROR(BA37/$BA$8*100,"") | BC37: =IFERROR((H37*($H$9/100)+L37*($L$9/100)+P37*($P$9/100)+Z37*($Z$9/100)),"") -> 134.3047 | BD37: =IFERROR(BC37/$BC$8*100,"") -> 82.395521 | BE37: =IFERROR((#REF!*(#REF!/100)+#REF!*(#REF!/100)+#REF!*(#REF!/100)),"") | BF37: =IFERROR(BE37/$BE$8*100,"") | BI37: =IF(Y37="","",IFERROR(Y37*($Y$9/100),"")) -> 43.25 | BJ37: =IF(BI37="","",BI37/$BI$9) -> 0.865 | BK37: =IFERROR(IF(Z37="","",IFERROR(Z37*($Z$9/100),""))+IF(AB37="","",IFERROR(AB37*($AB$9/100),"")),"") -> 131.9 | BL37: =IF(BK37="","",BK37/$BK$9) -> 0.87933333 | BO37: =IFERROR(IF(D37="","",IFERROR(D37*($D$9/100),""))+IF(N37="","",IFERROR(N37*($N$9/100),"")),"") -> 31.8648 | BP37: =IF(BO37="","",BO37/$BO$9) -> 0.83854737 | BQ37: =IF(E37="","",IFERROR(E37*($E$9/100),"")) -> 17.4086 | BR37: =IF(BQ37="","",BQ37/$BQ$9) -> 0.7913 | BS37: =IFERROR(IF(F37="","",IFERROR(F37*($F$9/100),""))+IF(R37="","",IFERROR(R37*($R$9/100),"")),"") -> 33.7706 | BT37: =IF(BS37="","",BS37/$BS$9) -> 0.82367317 | BU37: =IFERROR(IF(G37="","",IFERROR(G37*($G$9/100),""))+IF(O37="","",IFERROR(O37*($O$9/100),""))+IF(S37="","",IFERROR(S37*($S$9/100),"")),"") -> 76.9568 | BV37: =IF(BU37="","",BU37/$BU$9) -> 0.84567912 | BW37: =IFERROR(IF(H37="","",IFERROR(H37*($H$9/100),""))+IF(P37="","",IFERROR(P37*($P$9/100),""))+IF(T37="","",IFERROR(T37*($T$9/100),"")),"") -> 105.3066 | BX37: =IF(BW37="","",BW37/$BW$9) -> 0.85615122 | CB37: =IF(CA37="","",CA37/$CA$9) | CE37: =IF(V37="","",IFERROR(V37*($V$9/100),"")) -> 42.45 | CF37: =IF(CE37="","",CE37/$CE$9) -> 0.849 | CG37: =IF(W37="","",IFERROR(W37*($W$9/100),"")) -> 38.45 | CH37: =IF(CG37="","",CG37/$CG$9) -> 0.769 | CR37: =IF(CQ37="","",CQ37/$CQ$9) | CT37: =IF(CS37="","",CS37/$CS$9) | DT37: =IF(DS37="","",DS37/$DS$9) | DZ37: =IF(DY37="","",DY37/$DY$9) | EC37: =IF(J37="","",IFERROR(J37*($J$9/100),"")) -> 14.4 | ED37: =IF(EC37="","",EC37/$EC$9) -> 0.9 | EF37: =IF(EE37="","",EE37/$EE$9) | EH37: =IF(EG37="","",EG37/$EG$9) | EI37: =IF(K25="","",IFERROR(K37*($K$9/100),"")) -> 40.6305 | EJ37: =IF(EI37="","",EI37/$EI$9) -> 0.9029 | EM37: =IF(L25="","",IFERROR(L37*($L$9/100),"")) -> 32.2491 | EN37: =IF(EM37="","",EM37/$EM$9) -> 0.8269 | EP37: =IF(EO37="","",EO37/$EO$9) | ET37: =IF(ES37="","",ES37/$ES$9) | EV37: =IF(EU37="","",EU37/$EU$9) | EW37: =IFERROR(IF(#REF!="","",IFERROR(#REF!*(#REF!/100),"")),"") | EX37: =IF(EW37="","",EW37/$EW$9) | FE37: =IFERROR(IF(#REF!="","",IFERROR(#REF!*(#REF!/100),""))+IF(#REF!="","",IFERROR(#REF!*(#REF!/100),"")),"") | FF37: =IF(FE37="","",FE37/$FE$9) | FG37: =IFERROR(IF(H37="","",IFERROR(H37*($H$9/100),""))+IF(L37="","",IFERROR(L37*($L$9/100),""))+IF(P37="","",IFERROR(P37*($P$9/100),""))+IF(Z37="","",IFERROR(Z37*($Z$9/100),"")),"") -> 134.3047 | FH37: =IF(FG37="","",FG37/$FG$9) -> 0.82395521 | FK37: =IFERROR(IF(#REF!="","",IFERROR(#REF!*(#REF!/100),""))+IF(#REF!="","",IFERROR(#REF!*(#REF!/100),"")),"") | FL37: =IF(FK37="","",FK37/$FK$9) | FM37: =IFERROR(IF(#REF!="","",IFERROR(#REF!*(#REF!/100),"")),"") | FN37: =IF(FM37="","",FM37/$FM$9) | FO37: =SUM(BI37:FM37) -> 753.91314 | FP37: =FO37/$FO$9 -> #REF!
A38: 28 | B38: 24.05.52.3003 | C38: MARETA SARI PURBANINGRUM | D38: ='MK1-TM'!D46 -> 76.75 | E38: ='MK1-TM'!E46 -> 76.93 | F38: ='MK1-TM'!F46 -> 76.87 | G38: ='MK1-TM'!G46 -> 75.09 | H38: ='MK1-TM'!H46 -> 75.11 | I38: =IFERROR((D38*($D$9/100))+(E38*($E$9/100))+(F38*($F$9/100))+(G38*($G$9/100))+(H38*($H$9/100)),"") -> 87.5213 | J38: ='MK2-TO'!D46 -> 77.5 | K38: ='MK2-TO'!E46 -> 76 | L38: ='MK2-TO'!F46 -> 82.69 | M38: =IFERROR((J38*($J$9/100))+(K38*($K$9/100)+(L38*($L$9/100))),"") -> 78.8491 | N38: ='MK3-PSTI'!D46 -> 77.5 | O38: ='MK3-PSTI'!E46 -> 76 | P38: ='MK3-PSTI'!F46 -> 82.69 | Q38: =IFERROR((N38*($N$9/100))+(O38*($O$9/100))+(P38*($P$9/100)),"") -> 79.5331 | R38: =IF('MK4-L&A'!D46="","",'MK4-L&A'!D46) -> 83.33 | S38: ='MK4-L&A'!E46 -> 81.82 | T38: ='MK4-L&A'!F46 -> 86.22 | U38: =IFERROR((R38*($R$9/100))+(S38*($S$9/100))+(T38*($T$9/100)),"") -> 84.2478 | V38: ='MK5-BP'!D46 -> 81.4 | W38: ='MK5-BP'!E46 -> 61.9 | X38: =IFERROR((V38*($V$9/100))+(W38*($W$9/100)),"") -> 71.65 | Y38: =IF('MK7-MBD'!D45="","",'MK7-MBD'!D45) -> 77.15 | Z38: =IF('MK7-MBD'!E45="","",'MK7-MBD'!E45) -> 77.15 | AA38: =IFERROR((Y38*($V$9/100))+(Z38*($W$9/100)),"") -> 77.15 | AB38: =IF(MK8_BID!D46="","",MK8_BID!D46) -> 83 | AC38: =IFERROR((AB38*($AB$9/100)),"") -> 83 | AE38: =IFERROR((D38*($D$9/100)+J38*($J$9/100)+N38*($N$9/100)+Y38*($Y$9/100)),"") -> 80.2675 | AF38: =IFERROR(AE38/$AE$8*100,"") -> 37.333721 | AG38: =IFERROR((#REF!*(#REF!/100)),"") | AH38: =IFERROR(AG38/$AG$8*100,"") | AI38: =IFERROR((R38*($R$9/100)+V38*($V$9/100)),"") -> 55.6994 | AJ38: =IFERROR(AI38/$AI$8*100,"") -> 81.910882 | AK38: =IFERROR((#REF!*(#REF!/100)),"") | AL38: =IFERROR(AK38/$AK$8*100,"") | AU38: =IFERROR((T38*($T$9/100)+W38*($W$9/100)),"") -> 73.1978 | AV38: =IFERROR(AU38/$AU$8*100,"") -> 73.937172 | AW38: =IFERROR((AB38*($AB$9/100)+#REF!*(#REF!/100)+#REF!*(#REF!/100)),"") | AX38: =IFERROR(AW38/$AW$8*100,"") | BA38: =IFERROR((#REF!*(#REF!/100)+#REF!*(#REF!/100)+#REF!*(#REF!/100)),"") | BB38: =IFERROR(BA38/$BA$8*100,"") | BC38: =IFERROR((H38*($H$9/100)+L38*($L$9/100)+P38*($P$9/100)+Z38*($Z$9/100)),"") -> 130.1197 | BD38: =IFERROR(BC38/$BC$8*100,"") -> 79.828037 | BE38: =IFERROR((#REF!*(#REF!/100)+#REF!*(#REF!/100)+#REF!*(#REF!/100)),"") | BF38: =IFERROR(BE38/$BE$8*100,"") | BI38: =IF(Y38="","",IFERROR(Y38*($Y$9/100),"")) -> 38.575 | BJ38: =IF(BI38="","",BI38/$BI$9) -> 0.7715 | BK38: =IFERROR(IF(Z38="","",IFERROR(Z38*($Z$9/100),""))+IF(AB38="","",IFERROR(AB38*($AB$9/100),"")),"") -> 121.575 | BL38: =IF(BK38="","",BK38/$BK$9) -> 0.8105 | BO38: =IFERROR(IF(D38="","",IFERROR(D38*($D$9/100),""))+IF(N38="","",IFERROR(N38*($N$9/100),"")),"") -> 29.2925 | BP38: =IF(BO38="","",BO38/$BO$9) -> 0.77085526 | BQ38: =IF(E38="","",IFERROR(E38*($E$9/100),"")) -> 16.9246 | BR38: =IF(BQ38="","",BQ38/$BQ$9) -> 0.7693 | BS38: =IFERROR(IF(F38="","",IFERROR(F38*($F$9/100),""))+IF(R38="","",IFERROR(R38*($R$9/100),"")),"") -> 32.6795 | BT38: =IF(BS38="","",BS38/$BS$9) -> 0.79706098 | BU38: =IFERROR(IF(G38="","",IFERROR(G38*($G$9/100),""))+IF(O38="","",IFERROR(O38*($O$9/100),""))+IF(S38="","",IFERROR(S38*($S$9/100),"")),"") -> 70.8622 | BV38: =IF(BU38="","",BU38/$BU$9) -> 0.77870549 | BW38: =IFERROR(IF(H38="","",IFERROR(H38*($H$9/100),""))+IF(P38="","",IFERROR(P38*($P$9/100),""))+IF(T38="","",IFERROR(T38*($T$9/100),"")),"") -> 101.5434 | BX38: =IF(BW38="","",BW38/$BW$9) -> 0.8255561 | CB38: =IF(CA38="","",CA38/$CA$9) | CE38: =IF(V38="","",IFERROR(V38*($V$9/100),"")) -> 40.7 | CF38: =IF(CE38="","",CE38/$CE$9) -> 0.814 | CG38: =IF(W38="","",IFERROR(W38*($W$9/100),"")) -> 30.95 | CH38: =IF(CG38="","",CG38/$CG$9) -> 0.619 | CR38: =IF(CQ38="","",CQ38/$CQ$9) | CT38: =IF(CS38="","",CS38/$CS$9) | DT38: =IF(DS38="","",DS38/$DS$9) | DZ38: =IF(DY38="","",DY38/$DY$9) | EC38: =IF(J38="","",IFERROR(J38*($J$9/100),"")) -> 12.4 | ED38: =IF(EC38="","",EC38/$EC$9) -> 0.775 | EF38: =IF(EE38="","",EE38/$EE$9) | EH38: =IF(EG38="","",EG38/$EG$9) | EI38: =IF(K26="","",IFERROR(K38*($K$9/100),"")) -> 34.2 | EJ38: =IF(EI38="","",EI38/$EI$9) -> 0.76 | EM38: =IF(L26="","",IFERROR(L38*($L$9/100),"")) -> 32.2491 | EN38: =IF(EM38="","",EM38/$EM$9) -> 0.8269 | EP38: =IF(EO38="","",EO38/$EO$9) | ET38: =IF(ES38="","",ES38/$ES$9) | EV38: =IF(EU38="","",EU38/$EU$9) | EW38: =IFERROR(IF(#REF!="","",IFERROR(#REF!*(#REF!/100),"")),"") | EX38: =IF(EW38="","",EW38/$EW$9) | FE38: =IFERROR(IF(#REF!="","",IFERROR(#REF!*(#REF!/100),""))+IF(#REF!="","",IFERROR(#REF!*(#REF!/100),"")),"") | FF38: =IF(FE38="","",FE38/$FE$9) | FG38: =IFERROR(IF(H38="","",IFERROR(H38*($H$9/100),""))+IF(L38="","",IFERROR(L38*($L$9/100),""))+IF(P38="","",IFERROR(P38*($P$9/100),""))+IF(Z38="","",IFERROR(Z38*($Z$9/100),"")),"") -> 130.1197 | FH38: =IF(FG38="","",FG38/$FG$9) -> 0.79828037 | FK38: =IFERROR(IF(#REF!="","",IFERROR(#REF!*(#REF!/100),""))+IF(#REF!="","",IFERROR(#REF!*(#REF!/100),"")),"") | FL38: =IF(FK38="","",FK38/$FK$9) | FM38: =IFERROR(IF(#REF!="","",IFERROR(#REF!*(#REF!/100),"")),"") | FN38: =IF(FM38="","",FM38/$FM$9) | FO38: =SUM(BI38:FM38) -> 702.18766 | FP38: =FO38/$FO$9 -> #REF!
A39: 29 | B39: 24.05.52.3004 | C39: ARFIANI ARIFAH | D39: ='MK1-TM'!D47 -> 82.5 | E39: ='MK1-TM'!E47 -> 82.6 | F39: ='MK1-TM'!F47 -> 82.67 | G39: ='MK1-TM'!G47 -> 81.45 | H39: ='MK1-TM'!H47 -> 80.74 | I39: =IFERROR((D39*($D$9/100))+(E39*($E$9/100))+(F39*($F$9/100))+(G39*($G$9/100))+(H39*($H$9/100)),"") -> 94.2441 | J39: ='MK2-TO'!D47 -> 90 | K39: ='MK2-TO'!E47 -> 90.29 | L39: ='MK2-TO'!F47 -> 82.69 | M39: =IFERROR((J39*($J$9/100))+(K39*($K$9/100)+(L39*($L$9/100))),"") -> 87.2796 | N39: ='MK3-PSTI'!D47 -> 90 | O39: ='MK3-PSTI'!E47 -> 90.29 | P39: ='MK3-PSTI'!F47 -> 82.69 | Q39: =IFERROR((N39*($N$9/100))+(O39*($O$9/100))+(P39*($P$9/100)),"") -> 86.5167 | R39: =IF('MK4-L&A'!D47="","",'MK4-L&A'!D47) -> 83.89 | S39: ='MK4-L&A'!E47 -> 82.27 | T39: ='MK4-L&A'!F47 -> 86.73 | U39: =IFERROR((R39*($R$9/100))+(S39*($S$9/100))+(T39*($T$9/100)),"") -> 84.747 | V39: ='MK5-BP'!D47 -> 81.4 | W39: ='MK5-BP'!E47 -> 88.4 | X39: =IFERROR((V39*($V$9/100))+(W39*($W$9/100)),"") -> 84.9 | Y39: =IF('MK7-MBD'!D46="","",'MK7-MBD'!D46) -> 78.2 | Z39: =IF('MK7-MBD'!E46="","",'MK7-MBD'!E46) -> 78.2 | AA39: =IFERROR((Y39*($V$9/100))+(Z39*($W$9/100)),"") -> 78.2 | AB39: =IF(MK8_BID!D47="","",MK8_BID!D47) -> 66.2 | AC39: =IFERROR((AB39*($AB$9/100)),"") -> 66.2 | AE39: =IFERROR((D39*($D$9/100)+J39*($J$9/100)+N39*($N$9/100)+Y39*($Y$9/100)),"") -> 86.125 | AF39: =IFERROR(AE39/$AE$8*100,"") -> 40.05814 | AG39: =IFERROR((#REF!*(#REF!/100)),"") | AH39: =IFERROR(AG39/$AG$8*100,"") | AI39: =IFERROR((R39*($R$9/100)+V39*($V$9/100)),"") -> 55.8002 | AJ39: =IFERROR(AI39/$AI$8*100,"") -> 82.059118 | AK39: =IFERROR((#REF!*(#REF!/100)),"") | AL39: =IFERROR(AK39/$AK$8*100,"") | AU39: =IFERROR((T39*($T$9/100)+W39*($W$9/100)),"") -> 86.6977 | AV39: =IFERROR(AU39/$AU$8*100,"") -> 87.573434 | AW39: =IFERROR((AB39*($AB$9/100)+#REF!*(#REF!/100)+#REF!*(#REF!/100)),"") | AX39: =IFERROR(AW39/$AW$8*100,"") | BA39: =IFERROR((#REF!*(#REF!/100)+#REF!*(#REF!/100)+#REF!*(#REF!/100)),"") | BB39: =IFERROR(BA39/$BA$8*100,"") | BC39: =IFERROR((H39*($H$9/100)+L39*($L$9/100)+P39*($P$9/100)+Z39*($Z$9/100)),"") -> 132.0522 | BD39: =IFERROR(BC39/$BC$8*100,"") -> 81.01362 | BE39: =IFERROR((#REF!*(#REF!/100)+#REF!*(#REF!/100)+#REF!*(#REF!/100)),"") | BF39: =IFERROR(BE39/$BE$8*100,"") | BI39: =IF(Y39="","",IFERROR(Y39*($Y$9/100),"")) -> 39.1 | BJ39: =IF(BI39="","",BI39/$BI$9) -> 0.782 | BK39: =IFERROR(IF(Z39="","",IFERROR(Z39*($Z$9/100),""))+IF(AB39="","",IFERROR(AB39*($AB$9/100),"")),"") -> 105.3 | BL39: =IF(BK39="","",BK39/$BK$9) -> 0.702 | BO39: =IFERROR(IF(D39="","",IFERROR(D39*($D$9/100),""))+IF(N39="","",IFERROR(N39*($N$9/100),"")),"") -> 32.625 | BP39: =IF(BO39="","",BO39/$BO$9) -> 0.85855263 | BQ39: =IF(E39="","",IFERROR(E39*($E$9/100),"")) -> 18.172 | BR39: =IF(BQ39="","",BQ39/$BQ$9) -> 0.826 | BS39: =IFERROR(IF(F39="","",IFERROR(F39*($F$9/100),""))+IF(R39="","",IFERROR(R39*($R$9/100),"")),"") -> 34.1143 | BT39: =IF(BS39="","",BS39/$BS$9) -> 0.8320561 | BU39: =IFERROR(IF(G39="","",IFERROR(G39*($G$9/100),""))+IF(O39="","",IFERROR(O39*($O$9/100),""))+IF(S39="","",IFERROR(S39*($S$9/100),"")),"") -> 77.3957 | BV39: =IF(BU39="","",BU39/$BU$9) -> 0.8505022 | BW39: =IFERROR(IF(H39="","",IFERROR(H39*($H$9/100),""))+IF(P39="","",IFERROR(P39*($P$9/100),""))+IF(T39="","",IFERROR(T39*($T$9/100),"")),"") -> 103.2008 | BX39: =IF(BW39="","",BW39/$BW$9) -> 0.83903089 | CB39: =IF(CA39="","",CA39/$CA$9) | CE39: =IF(V39="","",IFERROR(V39*($V$9/100),"")) -> 40.7 | CF39: =IF(CE39="","",CE39/$CE$9) -> 0.814 | CG39: =IF(W39="","",IFERROR(W39*($W$9/100),"")) -> 44.2 | CH39: =IF(CG39="","",CG39/$CG$9) -> 0.884 | CR39: =IF(CQ39="","",CQ39/$CQ$9) | CT39: =IF(CS39="","",CS39/$CS$9) | DT39: =IF(DS39="","",DS39/$DS$9) | DZ39: =IF(DY39="","",DY39/$DY$9) | EC39: =IF(J39="","",IFERROR(J39*($J$9/100),"")) -> 14.4 | ED39: =IF(EC39="","",EC39/$EC$9) -> 0.9 | EF39: =IF(EE39="","",EE39/$EE$9) | EH39: =IF(EG39="","",EG39/$EG$9) | EI39: =IF(K27="","",IFERROR(K39*($K$9/100),"")) -> 40.6305 | EJ39: =IF(EI39="","",EI39/$EI$9) -> 0.9029 | EM39: =IF(L27="","",IFERROR(L39*($L$9/100),"")) -> 32.2491 | EN39: =IF(EM39="","",EM39/$EM$9) -> 0.8269 | EP39: =IF(EO39="","",EO39/$EO$9) | ET39: =IF(ES39="","",ES39/$ES$9) | EV39: =IF(EU39="","",EU39/$EU$9) | EW39: =IFERROR(IF(#REF!="","",IFERROR(#REF!*(#REF!/100),"")),"") | EX39: =IF(EW39="","",EW39/$EW$9) | FE39: =IFERROR(IF(#REF!="","",IFERROR(#REF!*(#REF!/100),""))+IF(#REF!="","",IFERROR(#REF!*(#REF!/100),"")),"") | FF39: =IF(FE39="","",FE39/$FE$9) | FG39: =IFERROR(IF(H39="","",IFERROR(H39*($H$9/100),""))+IF(L39="","",IFERROR(L39*($L$9/100),""))+IF(P39="","",IFERROR(P39*($P$9/100),""))+IF(Z39="","",IFERROR(Z39*($Z$9/100),"")),"") -> 132.0522 | FH39: =IF(FG39="","",FG39/$FG$9) -> 0.8101362 | FK39: =IFERROR(IF(#REF!="","",IFERROR(#REF!*(#REF!/100),""))+IF(#REF!="","",IFERROR(#REF!*(#REF!/100),"")),"") | FL39: =IF(FK39="","",FK39/$FK$9) | FM39: =IFERROR(IF(#REF!="","",IFERROR(#REF!*(#REF!/100),"")),"") | FN39: =IF(FM39="","",FM39/$FM$9) | FO39: =SUM(BI39:FM39) -> 724.96768 | FP39: =FO39/$FO$9 -> #REF!
A40: 30 | B40: 24.05.52.3005 | C40: AULIA SAHWA KAILA | D40: ='MK1-TM'!D48 -> 39.25 | E40: ='MK1-TM'!E48 -> 41.2 | F40: ='MK1-TM'!F48 -> 41.2 | G40: ='MK1-TM'!G48 -> 6.27 | H40: ='MK1-TM'!H48 -> 3.85 | I40: =IFERROR((D40*($D$9/100))+(E40*($E$9/100))+(F40*($F$9/100))+(G40*($G$9/100))+(H40*($H$9/100)),"") -> 29.2498 | J40: ='MK2-TO'!D48 -> 90 | K40: ='MK2-TO'!E48 -> 90.29 | L40: ='MK2-TO'!F48 -> 31.41 | M40: =IFERROR((J40*($J$9/100))+(K40*($K$9/100)+(L40*($L$9/100))),"") -> 67.2804 | N40: ='MK3-PSTI'!D48 -> 90 | O40: ='MK3-PSTI'!E48 -> 90.29 | P40: ='MK3-PSTI'!F48 -> 31.41 | Q40: =IFERROR((N40*($N$9/100))+(O40*($O$9/100))+(P40*($P$9/100)),"") -> 61.3895 | R40: =IF('MK4-L&A'!D48="","",'MK4-L&A'!D48) -> 83.89 | S40: ='MK4-L&A'!E48 -> 82.27 | T40: ='MK4-L&A'!F48 -> 86.73 | U40: =IFERROR((R40*($R$9/100))+(S40*($S$9/100))+(T40*($T$9/100)),"") -> 84.747 | V40: ='MK5-BP'!D48 -> 81.4 | W40: ='MK5-BP'!E48 -> 9.4 | X40: =IFERROR((V40*($V$9/100))+(W40*($W$9/100)),"") -> 45.4 | Y40: =IF('MK7-MBD'!D47="","",'MK7-MBD'!D47) -> 46.1 | Z40: =IF('MK7-MBD'!E47="","",'MK7-MBD'!E47) -> 46.1 | AA40: =IFERROR((Y40*($V$9/100))+(Z40*($W$9/100)),"") -> 46.1 | AB40: =IF(MK8_BID!D48="","",MK8_BID!D48) -> 55.8 | AC40: =IFERROR((AB40*($AB$9/100)),"") -> 55.8 | AE40: =IFERROR((D40*($D$9/100)+J40*($J$9/100)+N40*($N$9/100)+Y40*($Y$9/100)),"") -> 60.9925 | AF40: =IFERROR(AE40/$AE$8*100,"") -> 28.368605 | AG40: =IFERROR((#REF!*(#REF!/100)),"") | AH40: =IFERROR(AG40/$AG$8*100,"") | AI40: =IFERROR((R40*($R$9/100)+V40*($V$9/100)),"") -> 55.8002 | AJ40: =IFERROR(AI40/$AI$8*100,"") -> 82.059118 | AK40: =IFERROR((#REF!*(#REF!/100)),"") | AL40: =IFERROR(AK40/$AK$8*100,"") | AU40: =IFERROR((T40*($T$9/100)+W40*($W$9/100)),"") -> 47.1977 | AV40: =IFERROR(AU40/$AU$8*100,"") -> 47.674444 | AW40: =IFERROR((AB40*($AB$9/100)+#REF!*(#REF!/100)+#REF!*(#REF!/100)),"") | AX40: =IFERROR(AW40/$AW$8*100,"") | BA40: =IFERROR((#REF!*(#REF!/100)+#REF!*(#REF!/100)+#REF!*(#REF!/100)),"") | BB40: =IFERROR(BA40/$BA$8*100,"") | BC40: =IFERROR((H40*($H$9/100)+L40*($L$9/100)+P40*($P$9/100)+Z40*($Z$9/100)),"") -> 51.6533 | BD40: =IFERROR(BC40/$BC$8*100,"") -> 31.689141 | BE40: =IFERROR((#REF!*(#REF!/100)+#REF!*(#REF!/100)+#REF!*(#REF!/100)),"") | BF40: =IFERROR(BE40/$BE$8*100,"") | BI40: =IF(Y40="","",IFERROR(Y40*($Y$9/100),"")) -> 23.05 | BJ40: =IF(BI40="","",BI40/$BI$9) -> 0.461 | BK40: =IFERROR(IF(Z40="","",IFERROR(Z40*($Z$9/100),""))+IF(AB40="","",IFERROR(AB40*($AB$9/100),"")),"") -> 78.85 | BL40: =IF(BK40="","",BK40/$BK$9) -> 0.52566667 | BO40: =IFERROR(IF(D40="","",IFERROR(D40*($D$9/100),""))+IF(N40="","",IFERROR(N40*($N$9/100),"")),"") -> 23.5425 | BP40: =IF(BO40="","",BO40/$BO$9) -> 0.61953947 | BQ40: =IF(E40="","",IFERROR(E40*($E$9/100),"")) -> 9.064 | BR40: =IF(BQ40="","",BQ40/$BQ$9) -> 0.412 | BS40: =IFERROR(IF(F40="","",IFERROR(F40*($F$9/100),""))+IF(R40="","",IFERROR(R40*($R$9/100),"")),"") -> 24.5762 | BT40: =IF(BS40="","",BS40/$BS$9) -> 0.59941951 | BU40: =IFERROR(IF(G40="","",IFERROR(G40*($G$9/100),""))+IF(O40="","",IFERROR(O40*($O$9/100),""))+IF(S40="","",IFERROR(S40*($S$9/100),"")),"") -> 59.3525 | BV40: =IF(BU40="","",BU40/$BU$9) -> 0.65222527 | BW40: =IFERROR(IF(H40="","",IFERROR(H40*($H$9/100),""))+IF(P40="","",IFERROR(P40*($P$9/100),""))+IF(T40="","",IFERROR(T40*($T$9/100),"")),"") -> 58.8511 | BX40: =IF(BW40="","",BW40/$BW$9) -> 0.47846423 | CB40: =IF(CA40="","",CA40/$CA$9) | CE40: =IF(V40="","",IFERROR(V40*($V$9/100),"")) -> 40.7 | CF40: =IF(CE40="","",CE40/$CE$9) -> 0.814 | CG40: =IF(W40="","",IFERROR(W40*($W$9/100),"")) -> 4.7 | CH40: =IF(CG40="","",CG40/$CG$9) -> 0.094 | CR40: =IF(CQ40="","",CQ40/$CQ$9) | CT40: =IF(CS40="","",CS40/$CS$9) | DT40: =IF(DS40="","",DS40/$DS$9) | DZ40: =IF(DY40="","",DY40/$DY$9) | EC40: =IF(J40="","",IFERROR(J40*($J$9/100),"")) -> 14.4 | ED40: =IF(EC40="","",EC40/$EC$9) -> 0.9 | EF40: =IF(EE40="","",EE40/$EE$9) | EH40: =IF(EG40="","",EG40/$EG$9) | EI40: =IF(K28="","",IFERROR(K40*($K$9/100),"")) -> 40.6305 | EJ40: =IF(EI40="","",EI40/$EI$9) -> 0.9029 | EM40: =IF(L28="","",IFERROR(L40*($L$9/100),"")) -> 12.2499 | EN40: =IF(EM40="","",EM40/$EM$9) -> 0.3141 | EP40: =IF(EO40="","",EO40/$EO$9) | ET40: =IF(ES40="","",ES40/$ES$9) | EV40: =IF(EU40="","",EU40/$EU$9) | EW40: =IFERROR(IF(#REF!="","",IFERROR(#REF!*(#REF!/100),"")),"") | EX40: =IF(EW40="","",EW40/$EW$9) | FE40: =IFERROR(IF(#REF!="","",IFERROR(#REF!*(#REF!/100),""))+IF(#REF!="","",IFERROR(#REF!*(#REF!/100),"")),"") | FF40: =IF(FE40="","",FE40/$FE$9) | FG40: =IFERROR(IF(H40="","",IFERROR(H40*($H$9/100),""))+IF(L40="","",IFERROR(L40*($L$9/100),""))+IF(P40="","",IFERROR(P40*($P$9/100),""))+IF(Z40="","",IFERROR(Z40*($Z$9/100),"")),"") -> 51.6533 | FH40: =IF(FG40="","",FG40/$FG$9) -> 0.31689141 | FK40: =IFERROR(IF(#REF!="","",IFERROR(#REF!*(#REF!/100),""))+IF(#REF!="","",IFERROR(#REF!*(#REF!/100),"")),"") | FL40: =IF(FK40="","",FK40/$FK$9) | FM40: =IFERROR(IF(#REF!="","",IFERROR(#REF!*(#REF!/100),"")),"") | FN40: =IF(FM40="","",FM40/$FM$9) | FO40: =SUM(BI40:FM40) -> 448.71021 | FP40: =FO40/$FO$9 -> #REF!
A41: 31 | B41: 24.05.52.3006 | C41: FELICITAS DIVA RAHAYUNINGSIH N | D41: ='MK1-TM'!D49 -> 92.25 | E41: ='MK1-TM'!E49 -> 92.4 | F41: ='MK1-TM'!F49 -> 92.53 | G41: ='MK1-TM'!G49 -> 90.5 | H41: ='MK1-TM'!H49 -> 90.04 | I41: =IFERROR((D41*($D$9/100))+(E41*($E$9/100))+(F41*($F$9/100))+(G41*($G$9/100))+(H41*($H$9/100)),"") -> 105.2124 | J41: ='MK2-TO'!D49 -> 90 | K41: ='MK2-TO'!E49 -> 90.29 | L41: ='MK2-TO'!F49 -> 82.69 | M41: =IFERROR((J41*($J$9/100))+(K41*($K$9/100)+(L41*($L$9/100))),"") -> 87.2796 | N41: ='MK3-PSTI'!D49 -> 90 | O41: ='MK3-PSTI'!E49 -> 90.29 | P41: ='MK3-PSTI'!F49 -> 82.69 | Q41: =IFERROR((N41*($N$9/100))+(O41*($O$9/100))+(P41*($P$9/100)),"") -> 86.5167 | R41: =IF('MK4-L&A'!D49="","",'MK4-L&A'!D49) -> 93.61 | S41: ='MK4-L&A'!E49 -> 94.39 | T41: ='MK4-L&A'!F49 -> 99.49 | U41: =IFERROR((R41*($R$9/100))+(S41*($S$9/100))+(T41*($T$9/100)),"") -> 96.7486 | V41: ='MK5-BP'!D49 -> 92.4 | W41: ='MK5-BP'!E49 -> 90.4 | X41: =IFERROR((V41*($V$9/100))+(W41*($W$9/100)),"") -> 91.4 | Y41: =IF('MK7-MBD'!D48="","",'MK7-MBD'!D48) -> 85.9 | Z41: =IF('MK7-MBD'!E48="","",'MK7-MBD'!E48) -> 85.9 | AA41: =IFERROR((Y41*($V$9/100))+(Z41*($W$9/100)),"") -> 85.9 | AB41: =IF(MK8_BID!D49="","",MK8_BID!D49) -> 89 | AC41: =IFERROR((AB41*($AB$9/100)),"") -> 89 | AE41: =IFERROR((D41*($D$9/100)+J41*($J$9/100)+N41*($N$9/100)+Y41*($Y$9/100)),"") -> 92.0225 | AF41: =IFERROR(AE41/$AE$8*100,"") -> 42.801163 | AG41: =IFERROR((#REF!*(#REF!/100)),"") | AH41: =IFERROR(AG41/$AG$8*100,"") | AI41: =IFERROR((R41*($R$9/100)+V41*($V$9/100)),"") -> 63.0498 | AJ41: =IFERROR(AI41/$AI$8*100,"") -> 92.720294 | AK41: =IFERROR((#REF!*(#REF!/100)),"") | AL41: =IFERROR(AK41/$AK$8*100,"") | AU41: =IFERROR((T41*($T$9/100)+W41*($W$9/100)),"") -> 93.9501 | AV41: =IFERROR(AU41/$AU$8*100,"") -> 94.899091 | AW41: =IFERROR((AB41*($AB$9/100)+#REF!*(#REF!/100)+#REF!*(#REF!/100)),"") | AX41: =IFERROR(AW41/$AW$8*100,"") | BA41: =IFERROR((#REF!*(#REF!/100)+#REF!*(#REF!/100)+#REF!*(#REF!/100)),"") | BB41: =IFERROR(BA41/$BA$8*100,"") | BC41: =IFERROR((H41*($H$9/100)+L41*($L$9/100)+P41*($P$9/100)+Z41*($Z$9/100)),"") -> 138.2272 | BD41: =IFERROR(BC41/$BC$8*100,"") -> 84.801963 | BE41: =IFERROR((#REF!*(#REF!/100)+#REF!*(#REF!/100)+#REF!*(#REF!/100)),"") | BF41: =IFERROR(BE41/$BE$8*100,"") | BI41: =IF(Y41="","",IFERROR(Y41*($Y$9/100),"")) -> 42.95 | BJ41: =IF(BI41="","",BI41/$BI$9) -> 0.859 | BK41: =IFERROR(IF(Z41="","",IFERROR(Z41*($Z$9/100),""))+IF(AB41="","",IFERROR(AB41*($AB$9/100),"")),"") -> 131.95 | BL41: =IF(BK41="","",BK41/$BK$9) -> 0.87966667 | BO41: =IFERROR(IF(D41="","",IFERROR(D41*($D$9/100),""))+IF(N41="","",IFERROR(N41*($N$9/100),"")),"") -> 34.6725 | BP41: =IF(BO41="","",BO41/$BO$9) -> 0.91243421 | BQ41: =IF(E41="","",IFERROR(E41*($E$9/100),"")) -> 20.328 | BR41: =IF(BQ41="","",BQ41/$BQ$9) -> 0.924 | BS41: =IFERROR(IF(F41="","",IFERROR(F41*($F$9/100),""))+IF(R41="","",IFERROR(R41*($R$9/100),"")),"") -> 38.1317 | BT41: =IF(BS41="","",BS41/$BS$9) -> 0.93004146 | BU41: =IFERROR(IF(G41="","",IFERROR(G41*($G$9/100),""))+IF(O41="","",IFERROR(O41*($O$9/100),""))+IF(S41="","",IFERROR(S41*($S$9/100),"")),"") -> 83.5673 | BV41: =IF(BU41="","",BU41/$BU$9) -> 0.91832198 | BW41: =IFERROR(IF(H41="","",IFERROR(H41*($H$9/100),""))+IF(P41="","",IFERROR(P41*($P$9/100),""))+IF(T41="","",IFERROR(T41*($T$9/100),"")),"") -> 111.7782 | BX41: =IF(BW41="","",BW41/$BW$9) -> 0.90876585 | CB41: =IF(CA41="","",CA41/$CA$9) | CE41: =IF(V41="","",IFERROR(V41*($V$9/100),"")) -> 46.2 | CF41: =IF(CE41="","",CE41/$CE$9) -> 0.924 | CG41: =IF(W41="","",IFERROR(W41*($W$9/100),"")) -> 45.2 | CH41: =IF(CG41="","",CG41/$CG$9) -> 0.904 | CR41: =IF(CQ41="","",CQ41/$CQ$9) | CT41: =IF(CS41="","",CS41/$CS$9) | DT41: =IF(DS41="","",DS41/$DS$9) | DZ41: =IF(DY41="","",DY41/$DY$9) | EC41: =IF(J41="","",IFERROR(J41*($J$9/100),"")) -> 14.4 | ED41: =IF(EC41="","",EC41/$EC$9) -> 0.9 | EF41: =IF(EE41="","",EE41/$EE$9) | EH41: =IF(EG41="","",EG41/$EG$9) | EI41: =IF(K29="","",IFERROR(K41*($K$9/100),"")) -> 40.6305 | EJ41: =IF(EI41="","",EI41/$EI$9) -> 0.9029 | EM41: =IF(L29="","",IFERROR(L41*($L$9/100),"")) -> 32.2491 | EN41: =IF(EM41="","",EM41/$EM$9) -> 0.8269 | EP41: =IF(EO41="","",EO41/$EO$9) | ET41: =IF(ES41="","",ES41/$ES$9) | EV41: =IF(EU41="","",EU41/$EU$9) | EW41: =IFERROR(IF(#REF!="","",IFERROR(#REF!*(#REF!/100),"")),"") | EX41: =IF(EW41="","",EW41/$EW$9) | FE41: =IFERROR(IF(#REF!="","",IFERROR(#REF!*(#REF!/100),""))+IF(#REF!="","",IFERROR(#REF!*(#REF!/100),"")),"") | FF41: =IF(FE41="","",FE41/$FE$9) | FG41: =IFERROR(IF(H41="","",IFERROR(H41*($H$9/100),""))+IF(L41="","",IFERROR(L41*($L$9/100),""))+IF(P41="","",IFERROR(P41*($P$9/100),""))+IF(Z41="","",IFERROR(Z41*($Z$9/100),"")),"") -> 138.2272 | FH41: =IF(FG41="","",FG41/$FG$9) -> 0.84801963 | FK41: =IFERROR(IF(#REF!="","",IFERROR(#REF!*(#REF!/100),""))+IF(#REF!="","",IFERROR(#REF!*(#REF!/100),"")),"") | FL41: =IF(FK41="","",FK41/$FK$9) | FM41: =IFERROR(IF(#REF!="","",IFERROR(#REF!*(#REF!/100),"")),"") | FN41: =IF(FM41="","",FM41/$FM$9) | FO41: =SUM(BI41:FM41) -> 791.92255 | FP41: =FO41/$FO$9 -> #REF!
A42: 32 | B42: 24.05.52.3008 | C42: GRACIELLA NATHANIA KUSUMADEWI | D42: ='MK1-TM'!D50 -> 89.63 | E42: ='MK1-TM'!E50 -> 89.8 | F42: ='MK1-TM'!F50 -> 89.6 | G42: ='MK1-TM'!G50 -> 90.05 | H42: ='MK1-TM'!H50 -> 89.41 | I42: =IFERROR((D42*($D$9/100))+(E42*($E$9/100))+(F42*($F$9/100))+(G42*($G$9/100))+(H42*($H$9/100)),"") -> 103.1508 | J42: ='MK2-TO'!D50 -> 90 | K42: ='MK2-TO'!E50 -> 90.29 | L42: ='MK2-TO'!F50 -> 82.69 | M42: =IFERROR((J42*($J$9/100))+(K42*($K$9/100)+(L42*($L$9/100))),"") -> 87.2796 | N42: ='MK3-PSTI'!D50 -> 90 | O42: ='MK3-PSTI'!E50 -> 90.29 | P42: ='MK3-PSTI'!F50 -> 82.69 | Q42: =IFERROR((N42*($N$9/100))+(O42*($O$9/100))+(P42*($P$9/100)),"") -> 86.5167 | R42: =IF('MK4-L&A'!D50="","",'MK4-L&A'!D50) -> 87.5 | S42: ='MK4-L&A'!E50 -> 86.36 | T42: ='MK4-L&A'!F50 -> 95.41 | U42: =IFERROR((R42*($R$9/100))+(S42*($S$9/100))+(T42*($T$9/100)),"") -> 90.9997 | V42: ='MK5-BP'!D50 -> 99.4 | W42: ='MK5-BP'!E50 -> 99.4 | X42: =IFERROR((V42*($V$9/100))+(W42*($W$9/100)),"") -> 99.4 | Y42: =IF('MK7-MBD'!D49="","",'MK7-MBD'!D49) -> 85.9 | Z42: =IF('MK7-MBD'!E49="","",'MK7-MBD'!E49) -> 85.9 | AA42: =IFERROR((Y42*($V$9/100))+(Z42*($W$9/100)),"") -> 85.9 | AB42: =IF(MK8_BID!D50="","",MK8_BID!D50) -> 89.7 | AC42: =IFERROR((AB42*($AB$9/100)),"") -> 89.7 | AE42: =IFERROR((D42*($D$9/100)+J42*($J$9/100)+N42*($N$9/100)+Y42*($Y$9/100)),"") -> 91.4723 | AF42: =IFERROR(AE42/$AE$8*100,"") -> 42.545256 | AG42: =IFERROR((#REF!*(#REF!/100)),"") | AH42: =IFERROR(AG42/$AG$8*100,"") | AI42: =IFERROR((R42*($R$9/100)+V42*($V$9/100)),"") -> 65.45 | AJ42: =IFERROR(AI42/$AI$8*100,"") -> 96.25 | AK42: =IFERROR((#REF!*(#REF!/100)),"") | AL42: =IFERROR(AK42/$AK$8*100,"") | AU42: =IFERROR((T42*($T$9/100)+W42*($W$9/100)),"") -> 96.4509 | AV42: =IFERROR(AU42/$AU$8*100,"") -> 97.425152 | AW42: =IFERROR((AB42*($AB$9/100)+#REF!*(#REF!/100)+#REF!*(#REF!/100)),"") | AX42: =IFERROR(AW42/$AW$8*100,"") | BA42: =IFERROR((#REF!*(#REF!/100)+#REF!*(#REF!/100)+#REF!*(#REF!/100)),"") | BB42: =IFERROR(BA42/$BA$8*100,"") | BC42: =IFERROR((H42*($H$9/100)+L42*($L$9/100)+P42*($P$9/100)+Z42*($Z$9/100)),"") -> 138.0697 | BD42: =IFERROR(BC42/$BC$8*100,"") -> 84.705337 | BE42: =IFERROR((#REF!*(#REF!/100)+#REF!*(#REF!/100)+#REF!*(#REF!/100)),"") | BF42: =IFERROR(BE42/$BE$8*100,"") | BI42: =IF(Y42="","",IFERROR(Y42*($Y$9/100),"")) -> 42.95 | BJ42: =IF(BI42="","",BI42/$BI$9) -> 0.859 | BK42: =IFERROR(IF(Z42="","",IFERROR(Z42*($Z$9/100),""))+IF(AB42="","",IFERROR(AB42*($AB$9/100),"")),"") -> 132.65 | BL42: =IF(BK42="","",BK42/$BK$9) -> 0.88433333 | BO42: =IFERROR(IF(D42="","",IFERROR(D42*($D$9/100),""))+IF(N42="","",IFERROR(N42*($N$9/100),"")),"") -> 34.1223 | BP42: =IF(BO42="","",BO42/$BO$9) -> 0.89795526 | BQ42: =IF(E42="","",IFERROR(E42*($E$9/100),"")) -> 19.756 | BR42: =IF(BQ42="","",BQ42/$BQ$9) -> 0.898 | BS42: =IFERROR(IF(F42="","",IFERROR(F42*($F$9/100),""))+IF(R42="","",IFERROR(R42*($R$9/100),"")),"") -> 36.358 | BT42: =IF(BS42="","",BS42/$BS$9) -> 0.88678049 | BU42: =IFERROR(IF(G42="","",IFERROR(G42*($G$9/100),""))+IF(O42="","",IFERROR(O42*($O$9/100),""))+IF(S42="","",IFERROR(S42*($S$9/100),"")),"") -> 80.8094 | BV42: =IF(BU42="","",BU42/$BU$9) -> 0.88801538 | BW42: =IFERROR(IF(H42="","",IFERROR(H42*($H$9/100),""))+IF(P42="","",IFERROR(P42*($P$9/100),""))+IF(T42="","",IFERROR(T42*($T$9/100),"")),"") -> 109.6215 | BX42: =IF(BW42="","",BW42/$BW$9) -> 0.89123171 | CB42: =IF(CA42="","",CA42/$CA$9) | CE42: =IF(V42="","",IFERROR(V42*($V$9/100),"")) -> 49.7 | CF42: =IF(CE42="","",CE42/$CE$9) -> 0.994 | CG42: =IF(W42="","",IFERROR(W42*($W$9/100),"")) -> 49.7 | CH42: =IF(CG42="","",CG42/$CG$9) -> 0.994 | CR42: =IF(CQ42="","",CQ42/$CQ$9) | CT42: =IF(CS42="","",CS42/$CS$9) | DT42: =IF(DS42="","",DS42/$DS$9) | DZ42: =IF(DY42="","",DY42/$DY$9) | EC42: =IF(J42="","",IFERROR(J42*($J$9/100),"")) -> 14.4 | ED42: =IF(EC42="","",EC42/$EC$9) -> 0.9 | EF42: =IF(EE42="","",EE42/$EE$9) | EH42: =IF(EG42="","",EG42/$EG$9) | EI42: =IF(K30="","",IFERROR(K42*($K$9/100),"")) -> 40.6305 | EJ42: =IF(EI42="","",EI42/$EI$9) -> 0.9029 | EM42: =IF(L30="","",IFERROR(L42*($L$9/100),"")) -> 32.2491 | EN42: =IF(EM42="","",EM42/$EM$9) -> 0.8269 | EP42: =IF(EO42="","",EO42/$EO$9) | ET42: =IF(ES42="","",ES42/$ES$9) | EV42: =IF(EU42="","",EU42/$EU$9) | EW42: =IFERROR(IF(#REF!="","",IFERROR(#REF!*(#REF!/100),"")),"") | EX42: =IF(EW42="","",EW42/$EW$9) | FE42: =IFERROR(IF(#REF!="","",IFERROR(#REF!*(#REF!/100),""))+IF(#REF!="","",IFERROR(#REF!*(#REF!/100),"")),"") | FF42: =IF(FE42="","",FE42/$FE$9) | FG42: =IFERROR(IF(H42="","",IFERROR(H42*($H$9/100),""))+IF(L42="","",IFERROR(L42*($L$9/100),""))+IF(P42="","",IFERROR(P42*($P$9/100),""))+IF(Z42="","",IFERROR(Z42*($Z$9/100),"")),"") -> 138.0697 | FH42: =IF(FG42="","",FG42/$FG$9) -> 0.84705337 | FK42: =IFERROR(IF(#REF!="","",IFERROR(#REF!*(#REF!/100),""))+IF(#REF!="","",IFERROR(#REF!*(#REF!/100),"")),"") | FL42: =IF(FK42="","",FK42/$FK$9) | FM42: =IFERROR(IF(#REF!="","",IFERROR(#REF!*(#REF!/100),"")),"") | FN42: =IF(FM42="","",FM42/$FM$9) | FO42: =SUM(BI42:FM42) -> 792.68667 | FP42: =FO42/$FO$9 -> #REF!
A43: 33 | B43: 24.05.52.3009 | C43: DEBY KARUNIA ANGGRAENI | D43: ='MK1-TM'!D51 -> 90.13 | E43: ='MK1-TM'!E51 -> 90.2 | F43: ='MK1-TM'!F51 -> 90.33 | G43: ='MK1-TM'!G51 -> 88.59 | H43: ='MK1-TM'!H51 -> 87.93 | I43: =IFERROR((D43*($D$9/100))+(E43*($E$9/100))+(F43*($F$9/100))+(G43*($G$9/100))+(H43*($H$9/100)),"") -> 102.7913 | J43: ='MK2-TO'!D51 -> 90 | K43: ='MK2-TO'!E51 -> 90.29 | L43: ='MK2-TO'!F51 -> 82.05 | M43: =IFERROR((J43*($J$9/100))+(K43*($K$9/100)+(L43*($L$9/100))),"") -> 87.03 | N43: ='MK3-PSTI'!D51 -> 90 | O43: ='MK3-PSTI'!E51 -> 90.29 | P43: ='MK3-PSTI'!F51 -> 82.05 | Q43: =IFERROR((N43*($N$9/100))+(O43*($O$9/100))+(P43*($P$9/100)),"") -> 86.2031 | R43: =IF('MK4-L&A'!D51="","",'MK4-L&A'!D51) -> 83.33 | S43: ='MK4-L&A'!E51 -> 81.82 | T43: ='MK4-L&A'!F51 -> 83.16 | U43: =IFERROR((R43*($R$9/100))+(S43*($S$9/100))+(T43*($T$9/100)),"") -> 82.7484 | V43: ='MK5-BP'!D51 -> 95.9 | W43: ='MK5-BP'!E51 -> 88.4 | X43: =IFERROR((V43*($V$9/100))+(W43*($W$9/100)),"") -> 92.15 | Y43: =IF('MK7-MBD'!D50="","",'MK7-MBD'!D50) -> 86.5 | Z43: =IF('MK7-MBD'!E50="","",'MK7-MBD'!E50) -> 86.5 | AA43: =IFERROR((Y43*($V$9/100))+(Z43*($W$9/100)),"") -> 86.5 | AB43: =IF(MK8_BID!D51="","",MK8_BID!D51) -> 89.7 | AC43: =IFERROR((AB43*($AB$9/100)),"") -> 89.7 | AE43: =IFERROR((D43*($D$9/100)+J43*($J$9/100)+N43*($N$9/100)+Y43*($Y$9/100)),"") -> 91.8773 | AF43: =IFERROR(AE43/$AE$8*100,"") -> 42.733628 | AG43: =IFERROR((#REF!*(#REF!/100)),"") | AH43: =IFERROR(AG43/$AG$8*100,"") | AI43: =IFERROR((R43*($R$9/100)+V43*($V$9/100)),"") -> 62.9494 | AJ43: =IFERROR(AI43/$AI$8*100,"") -> 92.572647 | AK43: =IFERROR((#REF!*(#REF!/100)),"") | AL43: =IFERROR(AK43/$AK$8*100,"") | AU43: =IFERROR((T43*($T$9/100)+W43*($W$9/100)),"") -> 84.9484 | AV43: =IFERROR(AU43/$AU$8*100,"") -> 85.806465 | AW43: =IFERROR((AB43*($AB$9/100)+#REF!*(#REF!/100)+#REF!*(#REF!/100)),"") | AX43: =IFERROR(AW43/$AW$8*100,"") | BA43: =IFERROR((#REF!*(#REF!/100)+#REF!*(#REF!/100)+#REF!*(#REF!/100)),"") | BB43: =IFERROR(BA43/$BA$8*100,"") | BC43: =IFERROR((H43*($H$9/100)+L43*($L$9/100)+P43*($P$9/100)+Z43*($Z$9/100)),"") -> 137.4365 | BD43: =IFERROR(BC43/$BC$8*100,"") -> 84.316871 | BE43: =IFERROR((#REF!*(#REF!/100)+#REF!*(#REF!/100)+#REF!*(#REF!/100)),"") | BF43: =IFERROR(BE43/$BE$8*100,"") | BI43: =IF(Y43="","",IFERROR(Y43*($Y$9/100),"")) -> 43.25 | BJ43: =IF(BI43="","",BI43/$BI$9) -> 0.865 | BK43: =IFERROR(IF(Z43="","",IFERROR(Z43*($Z$9/100),""))+IF(AB43="","",IFERROR(AB43*($AB$9/100),"")),"") -> 132.95 | BL43: =IF(BK43="","",BK43/$BK$9) -> 0.88633333 | BO43: =IFERROR(IF(D43="","",IFERROR(D43*($D$9/100),""))+IF(N43="","",IFERROR(N43*($N$9/100),"")),"") -> 34.2273 | BP43: =IF(BO43="","",BO43/$BO$9) -> 0.90071842 | BQ43: =IF(E43="","",IFERROR(E43*($E$9/100),"")) -> 19.844 | BR43: =IF(BQ43="","",BQ43/$BQ$9) -> 0.902 | BS43: =IFERROR(IF(F43="","",IFERROR(F43*($F$9/100),""))+IF(R43="","",IFERROR(R43*($R$9/100),"")),"") -> 35.7753 | BT43: =IF(BS43="","",BS43/$BS$9) -> 0.87256829 | BU43: =IFERROR(IF(G43="","",IFERROR(G43*($G$9/100),""))+IF(O43="","",IFERROR(O43*($O$9/100),""))+IF(S43="","",IFERROR(S43*($S$9/100),"")),"") -> 78.9608 | BV43: =IF(BU43="","",BU43/$BU$9) -> 0.8677011 | BW43: =IFERROR(IF(H43="","",IFERROR(H43*($H$9/100),""))+IF(P43="","",IFERROR(P43*($P$9/100),""))+IF(T43="","",IFERROR(T43*($T$9/100),"")),"") -> 102.9354 | BX43: =IF(BW43="","",BW43/$BW$9) -> 0.83687317 | CB43: =IF(CA43="","",CA43/$CA$9) | CE43: =IF(V43="","",IFERROR(V43*($V$9/100),"")) -> 47.95 | CF43: =IF(CE43="","",CE43/$CE$9) -> 0.959 | CG43: =IF(W43="","",IFERROR(W43*($W$9/100),"")) -> 44.2 | CH43: =IF(CG43="","",CG43/$CG$9) -> 0.884 | CR43: =IF(CQ43="","",CQ43/$CQ$9) | CT43: =IF(CS43="","",CS43/$CS$9) | DT43: =IF(DS43="","",DS43/$DS$9) | DZ43: =IF(DY43="","",DY43/$DY$9) | EC43: =IF(J43="","",IFERROR(J43*($J$9/100),"")) -> 14.4 | ED43: =IF(EC43="","",EC43/$EC$9) -> 0.9 | EF43: =IF(EE43="","",EE43/$EE$9) | EH43: =IF(EG43="","",EG43/$EG$9) | EI43: =IF(K31="","",IFERROR(K43*($K$9/100),"")) -> 40.6305 | EJ43: =IF(EI43="","",EI43/$EI$9) -> 0.9029 | EM43: =IF(L31="","",IFERROR(L43*($L$9/100),"")) -> 31.9995 | EN43: =IF(EM43="","",EM43/$EM$9) -> 0.8205 | EP43: =IF(EO43="","",EO43/$EO$9) | ET43: =IF(ES43="","",ES43/$ES$9) | EV43: =IF(EU43="","",EU43/$EU$9) | EW43: =IFERROR(IF(#REF!="","",IFERROR(#REF!*(#REF!/100),"")),"") | EX43: =IF(EW43="","",EW43/$EW$9) | FE43: =IFERROR(IF(#REF!="","",IFERROR(#REF!*(#REF!/100),""))+IF(#REF!="","",IFERROR(#REF!*(#REF!/100),"")),"") | FF43: =IF(FE43="","",FE43/$FE$9) | FG43: =IFERROR(IF(H43="","",IFERROR(H43*($H$9/100),""))+IF(L43="","",IFERROR(L43*($L$9/100),""))+IF(P43="","",IFERROR(P43*($P$9/100),""))+IF(Z43="","",IFERROR(Z43*($Z$9/100),"")),"") -> 137.4365 | FH43: =IF(FG43="","",FG43/$FG$9) -> 0.84316871 | FK43: =IFERROR(IF(#REF!="","",IFERROR(#REF!*(#REF!/100),""))+IF(#REF!="","",IFERROR(#REF!*(#REF!/100),"")),"") | FL43: =IF(FK43="","",FK43/$FK$9) | FM43: =IFERROR(IF(#REF!="","",IFERROR(#REF!*(#REF!/100),"")),"") | FN43: =IF(FM43="","",FM43/$FM$9) | FO43: =SUM(BI43:FM43) -> 776.00006 | FP43: =FO43/$FO$9 -> #REF!
A44: 34 | B44: 24.05.52.3010 | C44: PUTRY MEINERS ELISABET FAHIK | D44: ='MK1-TM'!D52 -> 80.25 | E44: ='MK1-TM'!E52 -> 80.47 | F44: ='MK1-TM'!F52 -> 80.27 | G44: ='MK1-TM'!G52 -> 80.55 | H44: ='MK1-TM'!H52 -> 79.44 | I44: =IFERROR((D44*($D$9/100))+(E44*($E$9/100))+(F44*($F$9/100))+(G44*($G$9/100))+(H44*($H$9/100)),"") -> 92.21 | J44: ='MK2-TO'!D52 -> 90 | K44: ='MK2-TO'!E52 -> 90.29 | L44: ='MK2-TO'!F52 -> 82.69 | M44: =IFERROR((J44*($J$9/100))+(K44*($K$9/100)+(L44*($L$9/100))),"") -> 87.2796 | N44: ='MK3-PSTI'!D52 -> 90 | O44: ='MK3-PSTI'!E52 -> 90.29 | P44: ='MK3-PSTI'!F52 -> 82.69 | Q44: =IFERROR((N44*($N$9/100))+(O44*($O$9/100))+(P44*($P$9/100)),"") -> 86.5167 | R44: =IF('MK4-L&A'!D52="","",'MK4-L&A'!D52) -> 83.89 | S44: ='MK4-L&A'!E52 -> 82.27 | T44: ='MK4-L&A'!F52 -> 87.24 | U44: =IFERROR((R44*($R$9/100))+(S44*($S$9/100))+(T44*($T$9/100)),"") -> 84.9969 | V44: ='MK5-BP'!D52 -> 84.9 | W44: ='MK5-BP'!E52 -> 65.4 | X44: =IFERROR((V44*($V$9/100))+(W44*($W$9/100)),"") -> 75.15 | Y44: =IF('MK7-MBD'!D51="","",'MK7-MBD'!D51) -> 86.5 | Z44: =IF('MK7-MBD'!E51="","",'MK7-MBD'!E51) -> 86.5 | AA44: =IFERROR((Y44*($V$9/100))+(Z44*($W$9/100)),"") -> 86.5 | AB44: =IF(MK8_BID!D52="","",MK8_BID!D52) -> 89.7 | AC44: =IFERROR((AB44*($AB$9/100)),"") -> 89.7 | AE44: =IFERROR((D44*($D$9/100)+J44*($J$9/100)+N44*($N$9/100)+Y44*($Y$9/100)),"") -> 89.8025 | AF44: =IFERROR(AE44/$AE$8*100,"") -> 41.768605 | AG44: =IFERROR((#REF!*(#REF!/100)),"") | AH44: =IFERROR(AG44/$AG$8*100,"") | AI44: =IFERROR((R44*($R$9/100)+V44*($V$9/100)),"") -> 57.5502 | AJ44: =IFERROR(AI44/$AI$8*100,"") -> 84.632647 | AK44: =IFERROR((#REF!*(#REF!/100)),"") | AL44: =IFERROR(AK44/$AK$8*100,"") | AU44: =IFERROR((T44*($T$9/100)+W44*($W$9/100)),"") -> 75.4476 | AV44: =IFERROR(AU44/$AU$8*100,"") -> 76.209697 | AW44: =IFERROR((AB44*($AB$9/100)+#REF!*(#REF!/100)+#REF!*(#REF!/100)),"") | AX44: =IFERROR(AW44/$AW$8*100,"") | BA44: =IFERROR((#REF!*(#REF!/100)+#REF!*(#REF!/100)+#REF!*(#REF!/100)),"") | BB44: =IFERROR(BA44/$BA$8*100,"") | BC44: =IFERROR((H44*($H$9/100)+L44*($L$9/100)+P44*($P$9/100)+Z44*($Z$9/100)),"") -> 135.8772 | BD44: =IFERROR(BC44/$BC$8*100,"") -> 83.360245 | BE44: =IFERROR((#REF!*(#REF!/100)+#REF!*(#REF!/100)+#REF!*(#REF!/100)),"") | BF44: =IFERROR(BE44/$BE$8*100,"") | BI44: =IF(Y44="","",IFERROR(Y44*($Y$9/100),"")) -> 43.25 | BJ44: =IF(BI44="","",BI44/$BI$9) -> 0.865 | BK44: =IFERROR(IF(Z44="","",IFERROR(Z44*($Z$9/100),""))+IF(AB44="","",IFERROR(AB44*($AB$9/100),"")),"") -> 132.95 | BL44: =IF(BK44="","",BK44/$BK$9) -> 0.88633333 | BO44: =IFERROR(IF(D44="","",IFERROR(D44*($D$9/100),""))+IF(N44="","",IFERROR(N44*($N$9/100),"")),"") -> 32.1525 | BP44: =IF(BO44="","",BO44/$BO$9) -> 0.84611842 | BQ44: =IF(E44="","",IFERROR(E44*($E$9/100),"")) -> 17.7034 | BR44: =IF(BQ44="","",BQ44/$BQ$9) -> 0.8047 | BS44: =IFERROR(IF(F44="","",IFERROR(F44*($F$9/100),""))+IF(R44="","",IFERROR(R44*($R$9/100),"")),"") -> 33.5623 | BT44: =IF(BS44="","",BS44/$BS$9) -> 0.81859268 | BU44: =IFERROR(IF(G44="","",IFERROR(G44*($G$9/100),""))+IF(O44="","",IFERROR(O44*($O$9/100),""))+IF(S44="","",IFERROR(S44*($S$9/100),"")),"") -> 77.1797 | BV44: =IF(BU44="","",BU44/$BU$9) -> 0.84812857 | BW44: =IFERROR(IF(H44="","",IFERROR(H44*($H$9/100),""))+IF(P44="","",IFERROR(P44*($P$9/100),""))+IF(T44="","",IFERROR(T44*($T$9/100),"")),"") -> 103.1257 | BX44: =IF(BW44="","",BW44/$BW$9) -> 0.83842033 | CB44: =IF(CA44="","",CA44/$CA$9) | CE44: =IF(V44="","",IFERROR(V44*($V$9/100),"")) -> 42.45 | CF44: =IF(CE44="","",CE44/$CE$9) -> 0.849 | CG44: =IF(W44="","",IFERROR(W44*($W$9/100),"")) -> 32.7 | CH44: =IF(CG44="","",CG44/$CG$9) -> 0.654 | CR44: =IF(CQ44="","",CQ44/$CQ$9) | CT44: =IF(CS44="","",CS44/$CS$9) | DT44: =IF(DS44="","",DS44/$DS$9) | DZ44: =IF(DY44="","",DY44/$DY$9) | EC44: =IF(J44="","",IFERROR(J44*($J$9/100),"")) -> 14.4 | ED44: =IF(EC44="","",EC44/$EC$9) -> 0.9 | EF44: =IF(EE44="","",EE44/$EE$9) | EH44: =IF(EG44="","",EG44/$EG$9) | EI44: =IF(K32="","",IFERROR(K44*($K$9/100),"")) -> 40.6305 | EJ44: =IF(EI44="","",EI44/$EI$9) -> 0.9029 | EM44: =IF(L32="","",IFERROR(L44*($L$9/100),"")) -> 32.2491 | EN44: =IF(EM44="","",EM44/$EM$9) -> 0.8269 | EP44: =IF(EO44="","",EO44/$EO$9) | ET44: =IF(ES44="","",ES44/$ES$9) | EV44: =IF(EU44="","",EU44/$EU$9) | EW44: =IFERROR(IF(#REF!="","",IFERROR(#REF!*(#REF!/100),"")),"") | EX44: =IF(EW44="","",EW44/$EW$9) | FE44: =IFERROR(IF(#REF!="","",IFERROR(#REF!*(#REF!/100),""))+IF(#REF!="","",IFERROR(#REF!*(#REF!/100),"")),"") | FF44: =IF(FE44="","",FE44/$FE$9) | FG44: =IFERROR(IF(H44="","",IFERROR(H44*($H$9/100),""))+IF(L44="","",IFERROR(L44*($L$9/100),""))+IF(P44="","",IFERROR(P44*($P$9/100),""))+IF(Z44="","",IFERROR(Z44*($Z$9/100),"")),"") -> 135.8772 | FH44: =IF(FG44="","",FG44/$FG$9) -> 0.83360245 | FK44: =IFERROR(IF(#REF!="","",IFERROR(#REF!*(#REF!/100),""))+IF(#REF!="","",IFERROR(#REF!*(#REF!/100),"")),"") | FL44: =IF(FK44="","",FK44/$FK$9) | FM44: =IFERROR(IF(#REF!="","",IFERROR(#REF!*(#REF!/100),"")),"") | FN44: =IF(FM44="","",FM44/$FM$9) | FO44: =SUM(BI44:FM44) -> 749.1041 | FP44: =FO44/$FO$9 -> #REF!
A45: 35 | B45: 24.05.52.3011 | C45: AMINATUL AROFAH | D45: ='MK1-TM'!D53 -> 0 | E45: ='MK1-TM'!E53 -> 0 | F45: ='MK1-TM'!F53 -> 0 | G45: ='MK1-TM'!G53 -> 0 | H45: ='MK1-TM'!H53 -> 0 | I45: =IFERROR((D45*($D$9/100))+(E45*($E$9/100))+(F45*($F$9/100))+(G45*($G$9/100))+(H45*($H$9/100)),"") -> 0 | J45: ='MK2-TO'!D53 -> 0 | K45: ='MK2-TO'!E53 -> 0 | L45: ='MK2-TO'!F53 -> 0 | M45: =IFERROR((J45*($J$9/100))+(K45*($K$9/100)+(L45*($L$9/100))),"") -> 0 | N45: ='MK3-PSTI'!D53 -> 0 | O45: ='MK3-PSTI'!E53 -> 0 | P45: ='MK3-PSTI'!F53 -> 0 | Q45: =IFERROR((N45*($N$9/100))+(O45*($O$9/100))+(P45*($P$9/100)),"") -> 0 | R45: =IF('MK4-L&A'!D53="","",'MK4-L&A'!D53) | S45: ='MK4-L&A'!E53 -> 0 | T45: ='MK4-L&A'!F53 -> 0 | U45: =IFERROR((R45*($R$9/100))+(S45*($S$9/100))+(T45*($T$9/100)),"") | V45: ='MK5-BP'!D53 -> 0 | W45: ='MK5-BP'!E53 -> 0 | X45: =IFERROR((V45*($V$9/100))+(W45*($W$9/100)),"") -> 0 | Y45: =IF('MK7-MBD'!D52="","",'MK7-MBD'!D52) | Z45: =IF('MK7-MBD'!E52="","",'MK7-MBD'!E52) | AA45: =IFERROR((Y45*($V$9/100))+(Z45*($W$9/100)),"") | AB45: =IF(MK8_BID!D53="","",MK8_BID!D53) | AC45: =IFERROR((AB45*($AB$9/100)),"") | AE45: =IFERROR((D45*($D$9/100)+J45*($J$9/100)+N45*($N$9/100)+Y45*($Y$9/100)),"") | AF45: =IFERROR(AE45/$AE$8*100,"") | AG45: =IFERROR((#REF!*(#REF!/100)),"") | AH45: =IFERROR(AG45/$AG$8*100,"") | AI45: =IFERROR((R45*($R$9/100)+V45*($V$9/100)),"") | AJ45: =IFERROR(AI45/$AI$8*100,"") | AK45: =IFERROR((#REF!*(#REF!/100)),"") | AL45: =IFERROR(AK45/$AK$8*100,"") | AU45: =IFERROR((T45*($T$9/100)+W45*($W$9/100)),"") -> 0 | AV45: =IFERROR(AU45/$AU$8*100,"") -> 0 | AW45: =IFERROR((AB45*($AB$9/100)+#REF!*(#REF!/100)+#REF!*(#REF!/100)),"") | AX45: =IFERROR(AW45/$AW$8*100,"") | BA45: =IFERROR((#REF!*(#REF!/100)+#REF!*(#REF!/100)+#REF!*(#REF!/100)),"") | BB45: =IFERROR(BA45/$BA$8*100,"") | BC45: =IFERROR((H45*($H$9/100)+L45*($L$9/100)+P45*($P$9/100)+Z45*($Z$9/100)),"") | BD45: =IFERROR(BC45/$BC$8*100,"") | BE45: =IFERROR((#REF!*(#REF!/100)+#REF!*(#REF!/100)+#REF!*(#REF!/100)),"") | BF45: =IFERROR(BE45/$BE$8*100,"") | BI45: =IF(Y45="","",IFERROR(Y45*($Y$9/100),"")) | BJ45: =IF(BI45="","",BI45/$BI$9) | BK45: =IFERROR(IF(Z45="","",IFERROR(Z45*($Z$9/100),""))+IF(AB45="","",IFERROR(AB45*($AB$9/100),"")),"") | BL45: =IF(BK45="","",BK45/$BK$9) | CB45: =IF(CA45="","",CA45/$CA$9) | CF45: =IF(CE45="","",CE45/$CE$9) | CH45: =IF(CG45="","",CG45/$CG$9) | CQ45: =IF(R45="","",IFERROR(R45*($R$9/100),"")) | CR45: =IF(CQ45="","",CQ45/$CQ$9) | CT45: =IF(CS45="","",CS45/$CS$9) | DT45: =IF(DS45="","",DS45/$DS$9) | DZ45: =IF(DY45="","",DY45/$DY$9) | EP45: =IF(EO45="","",EO45/$EO$9) | ET45: =IF(ES45="","",ES45/$ES$9) | EV45: =IF(EU45="","",EU45/$EU$9) | EW45: =IFERROR(IF(#REF!="","",IFERROR(#REF!*(#REF!/100),"")),"") | EX45: =IF(EW45="","",EW45/$EW$9) | FE45: =IFERROR(IF(#REF!="","",IFERROR(#REF!*(#REF!/100),""))+IF(#REF!="","",IFERROR(#REF!*(#REF!/100),"")),"") | FF45: =IF(FE45="","",FE45/$FE$9) | FG45: =IFERROR(IF(H45="","",IFERROR(H45*($H$9/100),""))+IF(L45="","",IFERROR(L45*($L$9/100),""))+IF(P45="","",IFERROR(P45*($P$9/100),""))+IF(Z45="","",IFERROR(Z45*($Z$9/100),"")),"") | FH45: =IF(FG45="","",FG45/$FG$9) | FK45: =IFERROR(IF(#REF!="","",IFERROR(#REF!*(#REF!/100),""))+IF(#REF!="","",IFERROR(#REF!*(#REF!/100),"")),"") | FL45: =IF(FK45="","",FK45/$FK$9) | FM45: =IFERROR(IF(#REF!="","",IFERROR(#REF!*(#REF!/100),"")),"") | FN45: =IF(FM45="","",FM45/$FM$9) | FO45: =SUM(BI45:FM45) -> 0 | FP45: =FO45/$FO$9 -> #REF!
