Workbook

Sheet Mhsw2024
A1: No | B1: NIM | C1: Nama Mahasiswa
A2: 1 | B2: 24.05.52.0002 | C2: SNEHA JAYA BAIDURI
A3: 2 | B3: 24.05.52.0003 | C3: ALFARIESSA GIFTHA ANDREA PITALOKA
A4: 3 | B4: 24.05.52.0004 | C4: MAHARANI PUTRI RUSTIANTI
A5: 4 | B5: 24.05.52.0005 | C5: FLORA SUCI FERONIKA
A6: 5 | B6: 24.05.52.0006 | C6: AATHIRA AUFA AZ-ZAHRA
A7: 6 | B7: 24.05.52.0007 | C7: SHEILA MONA PUTRI IKSANTI
A8: 7 | B8: 24.05.52.0008 | C8: RAIHAN RIFA MAHARADITYA
A9: 8 | B9: 24.05.52.0009 | C9: MARLINA DWI SAPUTRI
A10: 9 | B10: 24.05.52.0011 | C10: JONATHAN REXY FERDINAN
A11: 10 | B11: 24.05.52.0012 | C11: GITA TEONANDA ARELLIA
A12: 11 | B12: 24.05.52.0013 | C12: MUHAMMAD MAFTUF
A13: 12 | B13: 24.05.52.0014 | C13: ARELIA SALSABILA SAFITRI
... A37: 36 | B37: 24.05.52.3012 | C37: RORO AYU SUKMAWATI

Sheet ListMKSmt-1
A1: No | B1: ID | C1: Smtr | D1: Kode Matakuliah | E1: Nama Matakuliah | F1: Kategori | G1: SKS | H1: 1 | I1: 2 | J1: 3 | K1: 4 | L1: 5 | M1: 6 | N1: 7 | O1: 8 | AF1: No | AH1: Kode Matakuliah | AI1: Nama Matakuliah | AJ1: Kategori | AK1: SKS | AL1: 1 | AM1: 2 | AN1: 3 | AO1: 4 | AP1: 5 | AQ1: 6 | AR1: 7 | AS1: 8
A2: 1 | B2: MK16 | C2: I | D2: P.24.05.52.3.11 | E2: Akuntansi Keuangan Menengah 1 | F2: Wajib | G2: 3 | J2: V | AF2: 1 | AG2: MK1 | AH2: P.20.01.55.1.01 | AI2: TEORI MANAJEMEN | AJ2: Wajib | AK2: 2 | AL2: V
A3: 2 | B3: MK17 | C3: I | D3: P.24.05.52.3.12 | E3: Statistika 1 | F3: Wajib | G3: 3 | J3: V | AF3: 2 | AG3: MK2 | AH3: P.20.01.55.1.02 | AI3: TEORI ORGANISASI | AJ3: Wajib | AK3: 2 | AL3: V
A4: 3 | B4: MK18 | C4: I | D4: P.24.05.52.3.13 | E4: Pengauditan 1 | F4: Wajib | G4: 3 | J4: V | AF4: 3 | AG4: MK3 | AH4: P.20.01.55.1.03 | AI4: KONSEP SISTEM DAN TEKNOLOGI INFORMASI | AJ4: Wajib | AK4: 2 | AL4: V
A5: 4 | B5: MK19 | C5: I | D5: P.24.05.52.3.14 | E5: Akuntansi Pajak | F5: Wajib | G5: 2 | J5: V | AF5: 4 | AG5: MK4 | AH5: P.20.01.55.1.04 | AI5: LOGIKA DAN ALGORITMA | AJ5: Wajib | AK5: 3 | AL5: V
A6: 5 | B6: MK20 | C6: I | D6: P.24.05.52.3.15 | E6: Akuntansi Manajemen | F6: Wajib | G6: 3 | J6: V | AF6: 5 | AG6: MK5 | AH6: P.20.01.55.1.05 | AI6: BAHASA PEMROGRAMAN | AJ6: Wajib | AK6: 2 | AL6: V
A7: 6 | B7: MK21 | C7: I | D7: P.24.05.52.3.16 | E7: Manajemen Keuangan | F7: Wajib | G7: 3 | J7: V | AF7: 6 | AG7: MK6 | AH7: P.20.01.55.1.06 | AI7: LOGIKA MATEMATIKA | AJ7: Wajib | AK7: 3 | AL7: V
A8: 7 | B8: MK22 | C8: I | D8: U.24.05.52.3.06 | E8: Entrepreneurship for Start-up | F8: Wajib | G8: 3 | J8: V | AF8: 7 | AG8: MK7 | AH8: P.20.01.55.1.07 | AI8: MANAJEMEN BASIS DATA | AJ8: Wajib | AK8: 3 | AL8: V
A9: =SUM(G2:G8) -> 20 | AF9: 8 | AG9: MK8 | AH9: U.20.01.55.1.01 | AI9: BAHASA INGGRIS DASAR | AJ9: Wajib | AK9: 2 | AL9: V

Sheet MK1-TM
A1: FORM MONITORING DAN EVALUASI
A2: KETERCAPAIAN CAPAIAN PEMBELAJARAN MATAKULIAH(CPMK) PADA SATU ANGKATAN
A4: Tahun Akademik | C4: : 2025/2026 | E4: Program Studi | G4: : Akuntansi
A5: Kode Matakuliah | C5: : P.24.05.52.3.11 | E5: Fakultas | G5: : Ekonomika dan Bisnis
A6: Nama Matakuliah | C6: : Akuntansi Keuangan Menengah 1
A7: SKS Matakuliah | C7: : 3
A8: Semester/ Kelas | C8: : I / A1+DLC
A9: Dosen Pengampu | C9: : 1. Y.2.00.04.114 CAHYANI NUSWANDARI, SE., M.Si., Ak CA
D12: ='ListMKSmt-1'!B2 -> MK16 | G12: Nilai Akhir MK | H12: Nilai Huruf
D13: ='ListMKSmt-1'!D2 -> P.24.05.52.3.11
D14: ='ListMKSmt-1'!E2 -> Akuntansi Keuangan Menengah 1
D15: CPL02 | E15: CPL02 | F15: CPL02
D16: CPMK022 | E16: CPMK024 | F16: CPMK025
D17: 23 | E17: 42 | F17: 35
A18: No | B18: NIM | C18: Nama Mahasiswa
A19: 1 | B19: 24.05.52.0002 | C19: SNEHA JAYA BAIDURI | D19: 83.7 | E19: 82.26 | F19: 88.86 | G19: =IFERROR((D19*($D$17/100))+(E19*($E$17/100))+(F19*($F$17/100)),"") -> 84.9012 | H19: =IFERROR(VLOOKUP(G19,[1]Sheet1!$AA$1:$AB$10,2),"") -> A-
A20: 2 | B20: 24.05.52.0003 | C20: ALFARIESSA GIFTHA ANDREA P | D20: 79.13 | E20: 73.57 | F20: 84.71 | G20: =IFERROR((D20*($D$17/100))+(E20*($E$17/100))+(F20*($F$17/100)),"") -> 78.7478 | H20: =IFERROR(VLOOKUP(G20,[1]Sheet1!$AA$1:$AB$10,2),"") -> B+
A21: 3 | B21: 24.05.52.0004 | C21: MAHARANI PUTRI RUSTIANTI | D21: 78.91 | E21: 72.26 | F21: 74 | G21: =IFERROR((D21*($D$17/100))+(E21*($E$17/100))+(F21*($F$17/100)),"") -> 74.3985 | H21: =IFERROR(VLOOKUP(G21,[1]Sheet1!$AA$1:$AB$10,2),"") -> B
A22: 4 | B22: 24.05.52.0005 | C22: FLORA SUCI FERONIKA | D22: 66.74 | E22: 58.21 | F22: 72.14 | G22: =IFERROR((D22*($D$17/100))+(E22*($E$17/100))+(F22*($F$17/100)),"") -> 65.0474 | H22: =IFERROR(VLOOKUP(G22,[1]Sheet1!$AA$1:$AB$10,2),"") -> C+
A23: 5 | B23: 24.05.52.0006 | C23: AATHIRA AUFA AZ-ZAHRA | D23: 76.3 | E23: 69.64 | F23: 75 | G23: =IFERROR((D23*($D$17/100))+(E23*($E$17/100))+(F23*($F$17/100)),"") -> 73.0478 | H23: =IFERROR(VLOOKUP(G23,[1]Sheet1!$AA$1:$AB$10,2),"") -> B
A24: 6 | B24: 24.05.52.0007 | C24: SHEILA MONA PUTRI IKSANTI | D24: 64.13 | E24: 49.64 | F24: 55 | G24: =IFERROR((D24*($D$17/100))+(E24*($E$17/100))+(F24*($F$17/100)),"") -> 54.8487 | H24: =IFERROR(VLOOKUP(G24,[1]Sheet1!$AA$1:$AB$10,2),"") -> C-
A25: 7 | B25: 24.05.52.0008 | C25: RAIHAN RIFA MAHARADITYA | D25: 92.17 | E25: 80.24 | F25: 61.57 | G25: =IFERROR((D25*($D$17/100))+(E25*($E$17/100))+(F25*($F$17/100)),"") -> 76.4494 | H25: =IFERROR(VLOOKUP(G25,[1]Sheet1!$AA$1:$AB$10,2),"") -> B+
A26: 8 | B26: 24.05.52.0009 | C26: MARLINA DWI SAPUTRI | D26: 72.83 | E26: 67.74 | F26: 80.71 | G26: =IFERROR((D26*($D$17/100))+(E26*($E$17/100))+(F26*($F$17/100)),"") -> 73.4502 | H26: =IFERROR(VLOOKUP(G26,[1]Sheet1!$AA$1:$AB$10,2),"") -> B
A27: 9 | B27: 24.05.52.0011 | C27: JONATHAN REXY FERDINAN | D27: 70.96 | E27: 62.9 | F27: 77.03 | G27: =IFERROR((D27*($D$17/100))+(E27*($E$17/100))+(F27*($F$17/100)),"") -> 69.6993 | H27: =IFERROR(VLOOKUP(G27,[1]Sheet1!$AA$1:$AB$10,2),"") -> B-
A28: 10 | B28: 24.05.52.0012 | C28: GITA TEONANDA ARELLIA | D28: 89.13 | E28: 82.86 | F28: 84.86 | G28: =IFERROR((D28*($D$17/100))+(E28*($E$17/100))+(F28*($F$17/100)),"") -> 85.0021 | H28: =IFERROR(VLOOKUP(G28,[1]Sheet1!$AA$1:$AB$10,2),"") -> A-
A29: 11 | B29: 24.05.52.0014 | C29: ARELIA SALSABILA SAFITRI | D29: 87.91 | E29: 82.67 | F29: 86.31 | G29: =IFERROR((D29*($D$17/100))+(E29*($E$17/100))+(F29*($F$17/100)),"") -> 85.1492 | H29: =IFERROR(VLOOKUP(G29,[1]Sheet1!$AA$1:$AB$10,2),"") -> A-
A30: 12 | B30: 24.05.52.0015 | C30: JULLER IBEL LAURENTIUS TURNIP | D30: 0 | E30: 0 | F30: 0 | G30: =IFERROR((D30*($D$17/100))+(E30*($E$17/100))+(F30*($F$17/100)),"") -> 0 | H30: =IFERROR(VLOOKUP(G30,[1]Sheet1!$AA$1:$AB$10,2),"") -> E
... A50: 32 | B50: 24.05.52.3010 | C50: PUTRY MEINERS ELISABET FAHIK | D50: 90.52 | E50: 88.62 | F50: 84.6 | G50: =IFERROR((D50*($D$17/100))+(E50*($E$17/100))+(F50*($F$17/100)),"") -> 87.65 | H50: =IFERROR(VLOOKUP(G50,[1]Sheet1!$AA$1:$AB$10,2),"") -> A-
D52: =D16 -> CPMK022 | E52: =E16 -> CPMK024 | F52: =F16 -> CPMK025 | G52: =G12 -> Nilai Akhir MK
C53: Tidak KRS/ Tidak Aktif | D53: =IFERROR(COUNTIF(D19:D50,""),"") -> 0 | E53: =IFERROR(COUNTIF(E19:E50,""),"") -> 0 | F53: =IFERROR(COUNTIF(F19:F50,""),"") -> 0 | G53: =IFERROR(COUNTIF(G19:G50,""),"") -> 0
C54: <=65 | D54: =IFERROR(COUNTIF(D19:D50,C54)+COUNTIF(D19:D50,""),"")-D53 -> 3 | E54: =IFERROR(COUNTIF(E19:E50,C54)+COUNTIF(E19:E50,""),"")-E53 -> 6 | F54: =IFERROR(COUNTIF(F19:F50,C54)+COUNTIF(F19:F50,""),"")-F53 -> 6 | G54: =IFERROR(COUNTIF(G19:G50,C54)+COUNTIF(G19:G50,""),"")-G53 -> 4
C55: <85 | D55: =IFERROR(COUNTIF(D19:D50,C55)-D54,"") -> 19 | E55: =IFERROR(COUNTIF(E19:E50,$C$55)-E54,"") -> 21 | F55: =IFERROR(COUNTIF(F19:F50,$C$55)-F54,"") -> 19 | G55: =IFERROR(COUNTIF(G19:G50,C55)-G54,"") -> 21
C56: >=85 | D56: =COUNTIF(D19:D50,$C$56) -> 10 | E56: =COUNTIF(E19:E50,$C$56) -> 5 | F56: =COUNTIF(F19:F50,$C$56) -> 7 | G56: =IFERROR(COUNTIF(G19:G50,C56),"") -> 7
C57: Total | D57: =SUM(D53:D56) -> 32 | E57: =SUM(E53:E56) -> 32 | F57: =SUM(F53:F56) -> 32 | G57: =SUM(G53:G56) -> 32
C59: Jumlah mhsw yg lulus CPMK | D59: =(D55+D56)/(D57-D53) -> 0.90625 | F59: =(F55+F56)/(F57-F53) -> 0.8125 | G59: =(G55+G56)/(G57-G53) -> 0.875
C61: Minimal | D61: =MIN(D19:D50) -> 0 | F61: =MIN(F19:F50) -> 0 | G61: =IFERROR(MIN(G19:G50),"") -> 0
C62: Maksimal | D62: =MAX(D19:D36) -> 93.91 | F62: =MAX(F19:F50) -> 98.29 | G62: =IFERROR(MAX(G19:G50),"") -> 96.5486
C63: Rata-Rata | D63: =AVERAGE(D19:D50) -> 78.403437 | F63: =AVERAGE(F19:F50) -> 74.110938 | G63: =IFERROR(AVERAGE(G19:G50),"") -> 74.513494

Sheet MK2-TO
A1: FORM MONITORING DAN EVALUASI
A2: KETERCAPAIAN CAPAIAN PEMBELAJARAN MATAKULIAH(CPMK) PADA SATU ANGKATAN
A4: Tahun Akademik | C4: : 2025/2026 | E4: Program Studi | F4: : Akuntansi
A5: Kode Matakuliah | C5: : P.24.05.52.3.12 | E5: Fakultas | F5: : Ekonomika dan Bisnis
A6: Nama Matakuliah | C6: : Statistika 1
A7: SKS Matakuliah | C7: : 3
A8: Semester/ Kelas | C8: : I / A1+DLC
A9: Dosen Pengampu | C9: : 1. Y.3.00.05.074 - BATARA DANIEL BAGANA, SE, MM
C10: : 2. Y.2.88.07.047 - GREGORIUS ANGGANA LISIANTARA, SPd, M.M
D12: MK17 | F12: Nilai Akhir MK | G12: Nilai Huruf
D13: ='ListMKSmt-1'!D3 -> P.24.05.52.3.12
D14: =TRIM(MID(C6,3,100)) -> Statistika 1
D15: CPL04 | E15: CPL04
D16: CPMK44 | E16: CPMK46
D17: 50 | E17: 50
A18: No | B18: NIM | C18: Nama Mahasiswa
A19: 1 | B19: 24.05.52.0002 | C19: SNEHA JAYA BAIDURI | D19: 86.5 | E19: 86.5 | F19: =IFERROR((D19*($D$17/100))+(E19*($E$17/100)),"") -> 86.5 | G19: =IFERROR(VLOOKUP(F19,[2]Sheet1!$AA$1:$AB$10,2),"") -> A-
A20: 2 | B20: 24.05.52.0003 | C20: ALFARIESSA GIFTHA ANDREA PITALOKA | D20: 75.7 | E20: 75.7 | F20: =IFERROR((D20*($D$17/100))+(E20*($E$17/100)),"") -> 75.7 | G20: =IFERROR(VLOOKUP(F20,[2]Sheet1!$AA$1:$AB$10,2),"") -> B+
A21: 3 | B21: 24.05.52.0004 | C21: MAHARANI PUTRI RUSTIANTI | D21: 81.3 | E21: 81.3 | F21: =IFERROR((D21*($D$17/100))+(E21*($E$17/100)),"") -> 81.3 | G21: =IFERROR(VLOOKUP(F21,[2]Sheet1!$AA$1:$AB$10,2),"") -> B+
A22: 4 | B22: 24.05.52.0005 | C22: FLORA SUCI FERONIKA | D22: 82 | E22: 70.1 | F22: =IFERROR((D22*($D$17/100))+(E22*($E$17/100)),"") -> 76.05 | G22: =IFERROR(VLOOKUP(F22,[2]Sheet1!$AA$1:$AB$10,2),"") -> B+
A23: 5 | B23: 24.05.52.0006 | C23: AATHIRA AUFA AZ-ZAHRA | D23: 82 | E23: 70.1 | F23: =IFERROR((D23*($D$17/100))+(E23*($E$17/100)),"") -> 76.05 | G23: =IFERROR(VLOOKUP(F23,[2]Sheet1!$AA$1:$AB$10,2),"") -> B+
A24: 6 | B24: 24.05.52.0007 | C24: SHEILA MONA PUTRI IKSANTI | D24: 57.5 | E24: 73.6 | F24: =IFERROR((D24*($D$17/100))+(E24*($E$17/100)),"") -> 65.55 | G24: =IFERROR(VLOOKUP(F24,[2]Sheet1!$AA$1:$AB$10,2),"") -> B-
A25: 7 | B25: 24.05.52.0008 | C25: RAIHAN RIFA MAHARADITYA | D25: 81.3 | E25: 81.3 | F25: =IFERROR((D25*($D$17/100))+(E25*($E$17/100)),"") -> 81.3 | G25: =IFERROR(VLOOKUP(F25,[2]Sheet1!$AA$1:$AB$10,2),"") -> B+
A26: 8 | B26: 24.05.52.0009 | C26: MARLINA DWI SAPUTRI | D26: 73.6 | E26: 68.7 | F26: =IFERROR((D26*($D$17/100))+(E26*($E$17/100)),"") -> 71.15 | G26: =IFERROR(VLOOKUP(F26,[2]Sheet1!$AA$1:$AB$10,2),"") -> B
A27: 9 | B27: 24.05.52.0011 | C27: JONATHAN REXY FERDINAN | D27: 63.1 | E27: 59.6 | F27: =IFERROR((D27*($D$17/100))+(E27*($E$17/100)),"") -> 61.35 | G27: =IFERROR(VLOOKUP(F27,[2]Sheet1!$AA$1:$AB$10,2),"") -> C+
A28: 10 | B28: 24.05.52.0012 | C28: GITA TEONANDA ARELLIA | D28: 77.1 | E28: 74.3 | F28: =IFERROR((D28*($D$17/100))+(E28*($E$17/100)),"") -> 75.7 | G28: =IFERROR(VLOOKUP(F28,[2]Sheet1!$AA$1:$AB$10,2),"") -> B+
A29: 12 | B29: 24.05.52.0014 | C29: ARELIA SALSABILA SAFITRI | D29: 86 | E29: 86 | F29: =IFERROR((D29*($D$17/100))+(E29*($E$17/100)),"") -> 86 | G29: =IFERROR(VLOOKUP(F29,[2]Sheet1!$AA$1:$AB$10,2),"") -> A-
A30: 13 | B30: 24.05.52.0015 | C30: JULLER IBEL LAURENTIUS TURNIP | D30: 0 | E30: 0 | F30: =IFERROR((D30*($D$17/100))+(E30*($E$17/100)),"") -> 0 | G30: =IFERROR(VLOOKUP(F30,[2]Sheet1!$AA$1:$AB$10,2),"") -> E
... A50: 34 | B50: 24.05.52.3010 | C50: PUTRY MEINERS ELISABET FAHIK | D50: 89.3 | E50: 88.4 | F50: =IFERROR((D50*($D$17/100))+(E50*($E$17/100)),"") -> 88.85 | G50: =IFERROR(VLOOKUP(F50,[2]Sheet1!$AA$1:$AB$10,2),"") -> A-
D53: =D16 -> CPMK44 | E53: =E16 -> CPMK46 | F53: Nilai Akhir
C54: Tidak KRS/ Tidak Aktif | D54: =IFERROR(COUNTIF(D19:D50,""),"") -> 0 | E54: =IFERROR(COUNTIF(E19:E50,""),"") -> 0 | F54: =IFERROR(COUNTIF(F19:F50,""),"") -> 0
C55: <=65 | D55: =IFERROR(COUNTIF(D19:D50,C55)+COUNTIF(D19:D50,""),"")-E54 -> 4 | E55: =IFERROR(COUNTIF(E19:E50,C55)+COUNTIF(E19:E50,""),"")-E54 -> 3 | F55: =IFERROR(COUNTIF(F19:F50,C55)+COUNTIF(F19:F50,""),"")-F54 -> 3
C56: <85 | D56: =IFERROR(COUNTIF(D19:D50,C56)-D55,"") -> 17 | E56: =IFERROR(COUNTIF(E19:E50,C56)-E55,"") -> 20 | F56: =IFERROR(COUNTIF(F19:F50,C56)-F55,"") -> 20
C57: >=85 | D57: =COUNTIF(D19:D50,C57) -> 11 | E57: =IFERROR(COUNTIF(E19:E50,C57),"") -> 9 | F57: =IFERROR(COUNTIF(F19:F50,C57),"") -> 9
C58: Total | D58: =SUM(D54:D57) -> 32 | E58: =SUM(E54:E57) -> 32 | F58: =SUM(F54:F57) -> 32
C60: Jumlah mhsw yg lulus CPMK | D60: =(D56+D57)/(D58-D54) -> 0.875 | E60: =(E56+E57)/(E58-E54) -> 0.90625 | F60: =(F56+F57)/(F58-F54) -> 0.90625
C62: Minimal | D62: =MIN(D19:D50) -> 0 | E62: =MIN(E19:E50) -> 0 | F62: =IFERROR(MIN(F19:F50),"") -> 0
C63: Maksimal | D63: =MAX(D19:D50) -> 92.7 | E63: =MAX(E19:E50) -> 92.1 | F63: =IFERROR(MAX(F19:F50),"") -> 92
C64: Rata-Rata | D64: =AVERAGE(D19:D50) -> 77.040625 | E64: =AVERAGE(E19:E50) -> 75.878125 | F64: =IFERROR(AVERAGE(F19:F50),"") -> 76.459375

Sheet MK3-PSTI
A1: FORM MONITORING DAN EVALUASI
A2: KETERCAPAIAN CAPAIAN PEMBELAJARAN MATAKULIAH(CPMK) PADA SATU ANGKATAN
A4: Tahun Akademik | C4: : 2025/2026 | E4: Program Studi | F4: : Akuntansi
A5: Kode Matakuliah | C5: : P.24.05.52.3.13 | E5: Fakultas | F5: : Ekonomika dan Bisnis
A6: Nama Matakuliah | C6: : Pengauditan 1
A7: SKS Matakuliah | C7: : 3
A8: Semester/ Kelas | C8: : I / A1+DLC
A9: Dosen Pengampu | C9: : 1.Y.2.00.02.115 - ACHMAD BADJURI, SE., M.Si, A.kt
D12: ='ListMKSmt-1'!B4 -> MK18 | F12: Nilai Akhir MK | G12: Nilai Huruf
D13: =TRIM(MID(C5,2,20)) -> P.24.05.52.3.13
D14: ='ListMKSmt-1'!E4 -> Pengauditan 1
D15: CPL08 | E15: CPL09
D16: CPMK81 | E16: CPMK91
D17: 50 | E17: 50
A18: No | B18: NIM | C18: Nama Mahasiswa
A19: 1 | B19: 24.05.52.0002 | C19: SNEHA JAYA BAIDURI | D19: 80.59 | E19: 78.06 | F19: =IFERROR((D19*($D$17/100))+(E19*($E$17/100)),"") -> 79.325 | G19: =IFERROR(VLOOKUP(F19,[3]Sheet1!$AA$1:$AB$10,2),"") -> B+
A20: 2 | B20: 24.05.52.0003 | C20: ALFARIESSA GIFTHA ANDREA PITALOKA | D20: 77.06 | E20: 79.18 | F20: =IFERROR((D20*($D$17/100))+(E20*($E$17/100)),"") -> 78.12 | G20: =IFERROR(VLOOKUP(F20,[2]Sheet1!$AA$1:$AB$10,2),"") -> B+
A21: 3 | B21: 24.05.52.0004 | C21: MAHARANI PUTRI RUSTIANTI | D21: 76.47 | E21: 74.08 | F21: =IFERROR((D21*($D$17/100))+(E21*($E$17/100)),"") -> 75.275 | G21: =IFERROR(VLOOKUP(F21,[2]Sheet1!$AA$1:$AB$10,2),"") -> B
A22: 4 | B22: 24.05.52.0005 | C22: FLORA SUCI FERONIKA | D22: 64.47 | E22: 73.47 | F22: =IFERROR((D22*($D$17/100))+(E22*($E$17/100)),"") -> 68.97 | G22: =IFERROR(VLOOKUP(F22,[2]Sheet1!$AA$1:$AB$10,2),"") -> B-
A23: 5 | B23: 24.05.52.0006 | C23: AATHIRA AUFA AZ-ZAHRA | D23: 70.59 | E23: 79.39 | F23: =IFERROR((D23*($D$17/100))+(E23*($E$17/100)),"") -> 74.99 | G23: =IFERROR(VLOOKUP(F23,[2]Sheet1!$AA$1:$AB$10,2),"") -> B
A24: 6 | B24: 24.05.52.0007 | C24: SHEILA MONA PUTRI IKSANTI | D24: 74.12 | E24: 75.1 | F24: =IFERROR((D24*($D$17/100))+(E24*($E$17/100)),"") -> 74.61 | G24: =IFERROR(VLOOKUP(F24,[2]Sheet1!$AA$1:$AB$10,2),"") -> B
A25: 7 | B25: 24.05.52.0008 | C25: RAIHAN RIFA MAHARADITYA | D25: 86.71 | E25: 82.35 | F25: =IFERROR((D25*($D$17/100))+(E25*($E$17/100)),"") -> 84.53 | G25: =IFERROR(VLOOKUP(F25,[2]Sheet1!$AA$1:$AB$10,2),"") -> A-
A26: 8 | B26: 24.05.52.0009 | C26: MARLINA DWI SAPUTRI | D26: 80.94 | E26: 74.59 | F26: =IFERROR((D26*($D$17/100))+(E26*($E$17/100)),"") -> 77.765 | G26: =IFERROR(VLOOKUP(F26,[2]Sheet1!$AA$1:$AB$10,2),"") -> B+
A27: 9 | B27: 24.05.52.0011 | C27: JONATHAN REXY FERDINAN | D27: 78.47 | E27: 74.18 | F27: =IFERROR((D27*($D$17/100))+(E27*($E$17/100)),"") -> 76.325 | G27: =IFERROR(VLOOKUP(F27,[2]Sheet1!$AA$1:$AB$10,2),"") -> B+
A28: 10 | B28: 24.05.52.0012 | C28: GITA TEONANDA ARELLIA | D28: 86.12 | E28: 80.92 | F28: =IFERROR((D28*($D$17/100))+(E28*($E$17/100)),"") -> 83.52 | G28: =IFERROR(VLOOKUP(F28,[2]Sheet1!$AA$1:$AB$10,2),"") -> B+
A29: 12 | B29: 24.05.52.0014 | C29: ARELIA SALSABILA SAFITRI | D29: 89.06 | E29: 87.35 | F29: =IFERROR((D29*($D$17/100))+(E29*($E$17/100)),"") -> 88.205 | G29: =IFERROR(VLOOKUP(F29,[2]Sheet1!$AA$1:$AB$10,2),"") -> A-
A30: 13 | B30: 24.05.52.0015 | C30: JULLER IBEL LAURENTIUS TURNIP | D30: 63.76 | E30: 43.88 | F30: =IFERROR((D30*($D$17/100))+(E30*($E$17/100)),"") -> 53.82 | G30: =IFERROR(VLOOKUP(F30,[2]Sheet1!$AA$1:$AB$10,2),"") -> C-
A31: 14 | B31: 24.05.52.0016 | C31: GADING BINTANG WICAKSONO | D31: 80.24 | E31: 74.69 | F31: =IFERROR((D31*($D$17/100))+(E31*($E$17/100)),"") -> 77.465 | G31: =IFERROR(VLOOKUP(F31,[2]Sheet1!$AA$1:$AB$10,2),"") -> B+
... A51: 34 | B51: 24.05.52.3010 | C51: PUTRY MEINERS ELISABET FAHIK | D51: 90 | E51: 82.69 | F51: =IFERROR((D51*($D$17/100))+(E51*($E$17/100)),"") -> 86.345 | G51: =IFERROR(VLOOKUP(F51,[2]Sheet1!$AA$1:$AB$10,2),"") -> A-
D53: =D16 -> CPMK81 | E53: =E16 -> CPMK91 | F53: =F12 -> Nilai Akhir MK
C54: Tidak KRS/ Tidak Aktif | D54: =IFERROR(COUNTIF(D19:D51,""),"") -> 0 | E54: =IFERROR(COUNTIF(E19:E51,""),"") -> 0 | F54: =IFERROR(COUNTIF(F19:F51,""),"") -> 0
C55: <=65 | D55: =IFERROR(COUNTIF(D19:D51,$C$55)+COUNTIF(D19:D51,""),"")-D54 -> 2 | E55: =IFERROR(COUNTIF(E19:E51,$C$55)+COUNTIF(E19:E51,""),"")-E54 -> 3 | F55: =IFERROR(COUNTIF(F19:F51,C55)+COUNTIF(F19:F51,""),"")-F54 -> 2
C56: <85 | D56: =IFERROR(COUNTIF(D19:D51,$C$56)-D55,"") -> 20 | E56: =IFERROR(COUNTIF(E19:E51,$C$56)-E55,"") -> 28 | F56: =IFERROR(COUNTIF(F19:F51,C56)-F55,"") -> 23
C57: >=85 | D57: =COUNTIF(D19:D51,$C$57) -> 11 | E57: =COUNTIF(E19:E51,$C$57) -> 2 | F57: =IFERROR(COUNTIF(F19:F51,C57),"") -> 8
C58: Total | D58: =SUM(D54:D57) -> 33 | E58: =SUM(E54:E57) -> 33 | F58: =SUM(F54:F57) -> 33
C60: Jumlah mhsw yg lulus CPMK | D60: =(D56+D57)/(D58-D54) -> 0.93939394 | E60: =(E56+E57)/(E58-E54) -> 0.90909091 | F60: =(F56+F57)/(F58-F54) -> 0.93939394
C62: Minimal | D62: =MIN(D19:D51) -> 63.76 | E62: =MIN(E19:E51) -> 31.41 | F62: =IFERROR(MIN(F19:F51),"") -> 53.82
C63: Maksimal | D63: =MAX(D19:D36) -> 89.06 | E63: =MAX(E19:E51) -> 87.35 | F63: =IFERROR(MAX(F19:F51),"") -> 88.205
C64: Rata-Rata | D64: =AVERAGE(D19:D51) -> 80.53697 | E64: =AVERAGE(E19:E51) -> 75.233333 | F64: =IFERROR(AVERAGE(F19:F51),"") -> 77.885152

Sheet MK4-L&A
A1: FORM MONITORING DAN EVALUASI
A2: KETERCAPAIAN CAPAIAN PEMBELAJARAN MATAKULIAH(CPMK) PADA SATU ANGKATAN
A4: Tahun Akademik | C4: : 2025/20256 | F4: Program Studi | G4: : Akuntansi
A5: Kode Matakuliah | C5: : P.24.05.52.3.14 | F5: Fakultas | G5: : Ekonomika dan Bisnis
A6: Nama Matakuliah | C6: : Akuntansi Pajak
A7: SKS Matakuliah | C7: : 2
A8: Semester/ Kelas | C8: : I / A1+DLC
A9: Dosen Pengampu | C9: : 1. YU.2.16.05.101 SARTIKA WULANDARI, S.Pd., M.Si
C10: : 2. Y.3.00.10.075 RACHMAWATI MEITA OKTAVIANI, S.E.,M.Si., Ak. CA
D12: MK19 | G12: Nilai Akhir MK | H12: Nilai Huruf
D13: =TRIM(MID(C5,2,20)) -> P.24.05.52.3.14
D14: =TRIM(MID(C6,2,100)) -> Akuntansi Pajak
D15: CPL10 | E15: CPL11 | F15: CPL11
D16: CPMK104 | E16: CPMK111 | F16: CPMK112
D17: 37 | E17: 33 | F17: 30
A18: No | B18: NIM | C18: Nama Mahasiswa
A19: 1 | B19: 24.05.52.0002 | C19: SNEHA JAYA BAIDURI | D19: 72.65 | E19: 70.06 | F19: 85.5 | G19: =IFERROR((D19*($D$17/100))+(E19*($E$17/100))+(F19*($F$17/100)),"") -> 75.6503 | H19: =IFERROR(VLOOKUP(G21,[4]Sheet1!$AA$1:$AB$10,2),"") -> B-
A20: 2 | B20: 24.05.52.0003 | C20: ALFARIESSA GIFTHA ANDREA PITALOKA | D20: 79.05 | E20: 78.94 | F20: 85.67 | G20: =IFERROR((D20*($D$17/100))+(E20*($E$17/100))+(F20*($F$17/100)),"") -> 80.9997 | H20: =IFERROR(VLOOKUP(G20,[4]Sheet1!$AA$1:$AB$10,2),"") -> B+
A21: 3 | B21: 24.05.52.0004 | C21: MAHARANI PUTRI RUSTIANTI | D21: 68.95 | E21: 68 | F21: 67 | G21: =IFERROR((D21*($D$17/100))+(E21*($E$17/100))+(F21*($F$17/100)),"") -> 68.0515 | H21: =IFERROR(VLOOKUP(G21,[4]Sheet1!$AA$1:$AB$10,2),"") -> B-
A22: 4 | B22: 24.05.52.0005 | C22: FLORA SUCI FERONIKA | D22: 70.27 | E22: 72.58 | F22: 69.33 | G22: =IFERROR((D22*($D$17/100))+(E22*($E$17/100))+(F22*($F$17/100)),"") -> 70.7503 | H22: =IFERROR(VLOOKUP(G22,[4]Sheet1!$AA$1:$AB$10,2),"") -> B
A23: 5 | B23: 24.05.52.0006 | C23: AATHIRA AUFA AZ-ZAHRA | D23: 78.41 | E23: 80.88 | F23: 78.67 | G23: =IFERROR((D23*($D$17/100))+(E23*($E$17/100))+(F23*($F$17/100)),"") -> 79.3031 | H23: =IFERROR(VLOOKUP(G23,[4]Sheet1!$AA$1:$AB$10,2),"") -> B+
A24: 6 | B24: 24.05.52.0007 | C24: SHEILA MONA PUTRI IKSANTI | D24: 65.54 | E24: 62.27 | F24: 76.5 | G24: =IFERROR((D24*($D$17/100))+(E24*($E$17/100))+(F24*($F$17/100)),"") -> 67.7489 | H24: =IFERROR(VLOOKUP(G24,[4]Sheet1!$AA$1:$AB$10,2),"") -> B-
A25: 7 | B25: 24.05.52.0008 | C25: RAIHAN RIFA MAHARADITYA | D25: 85.14 | E25: 86.82 | F25: 79.5 | G25: =IFERROR((D25*($D$17/100))+(E25*($E$17/100))+(F25*($F$17/100)),"") -> 84.0024 | H25: =IFERROR(VLOOKUP(G25,[4]Sheet1!$AA$1:$AB$10,2),"") -> B+
A26: 8 | B26: 24.05.52.0009 | C26: MARLINA DWI SAPUTRI | D26: 66.22 | E26: 67.27 | F26: 70.17 | G26: =IFERROR((D26*($D$17/100))+(E26*($E$17/100))+(F26*($F$17/100)),"") -> 67.7515 | H26: =IFERROR(VLOOKUP(G26,[4]Sheet1!$AA$1:$AB$10,2),"") -> B-
A27: 9 | B27: 24.05.52.0011 | C27: JONATHAN REXY FERDINAN | D27: 60.81 | E27: 58.48 | F27: 62.33 | G27: =IFERROR((D27*($D$17/100))+(E27*($E$17/100))+(F27*($F$17/100)),"") -> 60.4971 | H27: =IFERROR(VLOOKUP(G27,[4]Sheet1!$AA$1:$AB$10,2),"") -> C+
A28: 10 | B28: 24.05.52.0012 | C28: GITA TEONANDA ARELLIA | D28: 76.49 | E28: 76.36 | F28: 77.33 | G28: =IFERROR((D28*($D$17/100))+(E28*($E$17/100))+(F28*($F$17/100)),"") -> 76.6991 | H28: =IFERROR(VLOOKUP(G28,[4]Sheet1!$AA$1:$AB$10,2),"") -> B+
A29: 12 | B29: 24.05.52.0014 | C29: ARELIA SALSABILA SAFITRI | D29: 75.68 | E29: 75.45 | F29: 80.33 | G29: =IFERROR((D29*($D$17/100))+(E29*($E$17/100))+(F29*($F$17/100)),"") -> 76.9991 | H29: =IFERROR(VLOOKUP(G29,[4]Sheet1!$AA$1:$AB$10,2),"") -> B+
A30: 13 | B30: 24.05.52.0015 | C30: JULLER IBEL LAURENTIUS TURNIP | D30: 0 | E30: 0 | F30: 0 | G30: =IFERROR((D30*($D$17/100))+(E30*($E$17/100))+(F30*($F$17/100)),"") -> 0 | H30: =IFERROR(VLOOKUP(G30,[4]Sheet1!$AA$1:$AB$10,2),"") -> E
A31: 14 | B31: 24.05.52.0016 | C31: GADING BINTANG WICAKSONO | D31: 70.27 | E31: 72.12 | F31: 69 | G31: =IFERROR((D31*($D$17/100))+(E31*($E$17/100))+(F31*($F$17/100)),"") -> 70.4995 | H31: =IFERROR(VLOOKUP(G31,[4]Sheet1!$AA$1:$AB$10,2),"") -> B
... A50: 34 | B50: 24.05.52.3010 | C50: PUTRY MEINERS ELISABET FAHIK | D50: 83.92 | E50: 84.55 | F50: 85.83 | G50: =IFERROR((D50*($D$17/100))+(E50*($E$17/100))+(F50*($F$17/100)),"") -> 84.7009 | H50: =IFERROR(VLOOKUP(G50,[4]Sheet1!$AA$1:$AB$10,2),"") -> A-
D52: =D16 -> CPMK104 | E52: =E16 -> CPMK111 | F52: =F16 -> CPMK112 | G52: =G12 -> Nilai Akhir MK
C53: Tidak KRS/Tidak Aktif | D53: =IFERROR(COUNTIF(D19:D50,""),"") -> 0 | E53: =IFERROR(COUNTIF(E19:E50,""),"") -> 0 | F53: =IFERROR(COUNTIF(F19:F50,""),"") -> 0 | G53: =IFERROR(COUNTIF(G19:G50,""),"") -> 0
C54: <=65 | D54: =IFERROR(COUNTIF(D19:D50,$C$54)+COUNTIF(D19:D50,""),"")-D53 -> 3 | E54: =IFERROR(COUNTIF(E19:E50,$C$54)+COUNTIF(E19:E50,""),"")-E53 -> 5 | F54: =IFERROR(COUNTIF(F19:F50,$C$54)+COUNTIF(F19:F50,""),"")-F53 -> 4 | G54: =IFERROR(COUNTIF(G19:G50,C54)+COUNTIF(G19:G50,""),"") -> 4
C55: <85 | D55: =IFERROR(COUNTIF(D19:D50,$C$55)-D54,"") -> 24 | E55: =IFERROR(COUNTIF(E19:E50,$C$55)-E54,"") -> 21 | F55: =IFERROR(COUNTIF(F19:F50,$C$55)-F54,"") -> 18 | G55: =IFERROR(COUNTIF(G19:G50,C55)-G54,"") -> 23
C56: >=85 | D56: =COUNTIF(D19:D50,$C$56) -> 5 | E56: =COUNTIF(E19:E50,$C$56) -> 6 | F56: =COUNTIF(F19:F50,$C$56) -> 10 | G56: =IFERROR(COUNTIF(G19:G50,C56),"") -> 5
C57: Total | D57: =SUM(D53:D56) -> 32 | E57: =SUM(E53:E56) -> 32 | F57: =SUM(F53:F56) -> 32 | G57: =SUM(G53:G56) -> 32
C59: Jumlah mhsw yg lulus CPMK | D59: =(D55+D56)/(D57-D53) -> 0.90625 | F59: =(F55+F56)/(F57-F53) -> 0.875 | G59: =(G55+G56)/(G57-G53) -> 0.875
C61: Minimal | D61: =MIN(D19:D50) -> 0 | F61: =MIN(F19:F50) -> 0 | G61: =IFERROR(MIN(G19:G50),"") -> 0
C62: Maksimal | D62: =MAX(D19:D50) -> 86.76 | F62: =MAX(F19:F50) -> 88.33 | G62: =IFERROR(MAX(G19:G50),"") -> 87.3993
C63: Rata-Rata | D63: =AVERAGE(D19:D50) -> 72.535625 | F63: =AVERAGE(F19:F50) -> 74.541875 | G63: =IFERROR(AVERAGE(G19:G50),"") -> 73.130178

Sheet MK5-BP
A1: FORM MONITORING DAN EVALUASI
A2: KETERCAPAIAN CAPAIAN PEMBELAJARAN MATAKULIAH(CPMK) PADA SATU ANGKATAN
A4: Tahun Akademik | C4: : 2025/2026 | E4: Program Studi | F4: : Akuntansi
A5: Kode Matakuliah | C5: : P.24.05.52.3.15 | E5: Fakultas | F5: : Ekonomika dan Bisnis
A6: Nama Matakuliah | C6: : Akuntansi Manajemen
A7: SKS Matakuliah | C7: : 3
A8: Semester/ Kelas | C8: : I / A1+DLC
A9: Dosen Pengampu | C9: : 1. Y.2.92.07.083 Dr. CEACILIA SRIMINDARTI, S.Pd, M.Si
C10: : 2. YU.2.01.10.038 IDA NURHAYATI , SE., M.Si
D12: MK20 | F12: Nilai Akhir MK | G12: Nilai Huruf
D13: =TRIM(MID(C5,2,20)) -> P.24.05.52.3.15
D14: =TRIM(MID(C6,2,100)) -> Akuntansi Manajemen
D15: CPL04 | E15: CPL04
D16: CPMK41 | E16: CPMK42
D17: 50 | E17: 50
A18: No | B18: NIM | C18: Nama Mahasiswa
A19: 1 | B19: 24.05.52.0002 | C19: SNEHA JAYA BAIDURI | D19: 76.3 | E19: 76.3 | F19: =IFERROR((D19*($D$17/100))+(E19*($E$17/100)),"") -> 76.3 | G19: =IFERROR(VLOOKUP(F21,[4]Sheet1!$AA$1:$AB$10,2),"") -> A
A20: 2 | B20: 24.05.52.0003 | C20: ALFARIESSA GIFTHA ANDREA PITALOKA | D20: 81.4 | E20: 81.4 | F20: =IFERROR((D20*($D$17/100))+(E20*($E$17/100)),"") -> 81.4 | G20: =IFERROR(VLOOKUP(F20,[5]Sheet1!$AA$1:$AB$10,2),"") -> B+
A21: 3 | B21: 24.05.52.0004 | C21: MAHARANI PUTRI RUSTIANTI | D21: 92.6 | E21: 92.6 | F21: =IFERROR((D21*($D$17/100))+(E21*($E$17/100)),"") -> 92.6 | G21: =IFERROR(VLOOKUP(F21,[5]Sheet1!$AA$1:$AB$10,2),"") -> A
A22: 4 | B22: 24.05.52.0005 | C22: FLORA SUCI FERONIKA | D22: 93.9 | E22: 93.9 | F22: =IFERROR((D22*($D$17/100))+(E22*($E$17/100)),"") -> 93.9 | G22: =IFERROR(VLOOKUP(F22,[5]Sheet1!$AA$1:$AB$10,2),"") -> A
A23: 5 | B23: 24.05.52.0006 | C23: AATHIRA AUFA AZ-ZAHRA | D23: 92.6 | E23: 92.6 | F23: =IFERROR((D23*($D$17/100))+(E23*($E$17/100)),"") -> 92.6 | G23: =IFERROR(VLOOKUP(F23,[5]Sheet1!$AA$1:$AB$10,2),"") -> A
A24: 6 | B24: 24.05.52.0007 | C24: SHEILA MONA PUTRI IKSANTI | D24: 93.9 | E24: 93.9 | F24: =IFERROR((D24*($D$17/100))+(E24*($E$17/100)),"") -> 93.9 | G24: =IFERROR(VLOOKUP(F24,[5]Sheet1!$AA$1:$AB$10,2),"") -> A
A25: 7 | B25: 24.05.52.0008 | C25: RAIHAN RIFA MAHARADITYA | D25: 81.4 | E25: 81.4 | F25: =IFERROR((D25*($D$17/100))+(E25*($E$17/100)),"") -> 81.4 | G25: =IFERROR(VLOOKUP(F25,[5]Sheet1!$AA$1:$AB$10,2),"") -> B+
A26: 8 | B26: 24.05.52.0009 | C26: MARLINA DWI SAPUTRI | D26: 81.4 | E26: 81.4 | F26: =IFERROR((D26*($D$17/100))+(E26*($E$17/100)),"") -> 81.4 | G26: =IFERROR(VLOOKUP(F26,[5]Sheet1!$AA$1:$AB$10,2),"") -> B+
A27: 9 | B27: 24.05.52.0011 | C27: JONATHAN REXY FERDINAN | D27: 81.4 | E27: 81.4 | F27: =IFERROR((D27*($D$17/100))+(E27*($E$17/100)),"") -> 81.4 | G27: =IFERROR(VLOOKUP(F27,[5]Sheet1!$AA$1:$AB$10,2),"") -> B+
A28: 10 | B28: 24.05.52.0012 | C28: GITA TEONANDA ARELLIA | D28: 93.9 | E28: 93.9 | F28: =IFERROR((D28*($D$17/100))+(E28*($E$17/100)),"") -> 93.9 | G28: =IFERROR(VLOOKUP(F28,[5]Sheet1!$AA$1:$AB$10,2),"") -> A
A29: 12 | B29: 24.05.52.0014 | C29: ARELIA SALSABILA SAFITRI | D29: 93.9 | E29: 93.9 | F29: =IFERROR((D29*($D$17/100))+(E29*($E$17/100)),"") -> 93.9 | G29: =IFERROR(VLOOKUP(F29,[5]Sheet1!$AA$1:$AB$10,2),"") -> A
A30: 13 | B30: 24.05.52.0015 | C30: JULLER IBEL LAURENTIUS TURNIP | D30: 9.4 | E30: 9.4 | F30: =IFERROR((D30*($D$17/100))+(E30*($E$17/100)),"") -> 9.4 | G30: =IFERROR(VLOOKUP(F30,[5]Sheet1!$AA$1:$AB$10,2),"") -> E
A31: 14 | B31: 24.05.52.0016 | C31: GADING BINTANG WICAKSONO | D31: 76.9 | E31: 76.9 | F31: =IFERROR((D31*($D$17/100))+(E31*($E$17/100)),"") -> 76.9 | G31: =IFERROR(VLOOKUP(F31,[5]Sheet1!$AA$1:$AB$10,2),"") -> B+
... A51: 34 | B51: 24.05.52.3010 | C51: PUTRY MEINERS ELISABET FAHIK | D51: 84.9 | E51: 65.4 | F51: =IFERROR((D51*($D$17/100))+(E51*($E$17/100)),"") -> 75.15 | G51: =IFERROR(VLOOKUP(F51,[5]Sheet1!$AA$1:$AB$10,2),"") -> B
A52: 35 | B52: 24.05.52.3011 | C52: AMINATUL AROFAH
A53: 36 | B53: 24.05.52.3012 | C53: RORO AYU SUKMAWATI
D55: =D16 -> CPMK41 | E55: =E16 -> CPMK42 | F55: =F12 -> Nilai Akhir MK
C56: Tidak KRS/Tidak Aktif | D56: =IFERROR(COUNTIF(D19:D53,""),"") -> 2 | E56: =IFERROR(COUNTIF(E19:E53,""),"") -> 2 | F56: =IFERROR(COUNTIF(F19:F53,""),"") -> 2
C57: <=65 | D57: =IFERROR(COUNTIF(D19:D53,C57)+COUNTIF(D19:D53,""),"")-D56 -> 1 | E57: =COUNTIF(E19:E53,C57)+COUNTIF(E19:E53,"")-E56 -> 1 | F57: =IFERROR(COUNTIF(F19:F53,C57)+COUNTIF(F19:F53,""),"") -> 3
C58: <85 | D58: =IFERROR(COUNTIF(D19:D53,C58)-D57,"") -> 19 | E58: =COUNTIF(E19:E53,C58)-E57 -> 21 | F58: =IFERROR(COUNTIF(F19:F53,C58)-F57,"") -> 17
C59: >=85 | D59: =COUNTIF(D19:D53,C59) -> 13 | E59: =COUNTIF(E19:E53,C59) -> 11 | F59: =IFERROR(COUNTIF(F19:F53,C59),"") -> 13
C60: Total | D60: =SUM(D56:D59) -> 35 | E60: =SUM(E56:E59) -> 35 | F60: =SUM(F56:F59) -> 35
C62: Jumlah mhsw yg lulus CPMK | D62: =(D58+D59)/(D60-D56) -> 0.96969697 | E62: =(E58+E59)/(E60-E56) -> 0.96969697 | F62: =(F58+F59)/(F60-F56) -> 0.90909091
C64: Minimal | D64: =MIN(D19:D53) -> 9.4 | E64: =MIN(E19:E53) -> 9.4 | F64: =IFERROR(MIN(F19:F53),"") -> 9.4
C65: Maksimal | D65: =MAX(D19:D53) -> 93.9 | E65: =MAX(E19:E53) -> 93.9 | F65: =IFERROR(MAX(F19:F53),"") -> 93.9
C66: Rata-Rata | D66: =AVERAGE(D19:D53) -> 83.051515 | E66: =AVERAGE(E19:E53) -> 80.551515 | F66: =IFERROR(AVERAGE(F19:F53),"") -> 81.801515

Sheet MK7-MBD
A1: FORM MONITORING DAN EVALUASI
A2: KETERCAPAIAN CAPAIAN PEMBELAJARAN MATAKULIAH(CPMK) PADA SATU ANGKATAN
A4: Tahun Akademik | C4: : 2025/2026 | E4: Program Studi | F4: : Akuntansi
A5: Kode Matakuliah | C5: : P.24.05.52.3.16 | E5: Fakultas | F5: : Ekonomika dan Bisnis
A6: Nama Matakuliah | C6: : Manajemen Keuangan
A7: SKS Matakuliah | C7: : 3
A8: Semester/ Kelas | C8: : I / A1+DLC
A9: Dosen Pengampu | C9: : 1. Y.2.92.07.078 SRI SUDARSI, SE., M.Si
C10: : 2. Y.3.00.05.074 BATARA DANIEL BAGANA, SE, MM
D11: MK21 | F11: Nilai Akhir MK | G11: Nilai Huruf
D12: =TRIM(MID(C5,2,20)) -> P.24.05.52.3.16
D13: =TRIM(MID(C6,2,100)) -> Manajemen Keuangan
D14: CPL06 | E14: CPL06
D15: CPMK61 | E15: CPMK62
D16: 50 | E16: 50
A17: No | B17: NIM | C17: Nama Mahasiswa
A18: 1 | B18: 24.05.52.0002 | C18: SNEHA JAYA BAIDURI | D18: 75.5 | E18: 96.5 | F18: =IFERROR((D18*($D$16/100))+(E18*($E$16/100)),"") -> 86 | G18: =IFERROR(VLOOKUP(F20,[4]Sheet1!$AA$1:$AB$10,2),"") -> B+
A19: 2 | B19: 24.05.52.0003 | C19: ALFARIESSA GIFTHA ANDREA PITALOKA | D19: 72 | E19: 82.5 | F19: =IFERROR((D19*($D$16/100))+(E19*($E$16/100)),"") -> 77.25 | G19: =IFERROR(VLOOKUP(F19,[6]Sheet1!$AA$1:$AB$10,2),"") -> B+
A20: 3 | B20: 24.05.52.0004 | C20: MAHARANI PUTRI RUSTIANTI | D20: 78.4 | E20: 85.4 | F20: =IFERROR((D20*($D$16/100))+(E20*($E$16/100)),"") -> 81.9 | G20: =IFERROR(VLOOKUP(F20,[6]Sheet1!$AA$1:$AB$10,2),"") -> B+
A21: 4 | B21: 24.05.52.0005 | C21: FLORA SUCI FERONIKA | D21: 74.9 | E21: 78.4 | F21: =IFERROR((D21*($D$16/100))+(E21*($E$16/100)),"") -> 76.65 | G21: =IFERROR(VLOOKUP(F21,[6]Sheet1!$AA$1:$AB$10,2),"") -> B+
A22: 5 | B22: 24.05.52.0006 | C22: AATHIRA AUFA AZ-ZAHRA | D22: 81.9 | E22: 81.9 | F22: =IFERROR((D22*($D$16/100))+(E22*($E$16/100)),"") -> 81.9 | G22: =IFERROR(VLOOKUP(F22,[6]Sheet1!$AA$1:$AB$10,2),"") -> B+
A23: 6 | B23: 24.05.52.0007 | C23: SHEILA MONA PUTRI IKSANTI | D23: 66.5 | E23: 77 | F23: =IFERROR((D23*($D$16/100))+(E23*($E$16/100)),"") -> 71.75 | G23: =IFERROR(VLOOKUP(F23,[6]Sheet1!$AA$1:$AB$10,2),"") -> B
A24: 7 | B24: 24.05.52.0008 | C24: RAIHAN RIFA MAHARADITYA | D24: 75.5 | E24: 75.5 | F24: =IFERROR((D24*($D$16/100))+(E24*($E$16/100)),"") -> 75.5 | G24: =IFERROR(VLOOKUP(F24,[6]Sheet1!$AA$1:$AB$10,2),"") -> B+
A25: 8 | B25: 24.05.52.0009 | C25: MARLINA DWI SAPUTRI | D25: 58 | E25: 93 | F25: =IFERROR((D25*($D$16/100))+(E25*($E$16/100)),"") -> 75.5 | G25: =IFERROR(VLOOKUP(F25,[6]Sheet1!$AA$1:$AB$10,2),"") -> B+
A26: 9 | B26: 24.05.52.0011 | C26: JONATHAN REXY FERDINAN | D26: 64.4 | E26: 78.4 | F26: =IFERROR((D26*($D$16/100))+(E26*($E$16/100)),"") -> 71.4 | G26: =IFERROR(VLOOKUP(F26,[6]Sheet1!$AA$1:$AB$10,2),"") -> B
A27: 10 | B27: 24.05.52.0012 | C27: GITA TEONANDA ARELLIA | D27: 75.5 | E27: 93 | F27: =IFERROR((D27*($D$16/100))+(E27*($E$16/100)),"") -> 84.25 | G27: =IFERROR(VLOOKUP(F27,[6]Sheet1!$AA$1:$AB$10,2),"") -> B+
A28: 12 | B28: 24.05.52.0014 | C28: ARELIA SALSABILA SAFITRI | D28: 82.5 | E28: 89.5 | F28: =IFERROR((D28*($D$16/100))+(E28*($E$16/100)),"") -> 86 | G28: =IFERROR(VLOOKUP(F28,[6]Sheet1!$AA$1:$AB$10,2),"") -> A-
A29: 13 | B29: 24.05.52.0015 | C29: JULLER IBEL LAURENTIUS TURNIP | D29: 0.6 | E29: 0.6 | F29: =IFERROR((D29*($D$16/100))+(E29*($E$16/100)),"") -> 0.6 | G29: =IFERROR(VLOOKUP(F29,[6]Sheet1!$AA$1:$AB$10,2),"") -> E
A30: 14 | B30: 24.05.52.0016 | C30: GADING BINTANG WICAKSONO | D30: 58 | E30: 89.5 | F30: =IFERROR((D30*($D$16/100))+(E30*($E$16/100)),"") -> 73.75 | G30: =IFERROR(VLOOKUP(F30,[6]Sheet1!$AA$1:$AB$10,2),"") -> B
... A49: 34 | B49: 24.05.52.3010 | C49: PUTRY MEINERS ELISABET FAHIK | D49: 79.2 | E49: 79.2 | F49: =IFERROR((D49*($D$16/100))+(E49*($E$16/100)),"") -> 79.2 | G49: =IFERROR(VLOOKUP(F49,[6]Sheet1!$AA$1:$AB$10,2),"") -> B+
D51: =D15 -> CPMK61 | E51: =E15 -> CPMK62 | F51: =F11 -> Nilai Akhir MK
C52: Tidak KRS/Tidak Aktif | D52: =IFERROR(COUNTIF(D18:D49,""),"") -> 0 | E52: =IFERROR(COUNTIF(E18:E49,""),"") -> 0 | F52: =IFERROR(COUNTIF(F18:F49,""),"") -> 0
C53: <=65 | D53: =IFERROR(COUNTIF(D18:D49,C53)+COUNTIF(D18:D49,""),"")-D52 -> 6 | E53: =COUNTIF(E18:E49,C53)+COUNTIF(E18:E49,"")-E52 -> 1 | F53: =IFERROR(COUNTIF(F18:F49,C53)+COUNTIF(F18:F49,""),"") -> 1
C54: <85 | D54: =IFERROR(COUNTIF(D18:D49,C54)-D53,"") -> 24 | E54: =COUNTIF(E18:E49,C54)-E53 -> 17 | F54: =IFERROR(COUNTIF(F18:F49,C54)-F53,"") -> 25
C55: >=85 | D55: =COUNTIF(D18:D49,C55) -> 2 | E55: =COUNTIF(E18:E49,C55) -> 14 | F55: =IFERROR(COUNTIF(F18:F49,C55),"") -> 6
C56: Total | D56: =SUM(D52:D55) -> 32 | E56: =SUM(E52:E55) -> 32 | F56: =SUM(F52:F55) -> 32
C58: Jumlah mhsw yg lulus CPMK | D58: =(D54+D55)/(D56-D52) -> 0.8125 | E58: =(E54+E55)/(E56-E52) -> 0.96875 | F58: =(F54+F55)/(F56-F52) -> 0.96875
C60: Minimal | D60: =MIN(D18:D49) -> 0.6 | E60: =MIN(E18:E49) -> 0.6 | F60: =IFERROR(MIN(F18:F49),"") -> 0.6
C61: Maksimal | D61: =MAX(D18:D49) -> 86.3 | E61: =MAX(E18:E49) -> 96.5 | F61: =IFERROR(MAX(F18:F49),"") -> 89.5
C62: Rata-Rata | D62: =AVERAGE(D18:D49) -> 72.70625 | E62: =AVERAGE(E18:E49) -> 81.565625 | F62: =IFERROR(AVERAGE(F18:F49),"") -> 77.135938

Sheet MK8_BID
A1: FORM MONITORING DAN EVALUASI
A2: KETERCAPAIAN CAPAIAN PEMBELAJARAN MATAKULIAH(CPMK) PADA SATU ANGKATAN
A4: Tahun Akademik | C4: : 2025/2026 | E4: : Akuntansi
A5: Kode Matakuliah | C5: : U.24.05.52.3.06 | E5: : Ekonomika dan Bisnis
A6: Nama Matakuliah | C6: : Entrepreneurship for Start-up
A7: SKS Matakuliah | C7: : 3
A8: Semester/ Kelas | C8: : I / A1+DLC
A9: Dosen Pengampu | C9: : 1. YU.2.18.09.114 KRISTINA ANINDITA HAYUNINGTIAS, S.E., M.M.
C10: : 2.
D12: MK22 | F12: Nilai Akhir MK | G12: Nilai Huruf
D13: Entrepreneurship for Start-up
D14: =TRIM(MID(C5,2,100)) -> U.24.05.52.3.06
D15: CPL12 | E15: CPL12
D16: CPMK121 | E16: CPMK122
D17: 50 | E17: 50
A18: No | B18: NIM | C18: Nama Mahasiswa
A19: 1 | B19: 24.05.52.0002 | C19: SNEHA JAYA BAIDURI | D19: 75.5 | E19: 96.5 | F19: =IFERROR((D19*($D$17/100))+(E19*($E$17/100)),"") -> 86 | G19: =IFERROR(VLOOKUP(F21,[4]Sheet1!$AA$1:$AB$10,2),"") -> B+
A20: 2 | B20: 24.05.52.0003 | C20: ALFARIESSA GIFTHA ANDREA PITALOKA | D20: 72 | E20: 82.5 | F20: =IFERROR((D20*($D$17/100))+(E20*($E$17/100)),"") -> 77.25 | G20: =IFERROR(VLOOKUP(F20,[6]Sheet1!$AA$1:$AB$10,2),"") -> B+
A21: 3 | B21: 24.05.52.0004 | C21: MAHARANI PUTRI RUSTIANTI | D21: 78.4 | E21: 85.4 | F21: =IFERROR((D21*($D$17/100))+(E21*($E$17/100)),"") -> 81.9 | G21: =IFERROR(VLOOKUP(F21,[6]Sheet1!$AA$1:$AB$10,2),"") -> B+
A22: 4 | B22: 24.05.52.0005 | C22: FLORA SUCI FERONIKA | D22: 74.9 | E22: 78.4 | F22: =IFERROR((D22*($D$17/100))+(E22*($E$17/100)),"") -> 76.65 | G22: =IFERROR(VLOOKUP(F22,[6]Sheet1!$AA$1:$AB$10,2),"") -> B+
A23: 5 | B23: 24.05.52.0006 | C23: AATHIRA AUFA AZ-ZAHRA | D23: 81.9 | E23: 81.9 | F23: =IFERROR((D23*($D$17/100))+(E23*($E$17/100)),"") -> 81.9 | G23: =IFERROR(VLOOKUP(F23,[6]Sheet1!$AA$1:$AB$10,2),"") -> B+
A24: 6 | B24: 24.05.52.0007 | C24: SHEILA MONA PUTRI IKSANTI | D24: 66.5 | E24: 77 | F24: =IFERROR((D24*($D$17/100))+(E24*($E$17/100)),"") -> 71.75 | G24: =IFERROR(VLOOKUP(F24,[6]Sheet1!$AA$1:$AB$10,2),"") -> B
A25: 7 | B25: 24.05.52.0008 | C25: RAIHAN RIFA MAHARADITYA | D25: 75.5 | E25: 75.5 | F25: =IFERROR((D25*($D$17/100))+(E25*($E$17/100)),"") -> 75.5 | G25: =IFERROR(VLOOKUP(F25,[6]Sheet1!$AA$1:$AB$10,2),"") -> B+
A26: 8 | B26: 24.05.52.0009 | C26: MARLINA DWI SAPUTRI | D26: 58 | E26: 93 | F26: =IFERROR((D26*($D$17/100))+(E26*($E$17/100)),"") -> 75.5 | G26: =IFERROR(VLOOKUP(F26,[6]Sheet1!$AA$1:$AB$10,2),"") -> B+
A27: 9 | B27: 24.05.52.0011 | C27: JONATHAN REXY FERDINAN | D27: 64.4 | E27: 78.4 | F27: =IFERROR((D27*($D$17/100))+(E27*($E$17/100)),"") -> 71.4 | G27: =IFERROR(VLOOKUP(F27,[6]Sheet1!$AA$1:$AB$10,2),"") -> B
A28: 10 | B28: 24.05.52.0012 | C28: GITA TEONANDA ARELLIA | D28: 75.5 | E28: 93 | F28: =IFERROR((D28*($D$17/100))+(E28*($E$17/100)),"") -> 84.25 | G28: =IFERROR(VLOOKUP(F28,[6]Sheet1!$AA$1:$AB$10,2),"") -> B+
A29: 12 | B29: 24.05.52.0014 | C29: ARELIA SALSABILA SAFITRI | D29: 82.5 | E29: 89.5 | F29: =IFERROR((D29*($D$17/100))+(E29*($E$17/100)),"") -> 86 | G29: =IFERROR(VLOOKUP(F29,[6]Sheet1!$AA$1:$AB$10,2),"") -> A-
A30: 13 | B30: 24.05.52.0015 | C30: JULLER IBEL LAURENTIUS TURNIP | D30: 0.6 | E30: 0.6 | F30: =IFERROR((D30*($D$17/100))+(E30*($E$17/100)),"") -> 0.6 | G30: =IFERROR(VLOOKUP(F30,[6]Sheet1!$AA$1:$AB$10,2),"") -> E
A31: 14 | B31: 24.05.52.0016 | C31: GADING BINTANG WICAKSONO | D31: 58 | E31: 89.5 | F31: =IFERROR((D31*($D$17/100))+(E31*($E$17/100)),"") -> 73.75 | G31: =IFERROR(VLOOKUP(F31,[6]Sheet1!$AA$1:$AB$10,2),"") -> B
... A50: 33 | B50: 24.05.52.3009 | C50: DEBY KARUNIA ANGGRAENI | D50: 79.2 | E50: 79.2 | F50: =IFERROR((D50*($D$17/100))+(E50*($E$17/100)),"") -> 79.2 | G50: =IFERROR(VLOOKUP(F50,[6]Sheet1!$AA$1:$AB$10,2),"") -> B+
A51: 34 | B51: 24.05.52.3010 | C51: PUTRY MEINERS ELISABET FAHIK | D51: 89.7 | E51: =IFERROR((D51*($D$17/100)),"") -> 44.85 | F51: =IFERROR((D51*($D$17/100))+(E51*($E$17/100)),"") -> 67.275 | G51: =IFERROR(VLOOKUP(F51,[6]Sheet1!$AA$1:$AB$10,2),"") -> B-
D53: =D16 -> CPMK121 | E53: =E16 -> CPMK122 | F53: Total
C54: Tidak KRS/Tidak Aktif | D54: =IFERROR(COUNTIF(D20:D51,""),"") -> 0 | E54: =IFERROR(COUNTIF(E20:E51,""),"") -> 0 | F54: =IFERROR(COUNTIF(F20:F51,""),"") -> 0
C55: <=65 | D55: =IFERROR(COUNTIF(D20:D51,C55)+COUNTIF(D20:D51,""),"")-D54 -> 6 | E55: =COUNTIF(E20:E51,C55)+COUNTIF(E20:E51,"")-E54 -> 2 | F55: =IFERROR(COUNTIF(F20:F51,C55)+COUNTIF(F20:F51,""),"") -> 1
C56: <85 | D56: =IFERROR(COUNTIF(D20:D51,C56)-D55,"") -> 23 | E56: =COUNTIF(E20:E51,C56)-E55 -> 17 | F56: =IFERROR(COUNTIF(F20:F51,C56)-F55,"") -> 26
C57: >=85 | D57: =COUNTIF(D20:D51,C57) -> 3 | E57: =COUNTIF(E20:E51,C57) -> 13 | F57: =IFERROR(COUNTIF(F20:F51,C57),"") -> 5
C58: Total | D58: =SUM(D54:D57) -> 32 | E58: =SUM(E54:E57) -> 32 | F58: =SUM(F54:F57) -> 32
C60: Jumlah mhsw yg lulus CPMK | D60: =(D56+D57)/(D58-D54) -> 0.8125 | E60: =(E56+E57)/(E58-E54) -> 0.9375 | F60: =(F56+F57)/(F58-F54) -> 0.96875
C62: Minimal | D62: =MIN(D20:D51) -> 0.6 | E62: =MIN(E20:E51) -> 0.6 | F62: =IFERROR(MIN(F20:F51),"") -> 0.6
C63: Maksimal | D63: =MAX(D20:D51) -> 89.7 | E63: =MAX(E20:E51) -> 96.5 | F63: =IFERROR(MAX(F20:F51),"") -> 89.5
C64: Rata-Rata | D64: =AVERAGE(D20:D51) -> 73.15 | E64: =AVERAGE(E20:E51) -> 79.951563 | F64: =IFERROR(AVERAGE(F20:F51),"") -> 76.550781

Sheet MK16-AGM
A1: FORM MONITORING DAN EVALUASI
A2: KETERCAPAIAN CAPAIAN PEMBELAJARAN MATAKULIAH(CPMK) PADA SATU ANGKATAN
A4: Tahun Akademik | C4: : 2024/2025 | E4: Program Studi | F4: : Akuntansi
A5: Kode Matakuliah | C5: : UU.24.05.52.1.03 | E5: Fakultas | F5: : Ekonomika dan Bisnis
A6: Nama Matakuliah | C6: : English for Business
A7: SKS Matakuliah | C7: : 2
A8: Semester/ Kelas | C8: : I / A1+DLC
A9: Dosen Pengampu | C9: : 1. L.0308 SARAH SUMPONOGATI, S.S, M.Li.
C10: : 2.
D12: MK8 | F12: =CONCATENATE("Nilai Akhir MK"," ",D17+E17) -> Nilai Akhir MK 100 | G12: Nilai Huruf
D13: =TRIM(MID(C5,3,100)) -> UU.24.05.52.1.03
D14: =TRIM(MID(C6,3,100)) -> English for Business
D15: CPL12 | E15: CPL12
D16: CPMK122 | E16: CPMK123
D17: 50 | E17: 50
A18: No | B18: NIM | C18: Nama Mahasiswa
A19: 1 | B19: 24.05.52.0002 | C19: SNEHA JAYA BAIDURI | D19: 93.2 | E19: 97.5 | F19: =IFERROR((D19*($D$17/100))+(E19*($E$17/100)),"") -> 95.35 | G19: =IFERROR(VLOOKUP(F20,[7]Sheet1!$AA$1:$AB$10,2),"") -> A
A20: 2 | B20: 24.05.52.0003 | C20: ALFARIESSA GIFTHA ANDREA PITALOKA | D20: 95.5 | E20: 93.4 | F20: =IFERROR((D20*($D$17/100))+(E20*($E$17/100)),"") -> 94.45 | G20: =IFERROR(VLOOKUP(F20,[8]Sheet1!$AA$1:$AB$10,2),"") -> A
A21: 3 | B21: 24.05.52.0004 | C21: MAHARANI PUTRI RUSTIANTI | D21: 94.7 | E21: 95.9 | F21: =IFERROR((D21*($D$17/100))+(E21*($E$17/100)),"") -> 95.3 | G21: =IFERROR(VLOOKUP(F21,[8]Sheet1!$AA$1:$AB$10,2),"") -> A
A22: 4 | B22: 24.05.52.0005 | C22: FLORA SUCI FERONIKA | D22: 70.5 | E22: 89 | F22: =IFERROR((D22*($D$17/100))+(E22*($E$17/100)),"") -> 79.75 | G22: =IFERROR(VLOOKUP(F22,[8]Sheet1!$AA$1:$AB$10,2),"") -> B+
A23: 5 | B23: 24.05.52.0006 | C23: AATHIRA AUFA AZ-ZAHRA | D23: 70.5 | E23: 89 | F23: =IFERROR((D23*($D$17/100))+(E23*($E$17/100)),"") -> 79.75 | G23: =IFERROR(VLOOKUP(F23,[8]Sheet1!$AA$1:$AB$10,2),"") -> B+
A24: 6 | B24: 24.05.52.0007 | C24: SHEILA MONA PUTRI IKSANTI | D24: 90.4 | E24: 97.5 | F24: =IFERROR((D24*($D$17/100))+(E24*($E$17/100)),"") -> 93.95 | G24: =IFERROR(VLOOKUP(F24,[8]Sheet1!$AA$1:$AB$10,2),"") -> A
A25: 7 | B25: 24.05.52.0008 | C25: RAIHAN RIFA MAHARADITYA | D25: 80.5 | E25: 82.6 | F25: =IFERROR((D25*($D$17/100))+(E25*($E$17/100)),"") -> 81.55 | G25: =IFERROR(VLOOKUP(F25,[8]Sheet1!$AA$1:$AB$10,2),"") -> B+
A26: 8 | B26: 24.05.52.0009 | C26: MARLINA DWI SAPUTRI | D26: 93.2 | E26: 91 | F26: =IFERROR((D26*($D$17/100))+(E26*($E$17/100)),"") -> 92.1 | G26: =IFERROR(VLOOKUP(F26,[8]Sheet1!$AA$1:$AB$10,2),"") -> A
A27: 9 | B27: 24.05.52.0011 | C27: JONATHAN REXY FERDINAN | D27: 91.4 | E27: 91 | F27: =IFERROR((D27*($D$17/100))+(E27*($E$17/100)),"") -> 91.2 | G27: =IFERROR(VLOOKUP(F27,[8]Sheet1!$AA$1:$AB$10,2),"") -> A
A28: 10 | B28: 24.05.52.0012 | C28: GITA TEONANDA ARELLIA | D28: 79.2 | E28: 82.6 | F28: =IFERROR((D28*($D$17/100))+(E28*($E$17/100)),"") -> 80.9 | G28: =IFERROR(VLOOKUP(F28,[8]Sheet1!$AA$1:$AB$10,2),"") -> B+
A29: 12 | B29: 24.05.52.0014 | C29: ARELIA SALSABILA SAFITRI | D29: 90.9 | E29: 95.9 | F29: =IFERROR((D29*($D$17/100))+(E29*($E$17/100)),"") -> 93.4 | G29: =IFERROR(VLOOKUP(F29,[8]Sheet1!$AA$1:$AB$10,2),"") -> A
A30: 13 | B30: 24.05.52.0015 | C30: JULLER IBEL LAURENTIUS TURNIP | D30: 67 | E30: 96 | F30: =IFERROR((D30*($D$17/100))+(E30*($E$17/100)),"") -> 81.5 | G30: =IFERROR(VLOOKUP(F30,[8]Sheet1!$AA$1:$AB$10,2),"") -> B+
A31: 14 | B31: 24.05.52.0016 | C31: GADING BINTANG WICAKSONO | D31: 93.2 | E31: 94.9 | F31: =IFERROR((D31*($D$17/100))+(E31*($E$17/100)),"") -> 94.05 | G31: =IFERROR(VLOOKUP(F31,[8]Sheet1!$AA$1:$AB$10,2),"") -> A
... A51: 34 | B51: 24.05.52.3012 | C51: RORO AYU SUKMAWATI | D51: 67.5 | E51: 64 | F51: =IFERROR((D51*($D$17/100))+(E51*($E$17/100)),"") -> 65.75 | G51: =IFERROR(VLOOKUP(F51,[8]Sheet1!$AA$1:$AB$10,2),"") -> B-
D53: =D16 -> CPMK122 | E53: =E16 -> CPMK123 | F53: =F12 -> Nilai Akhir MK 100
C54: Tidak KRS/Tidak Aktif | D54: =IFERROR(COUNTIF(D19:D51,""),"") -> 0 | E54: =IFERROR(COUNTIF(E19:E51,""),"") -> 0 | F54: =IFERROR(COUNTIF(F19:F51,""),"") -> 0
C55: <=65 | D55: =IFERROR(COUNTIF(D19:D51,C55)+COUNTIF(D19:D51,""),"")-D54 -> 0 | E55: =COUNTIF(E19:E51,C55)+COUNTIF(E19:E51,"")-E54 -> 1 | F55: =IFERROR(COUNTIF(F19:F51,C55)+COUNTIF(F19:F51,""),"") -> 0
C56: <85 | D56: =IFERROR(COUNTIF(D19:D51,C56)-D55,"") -> 11 | E56: =COUNTIF(E19:E51,C56)-E55 -> 6 | F56: =IFERROR(COUNTIF(F19:F51,C56)-F55,"") -> 12
C57: >=85 | D57: =COUNTIF(D19:D51,C57) -> 22 | E57: =COUNTIF(E19:E51,C57) -> 26 | F57: =IFERROR(COUNTIF(F19:F51,C57),"") -> 21
C58: Total | D58: =SUM(D54:D57) -> 33 | E58: =SUM(E54:E57) -> 33 | F58: =SUM(F54:F57) -> 33
C60: Jumlah mhsw yg lulus CPMK | D60: =(D56+D57)/(D58-D54) -> 1 | E60: =(E56+E57)/(E58-E54) -> 0.96969697 | F60: =(F56+F57)/(F58-F54) -> 1
C62: Minimal | D62: =MIN(D19:D51) -> 67 | E62: =MIN(E19:E51) -> 64 | F62: =IFERROR(MIN(F19:F51),"") -> 65.75
C63: Maksimal | D63: =MAX(D19:D51) -> 95.5 | E63: =MAX(E19:E51) -> 100 | F63: =IFERROR(MAX(F19:F51),"") -> 95.5
C64: Rata-Rata | D64: =AVERAGE(D19:D51) -> 85.648485 | E64: =AVERAGE(E19:E51) -> 90.278788 | F64: =IFERROR(AVERAGE(F19:F51),"") -> 87.963636

Sheet MK59-KWN
A1: FORM MONITORING DAN EVALUASI
A2: KETERCAPAIAN CAPAIAN PEMBELAJARAN MATAKULIAH(CPMK) PADA SATU ANGKATAN
A4: Tahun Akademik | C4: : 2024/2025 | E4: Program Studi | F4: : Sistem Informasi
A5: Kode Matakuliah | C5: : U.24.01.55.1.03 | E5: Fakultas | F5: : Teknologi Informasi dan Industri
A6: Nama Matakuliah | C6: : KEWARGANEGARAAN
A7: SKS Matakuliah | C7: : 2
A8: Semester/ Kelas | C8: : I / A1+DLC
A9: Dosen Pengampu | C9: : 1.YU.2.03.07.063 - R. SOELISTIJADI, S.SOS, M.Kom.
C10: : 2.
D12: MK59 | G12: =CONCATENATE("Nilai Akhir MK"," ",D17+E17+F17) -> Nilai Akhir MK 100 | H12: Nilai Huruf
D13: =TRIM(MID(C5,3,100)) -> U.24.01.55.1.03
D14: =TRIM(MID(C6,3,100)) -> KEWARGANEGARAAN
D15: CPL10 | E15: CPL12 | F15: CPL14
D16: CPMK101 | E16: CPMK122 | F16: CPMK141
D17: 25 | E17: 45 | F17: 30
A18: No | B18: NIM | C18: Nama Mahasiswa
A19: 1 | B19: 24.01.55.0002 | C19: NADIA SALSABILLA PUTRI
A20: 2 | B20: 24.01.55.0003 | C20: LISA RAHMAWATI | D20: 93.86 | E20: 88.75 | F20: 85 | G20: =IFERROR((D20*($D$17/100))+(E20*($E$17/100))+(F20*($F$17/100)),"") -> 88.9025 | H20: =IFERROR(VLOOKUP(G20,[9]Sheet1!$AA$1:$AB$10,2),"") -> A-
A21: 3 | B21: 24.01.55.0004 | C21: NAZWA FITRI AULIA | D21: 88.21 | E21: 55 | F21: 70 | G21: =IFERROR((D21*($D$17/100))+(E21*($E$17/100))+(F21*($F$17/100)),"") -> 67.8025 | H21: =IFERROR(VLOOKUP(G21,[9]Sheet1!$AA$1:$AB$10,2),"") -> B-
A22: 4 | B22: 24.01.55.0005 | C22: RAFFAEL ANGGARA ARYA DEWA | D22: 87.64 | E22: 69.25 | F22: 59 | G22: =IFERROR((D22*($D$17/100))+(E22*($E$17/100))+(F22*($F$17/100)),"") -> 70.7725 | H22: =IFERROR(VLOOKUP(G22,[9]Sheet1!$AA$1:$AB$10,2),"") -> B
A23: 5 | B23: 24.01.55.0006 | C23: YUMROTUL MUKAROMAH | D23: 91 | E23: 79 | F23: 72 | G23: =IFERROR((D23*($D$17/100))+(E23*($E$17/100))+(F23*($F$17/100)),"") -> 79.9 | H23: =IFERROR(VLOOKUP(G23,[9]Sheet1!$AA$1:$AB$10,2),"") -> B+
A24: 6 | B24: 24.01.55.0007 | C24: USWATUN AULIA PANGESTIKA | D24: 84.64 | E24: 85 | F24: 80 | G24: =IFERROR((D24*($D$17/100))+(E24*($E$17/100))+(F24*($F$17/100)),"") -> 83.41 | H24: =IFERROR(VLOOKUP(G24,[9]Sheet1!$AA$1:$AB$10,2),"") -> B+
A25: 7 | B25: 24.01.55.0008 | C25: VINCENT LISTANEOF SANTOSO | D25: 53.86 | E25: 12.5 | F25: 0 | G25: =IFERROR((D25*($D$17/100))+(E25*($E$17/100))+(F25*($F$17/100)),"") -> 19.09 | H25: =IFERROR(VLOOKUP(G25,[9]Sheet1!$AA$1:$AB$10,2),"") -> E
A26: 8 | B26: 24.01.55.0009 | C26: RETNO AJENG PUSPITASARI | D26: 67.07 | E26: 62.75 | F26: 67 | G26: =IFERROR((D26*($D$17/100))+(E26*($E$17/100))+(F26*($F$17/100)),"") -> 65.105 | H26: =IFERROR(VLOOKUP(G26,[9]Sheet1!$AA$1:$AB$10,2),"") -> C+
A27: 9 | B27: 24.01.55.0010 | C27: IQBAL FAHAR | D27: 85.5 | E27: 86.5 | F27: 82 | G27: =IFERROR((D27*($D$17/100))+(E27*($E$17/100))+(F27*($F$17/100)),"") -> 84.9 | H27: =IFERROR(VLOOKUP(G27,[9]Sheet1!$AA$1:$AB$10,2),"") -> A-
A28: 10 | B28: 24.01.55.0011 | C28: SHABRINA AULIA PUTRI | D28: 78.86 | E28: 86.25 | F28: 85 | G28: =IFERROR((D28*($D$17/100))+(E28*($E$17/100))+(F28*($F$17/100)),"") -> 84.0275 | H28: =IFERROR(VLOOKUP(G28,[9]Sheet1!$AA$1:$AB$10,2),"") -> B+
A29: 11 | B29: 24.01.55.0012 | C29: ADELA PUTRI AJI | D29: 82.64 | E29: 82.5 | F29: 80 | G29: =IFERROR((D29*($D$17/100))+(E29*($E$17/100))+(F29*($F$17/100)),"") -> 81.785 | H29: =IFERROR(VLOOKUP(G29,[9]Sheet1!$AA$1:$AB$10,2),"") -> B+
A30: 12 | B30: 24.01.55.0013 | C30: AMELIA RISKI KURNIAWATI | D30: 75.5 | E30: 79 | F30: 82 | G30: =IFERROR((D30*($D$17/100))+(E30*($E$17/100))+(F30*($F$17/100)),"") -> 79.025 | H30: =IFERROR(VLOOKUP(G30,[9]Sheet1!$AA$1:$AB$10,2),"") -> B+
A31: 13 | B31: 24.01.55.0014 | C31: DAFFA IQBAL MAULANA | D31: 89.93 | E31: 86.5 | F31: 82 | G31: =IFERROR((D31*($D$17/100))+(E31*($E$17/100))+(F31*($F$17/100)),"") -> 86.0075 | H31: =IFERROR(VLOOKUP(G31,[9]Sheet1!$AA$1:$AB$10,2),"") -> A-
... A37: 19 | B37: 24.01.55.3004 | C37: RISTRAWAN WIRAWINELDA | D37: 77.5 | E37: 70.5 | F37: 74 | G37: =IFERROR((D37*($D$17/100))+(E37*($E$17/100))+(F37*($F$17/100)),"") -> 73.3 | H37: =IFERROR(VLOOKUP(G37,[9]Sheet1!$AA$1:$AB$10,2),"") -> B
D39: =D16 -> CPMK101 | E39: =E16 -> CPMK122 | F39: =F16 -> CPMK141 | G39: =G12 -> Nilai Akhir MK 100
C40: Tidak KRS/Tidak Aktif | D40: =IFERROR(COUNTIF(D19:D37,""),"") -> 1 | E40: =IFERROR(COUNTIF(E19:E37,""),"") -> 1 | F40: =IFERROR(COUNTIF(F19:F37,""),"") -> 1 | G40: =IFERROR(COUNTIF(G19:G37,""),"") -> 1
C41: <=65 | D41: =IFERROR(COUNTIF(D19:D37,C41)+COUNTIF(D19:D37,""),"")-D40 -> 1 | E41: =COUNTIF(E19:E37,C41)+COUNTIF(E19:E37,"")-E40 -> 3 | F41: =COUNTIF(F19:F37,C41)+COUNTIF(F19:F37,"")-F40 -> 2 | G41: =IFERROR(COUNTIF(G19:G37,C41)+COUNTIF(G19:G37,""),"") -> 2
C42: <85 | D42: =IFERROR(COUNTIF(D19:D37,C42)-D41,"") -> 11 | E42: =COUNTIF(E19:E37,C42)-E41 -> 10 | F42: =COUNTIF(F19:F37,C42)-F41 -> 14 | G42: =IFERROR(COUNTIF(G19:G37,C42)-G41,"") -> 14
C43: >=85 | D43: =COUNTIF(D19:D37,C43) -> 6 | E43: =COUNTIF(E19:E37,C43) -> 5 | F43: =COUNTIF(F19:F37,C43) -> 2 | G43: =IFERROR(COUNTIF(G19:G37,C43),"") -> 2
C44: Total | D44: =SUM(D40:D43) -> 19 | E44: =SUM(E40:E43) -> 19 | F44: =SUM(F40:F43) -> 19 | G44: =SUM(G40:G43) -> 19
C46: Jumlah mhsw yg lulus CPMK | D46: =(D42+D43)/(D44-D40) -> 0.94444444 | E46: =(E42+E43)/(E44-E40) -> 0.83333333 | F46: =(F42+F43)/(F44-F40) -> 0.88888889 | G46: =(G42+G43)/(G44-G40) -> 0.88888889
C48: Minimal | D48: =MIN(D19:D37) -> 53.86 | E48: =MIN(E19:E37) -> 12.5 | F48: =MIN(F19:F37) -> 0 | G48: =IFERROR(MIN(G19:G37),"") -> 19.09
C49: Maksimal | D49: =MAX(D19:D37) -> 93.86 | E49: =MAX(E19:E37) -> 88.75 | F49: =MAX(F19:F37) -> 85 | G49: =IFERROR(MAX(G19:G37),"") -> 88.9025
C50: Rata-Rata | D50: =AVERAGE(D19:D37) -> 80.412778 | E50: =AVERAGE(E19:E37) -> 73.652778 | F50: =AVERAGE(F19:F37) -> 71.722222 | G50: =IFERROR(AVERAGE(G19:G37),"") -> 74.763611

Sheet Penguk.CPMK-Smt1
A1: Pengukuran CPMK di tingkat mata kuliah pada satu angkatan (2024)
A2: [Mata Kuliah Semester 3]
D4: ='ListMKSmt-1'!B2 -> MK16 | G4: Nilai Akhir Matakuliah | H4: ='ListMKSmt-1'!B3 -> MK17 | J4: Nilai Akhir Matakuliah | K4: ='ListMKSmt-1'!B4 -> MK18 | M4: Nilai Akhir Matakuliah | N4: ='ListMKSmt-1'!B5 -> MK19 | Q4: Nilai Akhir Matakuliah | R4: ='ListMKSmt-1'!B6 -> MK20 | T4: Nilai Akhir Matakuliah | U4: MK6 | W4: Nilai Akhir Matakuliah | X4: MK7 | Z4: Nilai Akhir Matakuliah | AB4: Nilai | AD4: Nilai | AF4: Nilai | AH4: Nilai | AJ4: Nilai | AL4: Nilai | AN4: Nilai | AP4: Nilai | AR4: Nilai | AT4: Nilai | AV4: Nilai | AX4: Nilai | AZ4: Nilai | BB4: Nilai
D5: ='ListMKSmt-1'!D2 -> P.24.05.52.3.11 | H5: ='ListMKSmt-1'!D3 -> P.24.05.52.3.12 | K5: ='ListMKSmt-1'!D4 -> P.24.05.52.3.13 | N5: ='ListMKSmt-1'!D5 -> P.24.05.52.3.14 | R5: ='ListMKSmt-1'!D6 -> P.24.05.52.3.15 | U5: ='ListMKSmt-1'!D7 -> P.24.05.52.3.16 | X5: ='ListMKSmt-1'!D8 -> U.24.05.52.3.06
D6: ='ListMKSmt-1'!E2 -> Akuntansi Keuangan Menengah 1 | H6: ='ListMKSmt-1'!E3 -> Statistika 1 | K6: ='ListMKSmt-1'!E4 -> Pengauditan 1 | N6: ='ListMKSmt-1'!E5 -> Akuntansi Pajak | R6: ='ListMKSmt-1'!E6 -> Akuntansi Manajemen | U6: ='ListMKSmt-1'!E7 -> Manajemen Keuangan | X6: ='ListMKSmt-1'!E8 -> Entrepreneurship for Start-up | AB6: D,G,J,T | AD6: U | AF6: N,Q | AH6: K | AR6: O,R | AT6: X,AB,AF | AX6: Y,AC,AG | AZ6: E,H, L,V | BB6: Z,AD,AH | BL6: D,E,F | BV6: N,Q | CB6: R,S,H,I | DD6: U,V | DX6: K | ED6: L | EH6: N | ER6: O,P | FB6: X,Y | FL6: E,H,L,V | FP6: Z,AD,AH
D7: ='MK1-TM'!D15 -> CPL02 | E7: ='MK1-TM'!E15 -> CPL02 | F7: ='MK1-TM'!F15 -> CPL02 | H7: ='MK2-TO'!D15 -> CPL04 | I7: ='MK2-TO'!E15 -> CPL04 | K7: ='MK3-PSTI'!D15 -> CPL08 | L7: ='MK3-PSTI'!E15 -> CPL09 | N7: ='MK4-L&A'!D15 -> CPL10 | O7: ='MK4-L&A'!E15 -> CPL11 | P7: ='MK4-L&A'!F15 -> CPL11 | R7: ='MK5-BP'!D15 -> CPL04 | S7: ='MK5-BP'!E15 -> CPL04 | U7: ='MK7-MBD'!D14 -> CPL06 | V7: ='MK7-MBD'!E14 -> CPL06 | X7: =MK8_BID!D15 -> CPL12 | Y7: =MK8_BID!E15 -> CPL12 | AB7: CPL01 | AC7: Capaian (%) | AD7: CPL02 | AE7: Capaian (%) | AF7: CPL03 | AG7: Capaian (%) | AH7: CPL04 | AI7: Capaian (%) | AJ7: CPL05 | AK7: Capaian (%) | AL7: CPL06 | AM7: Capaian (%) | AN7: CPL07 | AO7: Capaian (%) | AP7: CPL08 | AQ7: Capaian (%) | AR7: CPL09 | AS7: Capaian (%) | AT7: CPL10 | AU7: Capaian (%) | AV7: CPL11 | AW7: Capaian (%) | AX7: CPL12 | AY7: Capaian (%) | AZ7: CPL13 | BA7: Capaian (%) | BB7: CPL14 | BC7: Capaian (%) | BF7: CPL01 | BL7: CPL02 | BV7: CPL03 | CB7: CPL04 | CN7: CPL05 | DD7: CPL06 | DL7: CPL07 | DX7: CPL08 | ED7: CPL09 | EH7: CPL10 | ER7: CPL11 | FB7: CPL12 | FL7: CPL13 | FP7: CPL14
D8: ='MK1-TM'!D16 -> CPMK022 | E8: ='MK1-TM'!E16 -> CPMK024 | F8: ='MK1-TM'!F16 -> CPMK025 | H8: ='MK2-TO'!D16 -> CPMK44 | I8: ='MK2-TO'!E16 -> CPMK46 | K8: ='MK3-PSTI'!D16 -> CPMK81 | L8: ='MK3-PSTI'!E16 -> CPMK91 | N8: ='MK4-L&A'!D16 -> CPMK104 | O8: ='MK4-L&A'!E16 -> CPMK111 | P8: ='MK4-L&A'!F16 -> CPMK112 | R8: ='MK5-BP'!D16 -> CPMK41 | S8: ='MK5-BP'!E16 -> CPMK42 | U8: ='MK7-MBD'!D15 -> CPMK61 | V8: ='MK7-MBD'!E15 -> CPMK62 | X8: =MK8_BID!D16 -> CPMK121 | Y8: =MK8_BID!E16 -> CPMK122 | AA8: SMT-III | AB8: 215 | AD8: =#REF! -> #REF! | AF8: =N9+R9 -> 87 | AH8: =#REF! -> #REF! | AR8: =P9+S9 -> 80 | AT8: =X9+#REF!+#REF! -> #REF! | AX8: =#REF!+#REF!+#REF! -> #REF! | AZ8: =F9+I9+L9+V9 -> 185 | BB8: =#REF!+#REF!+#REF! -> #REF! | BF8: CPMK011 | BG8: % | BH8: CPMK012 | BI8: % | BJ8: CPMK013 | BK8: % | BL8: CPMK021 | BM8: % | BN8: CPMK022 | BO8: % | BP8: CPMK023 | BQ8: % | BR8: CPMK024 | BS8: % | BT8: CPMK025 | BV8: CPMK031 | BW8: % | BX8: CPMK032 | BY8: % | BZ8: CPMK033 | CA8: % | CB8: CPMK041 | CC8: % | CD8: CPMK042 | CE8: % | CF8: CPMK043 | CH8: CPMK044 | CJ8: CPMK045 | CL8: CPMK046 | CM8: % | CN8: CPMK051 | CO8: % | CP8: CPMK052 | CQ8: % | CR8: CPMK053 | CS8: % | CT8: CPMK054 | CU8: % | CV8: CPMK055 | CW8: % | CX8: CPMK056 | CY8: % | CZ8: CPMK057 | DA8: % | DB8: CPMK058 | DC8: % | DD8: CPMK061 | DE8: % | DF8: CPMK062 | DG8: % | DH8: CPMK063 | DI8: % | DJ8: CPMK064 | DK8: % | DL8: CPMK071 | DM8: % | DN8: CPMK072 | DO8: % | DP8: CPMK073 | DQ8: % | DR8: CPMK074 | DS8: % | DT8: CPMK075 | DU8: % | DV8: CPMK076 | DW8: % | DX8: CPMK081 | DY8: % | DZ8: CPMK082 | EA8: % | EB8: CPMK083 | EC8: % | ED8: CPMK091 | EE8: % | EF8: CPMK092 | EG8: % | EH8: CPMK101 | EI8: % | EJ8: CPMK102 | EK8: % | EL8: CPMK103 | EM8: % | EN8: CPMK104 | EO8: % | EP8: CPMK105 | EQ8: % | ER8: CPMK111 | ES8: % | ET8: CPMK112 | EU8: % | EV8: CPMK113 | EW8: % | EX8: CPMK114 | EY8: % | EZ8: CPMK115 | FA8: % | FB8: CPMK121 | FC8: % | FD8: CPMK122 | FE8: % | FF8: CPMK123 | FG8: % | FH8: CPMK124 | FI8: % | FJ8: CPMK125 | FK8: % | FL8: CPMK131 | FM8: % | FN8: CPMK132 | FO8: % | FP8: CPMK141 | FQ8: % | FR8: CPMK142 | FS8: %
C9: =SUM(D9,F9,H9,I9,K9,#REF!,L9,N9,P9,R9,S9,U9,#REF!,V9,X9,#REF!,#REF!,#REF!,#REF!,#REF!,#REF!,#REF!,#REF!) -> #REF! | D9: ='MK1-TM'!D17 -> 23 | E9: ='MK1-TM'!E17 -> 42 | F9: ='MK1-TM'!F17 -> 35 | H9: ='MK2-TO'!D17 -> 50 | I9: ='MK2-TO'!E17 -> 50 | K9: ='MK3-PSTI'!D17 -> 50 | L9: ='MK3-PSTI'!E17 -> 50 | N9: ='MK4-L&A'!D17 -> 37 | O9: ='MK4-L&A'!E17 -> 33 | P9: ='MK4-L&A'!F17 -> 30 | R9: ='MK5-BP'!D17 -> 50 | S9: ='MK5-BP'!E17 -> 50 | U9: ='MK7-MBD'!D16 -> 50 | V9: ='MK7-MBD'!E16 -> 50 | X9: =MK8_BID!D17 -> 50 | Y9: ='MK7-MBD'!E16 -> 50 | BN9: =D9 -> 23 | BR9: =E9 -> 42 | BT9: =F9 -> 35 | CB9: =R9 -> 50 | CD9: =K9 -> 50 | CH9: =H9 -> 50 | CL9: =I9 -> 50 | CV9: =N9 -> 37 | CX9: 50 | DD9: =U9 -> 50 | DF9: =V9 -> 50 | DX9: =K9 -> 50 | ED9: =L9 -> 50 | EN9: =N9 -> 37 | ER9: =O9 -> 33 | ET9: =P9 -> 30 | EX9: =R9 -> 50 | EZ9: =S9 -> 50 | FB9: =X9 -> 50 | FD9: =Y9 -> 50 | FL9: =F9+I9+L9+V9 -> 185 | FP9: =#REF!+#REF! -> #REF! | FR9: =#REF! -> #REF! | FT9: =SUM(BF9:FR9) -> #REF!
A10: No | B10: NIM | C10: Nama Mahasiswa
A11: 1 | B11: 24.05.52.0002 | C11: SNEHA JAYA BAIDURI | D11: ='MK1-TM'!D19 -> 83.7 | E11: ='MK1-TM'!E19 -> 82.26 | F11: ='MK1-TM'!F19 -> 88.86 | G11: =IFERROR((D11*($D$9/100))+(E11*($E$9/100))+(F11*($F$9/100)),"") -> 84.9012 | H11: ='MK2-TO'!D19 -> 86.5 | I11: ='MK2-TO'!E19 -> 86.5 | J11: =IFERROR((H11*($H$9/100))+(I11*($I$9/100)),"") -> 86.5 | K11: ='MK3-PSTI'!D19 -> 80.59 | L11: ='MK3-PSTI'!E19 -> 78.06 | M11: =IFERROR((K11*($K$9/100))+(L11*($L$9/100)),"") -> 79.325 | N11: =IF('MK4-L&A'!D19="","",'MK4-L&A'!D19) -> 72.65 | O11: ='MK4-L&A'!E19 -> 70.06 | P11: ='MK4-L&A'!F19 -> 85.5 | Q11: =IFERROR((N11*($N$9/100))+(O11*($O$9/100))+(P11*($P$9/100)),"") -> 75.6503 | R11: ='MK5-BP'!D19 -> 76.3 | S11: ='MK5-BP'!E19 -> 76.3 | T11: =IFERROR((R11*($R$9/100))+(S11*($S$9/100)),"") -> 76.3 | U11: =IF('MK7-MBD'!D18="","",'MK7-MBD'!D18) -> 75.5 | V11: =IF('MK7-MBD'!E18="","",'MK7-MBD'!E18) -> 96.5 | W11: =IFERROR((U11*($R$9/100))+(V11*($S$9/100)),"") -> 86 | X11: =IF(MK8_BID!D19="","",MK8_BID!D19) -> 75.5 | Y11: ='MK7-MBD'!E18 -> 96.5 | Z11: =IFERROR((X11*($X$9/100))+(Y11*($Y$9/100)),"") -> 86 | AB11: =IFERROR((D11*($D$9/100)+H11*($H$9/100)+K11*($K$9/100)+U11*($U$9/100)),"") -> 140.546 | AC11: =IFERROR(AB11/$AB$8*100,"") -> 65.370233 | AH11: =IFERROR((#REF!*(#REF!/100)),"") | AI11: =IFERROR(AH11/$AH$8*100,"") | AZ11: =IFERROR((F11*($F$9/100)+I11*($I$9/100)+L11*($L$9/100)+V11*($V$9/100)),"") -> 161.631 | BA11: =IFERROR(AZ11/$AZ$8*100,"") -> 87.368108 | BG11: =IF(BF11="","",BF11/$BF$9) | BI11: =IF(BH11="","",BH11/$BH$9) | BK11: =IF(BJ11="","",BJ11/$BJ$9) | BM11: =IF(BL11="","",BL11/$BL$9) | BN11: =IF(D11="","",IFERROR(D11*($D$9/100),"")) -> 19.251 | BO11: =IF(BN11="","",BN11/$BN$9) -> 0.837 | BQ11: =IF(BP11="","",BP11/$BP$9) | BR11: =IFERROR(IF(E11="","",IFERROR(E11*($E$9/100),"")),"") -> 34.5492 | BS11: =IF(BR11="","",BR11/$BR$9) -> 0.8226 | BT11: =IFERROR(IF(F11="","",IFERROR(F11*($F$9/100),"")),"") -> 31.101 | BU11: =IF(BT11="","",BT11/$BT$9) -> 0.8886 | BY11: =IF(BX11="","",BX11/$BX$9) | CB11: =IF(R11="","",IFERROR(R11*($R$9/100),"")) -> 38.15 | CC11: =IF(CB11="","",CB11/$CB$9) -> 0.763 | CD11: =IF(K11="","",IFERROR(K11*($K$9/100),"")) -> 40.295 | CE11: =IF(CD11="","",CD11/$CD$9) -> 0.8059 | CH11: =IF(H11="","",IFERROR(H11*($H$9/100),"")) -> 43.25 | CI11: =IF(CH11="","",CH11/$CH$9) -> 0.865 | CL11: =IF(I11="","",IFERROR(I11*($I$9/100),"")) -> 43.25 | CM11: =IF(CL11="","",CL11/$CL$9) -> 0.865 | CW11: =IF(CV11="","",CV11/$CV$9) | CY11: =IF(CX11="","",CX11/$CX$9) | DD11: =IF(U11="","",IFERROR(U11*($U$9/100),"")) -> 37.75 | DE11: =IF(DD11="","",DD11/$DD$9) -> 0.755 | DF11: =IF(V11="","",IFERROR(V11*($V$9/100),"")) -> 48.25 | DG11: =IF(DF11="","",DF11/$DF$9) -> 0.965 | DX11: =IF(K11="","",IFERROR(K11*($K$9/100),"")) -> 40.295 | DY11: =IF(DX11="","",DX11/$DX$9) -> 0.8059 | ED11: =IF(L11="","",IFERROR(L11*($L$9/100),"")) -> 39.03 | EE11: =IF(ED11="","",ED11/$ED$9) -> 0.7806 | EI11: =IF(EH11="","",EH11/$EH$9) | EK11: =IF(EJ11="","",EJ11/$EJ$9) | EM11: =IF(EL11="","",EL11/$EL$9) | EN11: =IF(N11="","",IFERROR(N11*($N$9/100),"")) -> 26.8805 | EO11: =IF(EN11="","",EN11/$EN$9) -> 0.7265 | ER11: =IF(O11="","",IFERROR(O11*($O$9/100),"")) -> 23.1198 | ES11: =IF(ER11="","",ER11/$ER$9) -> 0.7006 | ET11: =IF(P11="","",IFERROR(P11*($P$9/100),"")) -> 25.65 | EU11: =IF(ET11="","",ET11/$ET$9) -> 0.855 | EY11: =IF(EX11="","",EX11/$EX$9) | FA11: =IF(EZ11="","",EZ11/$EZ$9) | FB11: =IF(X11="","",IFERROR(X11*($X$9/100),"")) -> 37.75 | FC11: =IF(FB11="","",FB11/$FB$9) -> 0.755 | FD11: =IF(Y11="","",IFERROR(Y11*($Y$9/100),"")) -> 48.25 | FE11: =IF(FD11="","",FD11/$FD$9) -> 0.965 | FJ11: =IFERROR(IF(#REF!="","",IFERROR(#REF!*(#REF!/100),""))+IF(#REF!="","",IFERROR(#REF!*(#REF!/100),"")),"") | FK11: =IF(FJ11="","",FJ11/$FJ$9) | FL11: =IFERROR(IF(F11="","",IFERROR(F11*($F$9/100),""))+IF(I11="","",IFERROR(I11*($I$9/100),""))+IF(L11="","",IFERROR(L11*($L$9/100),""))+IF(V11="","",IFERROR(V11*($V$9/100),"")),"") -> 161.631 | FM11: =IF(FL11="","",FL11/$FL$9) -> 0.87368108 | FP11: =IFERROR(IF(#REF!="","",IFERROR(#REF!*(#REF!/100),""))+IF(#REF!="","",IFERROR(#REF!*(#REF!/100),"")),"") | FQ11: =IF(FP11="","",FP11/$FP$9) | FR11: =IFERROR(IF(#REF!="","",IFERROR(#REF!*(#REF!/100),"")),"") | FS11: =IF(FR11="","",FR11/$FR$9) | FT11: =SUM(BF11:FR11) -> 752.48188 | FU11: =FT11/$FT$9 -> #REF!
A12: 2 | B12: 24.05.52.0003 | C12: ALFARIESSA GIFTHA ANDREA P | D12: ='MK1-TM'!D20 -> 79.13 | E12: ='MK1-TM'!E20 -> 73.57 | F12: ='MK1-TM'!F20 -> 84.71 | G12: =IFERROR((D12*($D$9/100))+(E12*($E$9/100))+(F12*($F$9/100)),"") -> 78.7478 | H12: ='MK2-TO'!D20 -> 75.7 | I12: ='MK2-TO'!E20 -> 75.7 | J12: =IFERROR((H12*($H$9/100))+(I12*($I$9/100)),"") -> 75.7 | K12: ='MK3-PSTI'!D20 -> 77.06 | L12: ='MK3-PSTI'!E20 -> 79.18 | M12: =IFERROR((K12*($K$9/100))+(L12*($L$9/100)),"") -> 78.12 | N12: =IF('MK4-L&A'!D20="","",'MK4-L&A'!D20) -> 79.05 | O12: ='MK4-L&A'!E20 -> 78.94 | P12: ='MK4-L&A'!F20 -> 85.67 | Q12: =IFERROR((N12*($N$9/100))+(O12*($O$9/100))+(P12*($P$9/100)),"") -> 80.9997 | R12: ='MK5-BP'!D20 -> 81.4 | S12: ='MK5-BP'!E20 -> 81.4 | T12: =IFERROR((R12*($R$9/100))+(S12*($S$9/100)),"") -> 81.4 | U12: =IF('MK7-MBD'!D19="","",'MK7-MBD'!D19) -> 72 | V12: =IF('MK7-MBD'!E19="","",'MK7-MBD'!E19) -> 82.5 | W12: =IFERROR((U12*($R$9/100))+(V12*($S$9/100)),"") -> 77.25 | X12: =IF(MK8_BID!D20="","",MK8_BID!D20) -> 72 | Y12: ='MK7-MBD'!E19 -> 82.5 | Z12: =IFERROR((X12*($X$9/100))+(Y12*($Y$9/100)),"") -> 77.25 | AB12: =IFERROR((D12*($D$9/100)+H12*($H$9/100)+K12*($K$9/100)+U12*($U$9/100)),"") -> 130.5799 | AC12: =IFERROR(AB12/$AB$8*100,"") -> 60.734837 | AD12: =IFERROR((#REF!*(#REF!/100)),"") | AE12: =IFERROR(AD12/$AD$8*100,"") | AF12: =IFERROR((N12*($N$9/100)+R12*($R$9/100)),"") -> 69.9485 | AG12: =IFERROR(AF12/$AF$8*100,"") -> 80.400575 | AH12: =IFERROR((#REF!*(#REF!/100)),"") | AI12: =IFERROR(AH12/$AH$8*100,"") | AR12: =IFERROR((P12*($P$9/100)+S12*($S$9/100)),"") -> 66.401 | AS12: =IFERROR(AR12/$AR$8*100,"") -> 83.00125 | AT12: =IFERROR((X12*($X$9/100)+#REF!*(#REF!/100)+#REF!*(#REF!/100)),"") | AU12: =IFERROR(AT12/$AT$8*100,"") | AX12: =IFERROR((#REF!*(#REF!/100)+#REF!*(#REF!/100)+#REF!*(#REF!/100)),"") | AY12: =IFERROR(AX12/$AX$8*100,"") | AZ12: =IFERROR((F12*($F$9/100)+I12*($I$9/100)+L12*($L$9/100)+V12*($V$9/100)),"") -> 148.3385 | BA12: =IFERROR(AZ12/$AZ$8*100,"") -> 80.182973 | BB12: =IFERROR((#REF!*(#REF!/100)+(#REF!*(#REF!/100))+(#REF!*(#REF!/100))),"") | BC12: =IFERROR(BB12/$BB$8*100,"") | BG12: =IF(BF12="","",BF12/$BF$9) | BI12: =IF(BH12="","",BH12/$BH$9) | BK12: =IF(BJ12="","",BJ12/$BJ$9) | BM12: =IF(BL12="","",BL12/$BL$9) | BN12: =IF(D12="","",IFERROR(D12*($D$9/100),"")) -> 18.1999 | BO12: =IF(BN12="","",BN12/$BN$9) -> 0.7913 | BQ12: =IF(BP12="","",BP12/$BP$9) | BR12: =IFERROR(IF(E12="","",IFERROR(E12*($E$9/100),"")),"") -> 30.8994 | BS12: =IF(BR12="","",BR12/$BR$9) -> 0.7357 | BT12: =IFERROR(IF(F12="","",IFERROR(F12*($F$9/100),"")),"") -> 29.6485 | BU12: =IF(BT12="","",BT12/$BT$9) -> 0.8471 | BY12: =IF(BX12="","",BX12/$BX$9) | CB12: =IF(R12="","",IFERROR(R12*($R$9/100),"")) -> 40.7 | CC12: =IF(CB12="","",CB12/$CB$9) -> 0.814 | CD12: =IF(K12="","",IFERROR(K12*($K$9/100),"")) -> 38.53 | CE12: =IF(CD12="","",CD12/$CD$9) -> 0.7706 | CH12: =IF(H12="","",IFERROR(H12*($H$9/100),"")) -> 37.85 | CI12: =IF(CH12="","",CH12/$CH$9) -> 0.757 | CL12: =IF(I12="","",IFERROR(I12*($I$9/100),"")) -> 37.85 | CM12: =IF(CL12="","",CL12/$CL$9) -> 0.757 | CW12: =IF(CV12="","",CV12/$CV$9) | CY12: =IF(CX12="","",CX12/$CX$9) | DD12: =IF(U12="","",IFERROR(U12*($U$9/100),"")) -> 36 | DE12: =IF(DD12="","",DD12/$DD$9) -> 0.72 | DF12: =IF(V12="","",IFERROR(V12*($V$9/100),"")) -> 41.25 | DG12: =IF(DF12="","",DF12/$DF$9) -> 0.825 | DX12: =IF(K12="","",IFERROR(K12*($K$9/100),"")) -> 38.53 | DY12: =IF(DX12="","",DX12/$DX$9) -> 0.7706 | ED12: =IF(L12="","",IFERROR(L12*($L$9/100),"")) -> 39.59 | EE12: =IF(ED12="","",ED12/$ED$9) -> 0.7918 | EI12: =IF(EH12="","",EH12/$EH$9) | EK12: =IF(EJ12="","",EJ12/$EJ$9) | EM12: =IF(EL12="","",EL12/$EL$9) | EN12: =IF(N12="","",IFERROR(N12*($N$9/100),"")) -> 29.2485 | EO12: =IF(EN12="","",EN12/$EN$9) -> 0.7905 | ER12: =IF(O12="","",IFERROR(O12*($O$9/100),"")) -> 26.0502 | ES12: =IF(ER12="","",ER12/$ER$9) -> 0.7894 | ET12: =IF(P12="","",IFERROR(P12*($P$9/100),"")) -> 25.701 | EU12: =IF(ET12="","",ET12/$ET$9) -> 0.8567 | EY12: =IF(EX12="","",EX12/$EX$9) | FA12: =IF(EZ12="","",EZ12/$EZ$9) | FB12: =IF(X12="","",IFERROR(X12*($X$9/100),"")) -> 36 | FC12: =IF(FB12="","",FB12/$FB$9) -> 0.72 | FD12: =IF(Y12="","",IFERROR(Y12*($Y$9/100),"")) -> 41.25 | FE12: =IF(FD12="","",FD12/$FD$9) -> 0.825 | FJ12: =IFERROR(IF(#REF!="","",IFERROR(#REF!*(#REF!/100),""))+IF(#REF!="","",IFERROR(#REF!*(#REF!/100),"")),"") | FK12: =IF(FJ12="","",FJ12/$FJ$9) | FL12: =IFERROR(IF(F12="","",IFERROR(F12*($F$9/100),""))+IF(I12="","",IFERROR(I12*($I$9/100),""))+IF(L12="","",IFERROR(L12*($L$9/100),""))+IF(V12="","",IFERROR(V12*($V$9/100),"")),"") -> 148.3385 | FM12: =IF(FL12="","",FL12/$FL$9) -> 0.80182973 | FP12: =IFERROR(IF(#REF!="","",IFERROR(#REF!*(#REF!/100),""))+IF(#REF!="","",IFERROR(#REF!*(#REF!/100),"")),"") | FQ12: =IF(FP12="","",FP12/$FP$9) | FR12: =IFERROR(IF(#REF!="","",IFERROR(#REF!*(#REF!/100),"")),"") | FS12: =IF(FR12="","",FR12/$FR$9) | FT12: =SUM(BF12:FR12) -> 708.99953 | FU12: =FT12/$FT$9 -> #REF!
A13: 3 | B13: 24.05.52.0004 | C13: MAHARANI PUTRI RUSTIANTI | D13: ='MK1-TM'!D21 -> 78.91 | E13: ='MK1-TM'!E21 -> 72.26 | F13: ='MK1-TM'!F21 -> 74 | G13: =IFERROR((D13*($D$9/100))+(E13*($E$9/100))+(F13*($F$9/100)),"") -> 74.3985 | H13: ='MK2-TO'!D21 -> 81.3 | I13: ='MK2-TO'!E21 -> 81.3 | J13: =IFERROR((H13*($H$9/100))+(I13*($I$9/100)),"") -> 81.3 | K13: ='MK3-PSTI'!D21 -> 76.47 | L13: ='MK3-PSTI'!E21 -> 74.08 | M13: =IFERROR((K13*($K$9/100))+(L13*($L$9/100)),"") -> 75.275 | N13: =IF('MK4-L&A'!D21="","",'MK4-L&A'!D21) -> 68.95 | O13: ='MK4-L&A'!E21 -> 68 | P13: ='MK4-L&A'!F21 -> 67 | Q13: =IFERROR((N13*($N$9/100))+(O13*($O$9/100))+(P13*($P$9/100)),"") -> 68.0515 | R13: ='MK5-BP'!D21 -> 92.6 | S13: ='MK5-BP'!E21 -> 92.6 | T13: =IFERROR((R13*($R$9/100))+(S13*($S$9/100)),"") -> 92.6 | U13: =IF('MK7-MBD'!D20="","",'MK7-MBD'!D20) -> 78.4 | V13: =IF('MK7-MBD'!E20="","",'MK7-MBD'!E20) -> 85.4 | W13: =IFERROR((U13*($R$9/100))+(V13*($S$9/100)),"") -> 81.9 | X13: =IF(MK8_BID!D21="","",MK8_BID!D21) -> 78.4 | Y13: ='MK7-MBD'!E20 -> 85.4 | Z13: =IFERROR((X13*($X$9/100))+(Y13*($Y$9/100)),"") -> 81.9 | AB13: =IFERROR((D13*($D$9/100)+H13*($H$9/100)+K13*($K$9/100)+U13*($U$9/100)),"") -> 136.2343 | AC13: =IFERROR(AB13/$AB$8*100,"") -> 63.364791 | AD13: =IFERROR((#REF!*(#REF!/100)),"") | AE13: =IFERROR(AD13/$AD$8*100,"") | AF13: =IFERROR((N13*($N$9/100)+R13*($R$9/100)),"") -> 71.8115 | AG13: =IFERROR(AF13/$AF$8*100,"") -> 82.541954 | AH13: =IFERROR((#REF!*(#REF!/100)),"") | AI13: =IFERROR(AH13/$AH$8*100,"") | AR13: =IFERROR((P13*($P$9/100)+S13*($S$9/100)),"") -> 66.4 | AS13: =IFERROR(AR13/$AR$8*100,"") -> 83 | AT13: =IFERROR((X13*($X$9/100)+#REF!*(#REF!/100)+#REF!*(#REF!/100)),"") | AU13: =IFERROR(AT13/$AT$8*100,"") | AX13: =IFERROR((#REF!*(#REF!/100)+#REF!*(#REF!/100)+#REF!*(#REF!/100)),"") | AY13: =IFERROR(AX13/$AX$8*100,"") | AZ13: =IFERROR((F13*($F$9/100)+I13*($I$9/100)+L13*($L$9/100)+V13*($V$9/100)),"") -> 146.29 | BA13: =IFERROR(AZ13/$AZ$8*100,"") -> 79.075676 | BB13: =IFERROR((#REF!*(#REF!/100)+(#REF!*(#REF!/100))+(#REF!*(#REF!/100))),"") | BC13: =IFERROR(BB13/$BB$8*100,"") | BG13: =IF(BF13="","",BF13/$BF$9) | BI13: =IF(BH13="","",BH13/$BH$9) | BK13: =IF(BJ13="","",BJ13/$BJ$9) | BM13: =IF(BL13="","",BL13/$BL$9) | BN13: =IF(D13="","",IFERROR(D13*($D$9/100),"")) -> 18.1493 | BO13: =IF(BN13="","",BN13/$BN$9) -> 0.7891 | BQ13: =IF(BP13="","",BP13/$BP$9) | BR13: =IFERROR(IF(E13="","",IFERROR(E13*($E$9/100),"")),"") -> 30.3492 | BS13: =IF(BR13="","",BR13/$BR$9) -> 0.7226 | BT13: =IFERROR(IF(F13="","",IFERROR(F13*($F$9/100),"")),"") -> 25.9 | BU13: =IF(BT13="","",BT13/$BT$9) -> 0.74 | BY13: =IF(BX13="","",BX13/$BX$9) | CB13: =IF(R13="","",IFERROR(R13*($R$9/100),"")) -> 46.3 | CC13: =IF(CB13="","",CB13/$CB$9) -> 0.926 | CD13: =IF(K13="","",IFERROR(K13*($K$9/100),"")) -> 38.235 | CE13: =IF(CD13="","",CD13/$CD$9) -> 0.7647 | CH13: =IF(H13="","",IFERROR(H13*($H$9/100),"")) -> 40.65 | CI13: =IF(CH13="","",CH13/$CH$9) -> 0.813 | CL13: =IF(I13="","",IFERROR(I13*($I$9/100),"")) -> 40.65 | CM13: =IF(CL13="","",CL13/$CL$9) -> 0.813 | CW13: =IF(CV13="","",CV13/$CV$9) | CY13: =IF(CX13="","",CX13/$CX$9) | DD13: =IF(U13="","",IFERROR(U13*($U$9/100),"")) -> 39.2 | DE13: =IF(DD13="","",DD13/$DD$9) -> 0.784 | DF13: =IF(V13="","",IFERROR(V13*($V$9/100),"")) -> 42.7 | DG13: =IF(DF13="","",DF13/$DF$9) -> 0.854 | DX13: =IF(K13="","",IFERROR(K13*($K$9/100),"")) -> 38.235 | DY13: =IF(DX13="","",DX13/$DX$9) -> 0.7647 | ED13: =IF(L13="","",IFERROR(L13*($L$9/100),"")) -> 37.04 | EE13: =IF(ED13="","",ED13/$ED$9) -> 0.7408 | EI13: =IF(EH13="","",EH13/$EH$9) | EK13: =IF(EJ13="","",EJ13/$EJ$9) | EM13: =IF(EL13="","",EL13/$EL$9) | EN13: =IF(N13="","",IFERROR(N13*($N$9/100),"")) -> 25.5115 | EO13: =IF(EN13="","",EN13/$EN$9) -> 0.6895 | ER13: =IF(O13="","",IFERROR(O13*($O$9/100),"")) -> 22.44 | ES13: =IF(ER13="","",ER13/$ER$9) -> 0.68 | ET13: =IF(P13="","",IFERROR(P13*($P$9/100),"")) -> 20.1 | EU13: =IF(ET13="","",ET13/$ET$9) -> 0.67 | EY13: =IF(EX13="","",EX13/$EX$9) | FA13: =IF(EZ13="","",EZ13/$EZ$9) | FB13: =IF(X13="","",IFERROR(X13*($X$9/100),"")) -> 39.2 | FC13: =IF(FB13="","",FB13/$FB$9) -> 0.784 | FD13: =IF(Y13="","",IFERROR(Y13*($Y$9/100),"")) -> 42.7 | FE13: =IF(FD13="","",FD13/$FD$9) -> 0.854 | FJ13: =IFERROR(IF(#REF!="","",IFERROR(#REF!*(#REF!/100),""))+IF(#REF!="","",IFERROR(#REF!*(#REF!/100),"")),"") | FK13: =IF(FJ13="","",FJ13/$FJ$9) | FL13: =IFERROR(IF(F13="","",IFERROR(F13*($F$9/100),""))+IF(I13="","",IFERROR(I13*($I$9/100),""))+IF(L13="","",IFERROR(L13*($L$9/100),""))+IF(V13="","",IFERROR(V13*($V$9/100),"")),"") -> 146.29 | FM13: =IF(FL13="","",FL13/$FL$9) -> 0.79075676 | FP13: =IFERROR(IF(#REF!="","",IFERROR(#REF!*(#REF!/100),""))+IF(#REF!="","",IFERROR(#REF!*(#REF!/100),"")),"") | FQ13: =IF(FP13="","",FP13/$FP$9) | FR13: =IFERROR(IF(#REF!="","",IFERROR(#REF!*(#REF!/100),"")),"") | FS13: =IF(FR13="","",FR13/$FR$9) | FT13: =SUM(BF13:FR13) -> 706.83016 | FU13: =FT13/$FT$9 -> #REF!
A14: 4 | B14: 24.05.52.0005 | C14: FLORA SUCI FERONIKA | D14: ='MK1-TM'!D22 -> 66.74 | E14: ='MK1-TM'!E22 -> 58.21 | F14: ='MK1-TM'!F22 -> 72.14 | G14: =IFERROR((D14*($D$9/100))+(E14*($E$9/100))+(F14*($F$9/100)),"") -> 65.0474 | H14: ='MK2-TO'!D22 -> 82 | I14: ='MK2-TO'!E22 -> 70.1 | J14: =IFERROR((H14*($H$9/100))+(I14*($I$9/100)),"") -> 76.05 | K14: ='MK3-PSTI'!D22 -> 64.47 | L14: ='MK3-PSTI'!E22 -> 73.47 | M14: =IFERROR((K14*($K$9/100))+(L14*($L$9/100)),"") -> 68.97 | N14: =IF('MK4-L&A'!D22="","",'MK4-L&A'!D22) -> 70.27 | O14: ='MK4-L&A'!E22 -> 72.58 | P14: ='MK4-L&A'!F22 -> 69.33 | Q14: =IFERROR((N14*($N$9/100))+(O14*($O$9/100))+(P14*($P$9/100)),"") -> 70.7503 | R14: ='MK5-BP'!D22 -> 93.9 | S14: ='MK5-BP'!E22 -> 93.9 | T14: =IFERROR((R14*($R$9/100))+(S14*($S$9/100)),"") -> 93.9 | U14: =IF('MK7-MBD'!D21="","",'MK7-MBD'!D21) -> 74.9 | V14: =IF('MK7-MBD'!E21="","",'MK7-MBD'!E21) -> 78.4 | W14: =IFERROR((U14*($R$9/100))+(V14*($S$9/100)),"") -> 76.65 | X14: =IF(MK8_BID!D22="","",MK8_BID!D22) -> 74.9 | Y14: ='MK7-MBD'!E21 -> 78.4 | Z14: =IFERROR((X14*($X$9/100))+(Y14*($Y$9/100)),"") -> 76.65 | AB14: =IFERROR((D14*($D$9/100)+H14*($H$9/100)+K14*($K$9/100)+U14*($U$9/100)),"") -> 126.0352 | AC14: =IFERROR(AB14/$AB$8*100,"") -> 58.621023 | AD14: =IFERROR((#REF!*(#REF!/100)),"") | AE14: =IFERROR(AD14/$AD$8*100,"") | AF14: =IFERROR((N14*($N$9/100)+R14*($R$9/100)),"") -> 72.9499 | AG14: =IFERROR(AF14/$AF$8*100,"") -> 83.85046 | AH14: =IFERROR((#REF!*(#REF!/100)),"") | AI14: =IFERROR(AH14/$AH$8*100,"") | AR14: =IFERROR((P14*($P$9/100)+S14*($S$9/100)),"") -> 67.749 | AS14: =IFERROR(AR14/$AR$8*100,"") -> 84.68625 | AT14: =IFERROR((X14*($X$9/100)+#REF!*(#REF!/100)+#REF!*(#REF!/100)),"") | AU14: =IFERROR(AT14/$AT$8*100,"") | AX14: =IFERROR((#REF!*(#REF!/100)+#REF!*(#REF!/100)+#REF!*(#REF!/100)),"") | AY14: =IFERROR(AX14/$AX$8*100,"") | AZ14: =IFERROR((F14*($F$9/100)+I14*($I$9/100)+L14*($L$9/100)+V14*($V$9/100)),"") -> 136.234 | BA14: =IFERROR(AZ14/$AZ$8*100,"") -> 73.64 | BB14: =IFERROR((#REF!*(#REF!/100)+#REF!*(#REF!/100)+#REF!*(#REF!/100)),"") | BC14: =IFERROR(BB14/$BB$8*100,"") | BG14: =IF(BF14="","",BF14/$BF$9) | BI14: =IF(BH14="","",BH14/$BH$9) | BK14: =IF(BJ14="","",BJ14/$BJ$9) | BM14: =IF(BL14="","",BL14/$BL$9) | BN14: =IF(D14="","",IFERROR(D14*($D$9/100),"")) -> 15.3502 | BO14: =IF(BN14="","",BN14/$BN$9) -> 0.6674 | BQ14: =IF(BP14="","",BP14/$BP$9) | BR14: =IFERROR(IF(E14="","",IFERROR(E14*($E$9/100),"")),"") -> 24.4482 | BS14: =IF(BR14="","",BR14/$BR$9) -> 0.5821 | BT14: =IFERROR(IF(F14="","",IFERROR(F14*($F$9/100),"")),"") -> 25.249 | BU14: =IF(BT14="","",BT14/$BT$9) -> 0.7214 | BY14: =IF(BX14="","",BX14/$BX$9) | CB14: =IF(R14="","",IFERROR(R14*($R$9/100),"")) -> 46.95 | CC14: =IF(CB14="","",CB14/$CB$9) -> 0.939 | CD14: =IF(K14="","",IFERROR(K14*($K$9/100),"")) -> 32.235 | CE14: =IF(CD14="","",CD14/$CD$9) -> 0.6447 | CH14: =IF(H14="","",IFERROR(H14*($H$9/100),"")) -> 41 | CI14: =IF(CH14="","",CH14/$CH$9) -> 0.82 | CL14: =IF(I14="","",IFERROR(I14*($I$9/100),"")) -> 35.05 | CM14: =IF(CL14="","",CL14/$CL$9) -> 0.701 | CW14: =IF(CV14="","",CV14/$CV$9) | CY14: =IF(CX14="","",CX14/$CX$9) | DD14: =IF(U14="","",IFERROR(U14*($U$9/100),"")) -> 37.45 | DE14: =IF(DD14="","",DD14/$DD$9) -> 0.749 | DF14: =IF(V14="","",IFERROR(V14*($V$9/100),"")) -> 39.2 | DG14: =IF(DF14="","",DF14/$DF$9) -> 0.784 | DX14: =IF(K14="","",IFERROR(K14*($K$9/100),"")) -> 32.235 | DY14: =IF(DX14="","",DX14/$DX$9) -> 0.6447 | ED14: =IF(L14="","",IFERROR(L14*($L$9/100),"")) -> 36.735 | EE14: =IF(ED14="","",ED14/$ED$9) -> 0.7347 | EI14: =IF(EH14="","",EH14/$EH$9) | EK14: =IF(EJ14="","",EJ14/$EJ$9) | EM14: =IF(EL14="","",EL14/$EL$9) | EN14: =IF(N14="","",IFERROR(N14*($N$9/100),"")) -> 25.9999 | EO14: =IF(EN14="","",EN14/$EN$9) -> 0.7027 | ER14: =IF(O14="","",IFERROR(O14*($O$9/100),"")) -> 23.9514 | ES14: =IF(ER14="","",ER14/$ER$9) -> 0.7258 | ET14: =IF(P14="","",IFERROR(P14*($P$9/100),"")) -> 20.799 | EU14: =IF(ET14="","",ET14/$ET$9) -> 0.6933 | EY14: =IF(EX14="","",EX14/$EX$9) | FA14: =IF(EZ14="","",EZ14/$EZ$9) | FB14: =IF(X14="","",IFERROR(X14*($X$9/100),"")) -> 37.45 | FC14: =IF(FB14="","",FB14/$FB$9) -> 0.749 | FD14: =IF(Y14="","",IFERROR(Y14*($Y$9/100),"")) -> 39.2 | FE14: =IF(FD14="","",FD14/$FD$9) -> 0.784 | FJ14: =IFERROR(IF(#REF!="","",IFERROR(#REF!*(#REF!/100),""))+IF(#REF!="","",IFERROR(#REF!*(#REF!/100),"")),"") | FK14: =IF(FJ14="","",FJ14/$FJ$9) | FL14: =IFERROR(IF(F14="","",IFERROR(F14*($F$9/100),""))+IF(I14="","",IFERROR(I14*($I$9/100),""))+IF(L14="","",IFERROR(L14*($L$9/100),""))+IF(V14="","",IFERROR(V14*($V$9/100),"")),"") -> 136.234 | FM14: =IF(FL14="","",FL14/$FL$9) -> 0.7364 | FP14: =IFERROR(IF(#REF!="","",IFERROR(#REF!*(#REF!/100),""))+IF(#REF!="","",IFERROR(#REF!*(#REF!/100),"")),"") | FQ14: =IF(FP14="","",FP14/$FP$9) | FR14: =IFERROR(IF(#REF!="","",IFERROR(#REF!*(#REF!/100),"")),"") | FS14: =IF(FR14="","",FR14/$FR$9) | FT14: =SUM(BF14:FR14) -> 661.9159 | FU14: =FT14/$FT$9 -> #REF!
A15: 5 | B15: 24.05.52.0006 | C15: AATHIRA AUFA AZ-ZAHRA | D15: ='MK1-TM'!D23 -> 76.3 | E15: ='MK1-TM'!E23 -> 69.64 | F15: ='MK1-TM'!F23 -> 75 | G15: =IFERROR((D15*($D$9/100))+(E15*($E$9/100))+(F15*($F$9/100)),"") -> 73.0478 | H15: ='MK2-TO'!D23 -> 82 | I15: ='MK2-TO'!E23 -> 70.1 | J15: =IFERROR((H15*($H$9/100))+(I15*($I$9/100)),"") -> 76.05 | K15: ='MK3-PSTI'!D23 -> 70.59 | L15: ='MK3-PSTI'!E23 -> 79.39 | M15: =IFERROR((K15*($K$9/100))+(L15*($L$9/100)),"") -> 74.99 | N15: =IF('MK4-L&A'!D23="","",'MK4-L&A'!D23) -> 78.41 | O15: ='MK4-L&A'!E23 -> 80.88 | P15: ='MK4-L&A'!F23 -> 78.67 | Q15: =IFERROR((N15*($N$9/100))+(O15*($O$9/100))+(P15*($P$9/100)),"") -> 79.3031 | R15: ='MK5-BP'!D23 -> 92.6 | S15: ='MK5-BP'!E23 -> 92.6 | T15: =IFERROR((R15*($R$9/100))+(S15*($S$9/100)),"") -> 92.6 | U15: =IF('MK7-MBD'!D22="","",'MK7-MBD'!D22) -> 81.9 | V15: =IF('MK7-MBD'!E22="","",'MK7-MBD'!E22) -> 81.9 | W15: =IFERROR((U15*($R$9/100))+(V15*($S$9/100)),"") -> 81.9 | X15: =IF(MK8_BID!D23="","",MK8_BID!D23) -> 81.9 | Y15: ='MK7-MBD'!E22 -> 81.9 | Z15: =IFERROR((X15*($X$9/100))+(Y15*($Y$9/100)),"") -> 81.9 | AB15: =IFERROR((D15*($D$9/100)+H15*($H$9/100)+K15*($K$9/100)+U15*($U$9/100)),"") -> 134.794 | AC15: =IFERROR(AB15/$AB$8*100,"") -> 62.694884 | AD15: =IFERROR((#REF!*(#REF!/100)),"") | AE15: =IFERROR(AD15/$AD$8*100,"") | AF15: =IFERROR((N15*($N$9/100)+R15*($R$9/100)),"") -> 75.3117 | AG15: =IFERROR(AF15/$AF$8*100,"") -> 86.565172 | AH15: =IFERROR((#REF!*(#REF!/100)),"") | AI15: =IFERROR(AH15/$AH$8*100,"") | AR15: =IFERROR((P15*($P$9/100)+S15*($S$9/100)),"") -> 69.901 | AS15: =IFERROR(AR15/$AR$8*100,"") -> 87.37625 | AT15: =IFERROR((X15*($X$9/100)+#REF!*(#REF!/100)+#REF!*(#REF!/100)),"") | AU15: =IFERROR(AT15/$AT$8*100,"") | AX15: =IFERROR((#REF!*(#REF!/100)+#REF!*(#REF!/100)+#REF!*(#REF!/100)),"") | AY15: =IFERROR(AX15/$AX$8*100,"") | AZ15: =IFERROR((F15*($F$9/100)+I15*($I$9/100)+L15*($L$9/100)+V15*($V$9/100)),"") -> 141.945 | BA15: =IFERROR(AZ15/$AZ$8*100,"") -> 76.727027 | BB15: =IFERROR((#REF!*(#REF!/100)+#REF!*(#REF!/100)+#REF!*(#REF!/100)),"") | BC15: =IFERROR(BB15/$BB$8*100,"") | BG15: =IF(BF15="","",BF15/$BF$9) | BI15: =IF(BH15="","",BH15/$BH$9) | BK15: =IF(BJ15="","",BJ15/$BJ$9) | BM15: =IF(BL15="","",BL15/$BL$9) | BN15: =IF(D15="","",IFERROR(D15*($D$9/100),"")) -> 17.549 | BO15: =IF(BN15="","",BN15/$BN$9) -> 0.763 | BQ15: =IF(BP15="","",BP15/$BP$9) | BR15: =IFERROR(IF(E15="","",IFERROR(E15*($E$9/100),"")),"") -> 29.2488 | BS15: =IF(BR15="","",BR15/$BR$9) -> 0.6964 | BT15: =IFERROR(IF(F15="","",IFERROR(F15*($F$9/100),"")),"") -> 26.25 | BU15: =IF(BT15="","",BT15/$BT$9) -> 0.75 | BY15: =IF(BX15="","",BX15/$BX$9) | CB15: =IF(R15="","",IFERROR(R15*($R$9/100),"")) -> 46.3 | CC15: =IF(CB15="","",CB15/$CB$9) -> 0.926 | CD15: =IF(K15="","",IFERROR(K15*($K$9/100),"")) -> 35.295 | CE15: =IF(CD15="","",CD15/$CD$9) -> 0.7059 | CH15: =IF(H15="","",IFERROR(H15*($H$9/100),"")) -> 41 | CI15: =IF(CH15="","",CH15/$CH$9) -> 0.82 | CL15: =IF(I15="","",IFERROR(I15*($I$9/100),"")) -> 35.05 | CM15: =IF(CL15="","",CL15/$CL$9) -> 0.701 | CW15: =IF(CV15="","",CV15/$CV$9) | CY15: =IF(CX15="","",CX15/$CX$9) | DD15: =IF(U15="","",IFERROR(U15*($U$9/100),"")) -> 40.95 | DE15: =IF(DD15="","",DD15/$DD$9) -> 0.819 | DF15: =IF(V15="","",IFERROR(V15*($V$9/100),"")) -> 40.95 | DG15: =IF(DF15="","",DF15/$DF$9) -> 0.819 | DX15: =IF(K15="","",IFERROR(K15*($K$9/100),"")) -> 35.295 | DY15: =IF(DX15="","",DX15/$DX$9) -> 0.7059 | ED15: =IF(L15="","",IFERROR(L15*($L$9/100),"")) -> 39.695 | EE15: =IF(ED15="","",ED15/$ED$9) -> 0.7939 | EI15: =IF(EH15="","",EH15/$EH$9) | EK15: =IF(EJ15="","",EJ15/$EJ$9) | EM15: =IF(EL15="","",EL15/$EL$9) | EN15: =IF(N15="","",IFERROR(N15*($N$9/100),"")) -> 29.0117 | EO15: =IF(EN15="","",EN15/$EN$9) -> 0.7841 | ER15: =IF(O15="","",IFERROR(O15*($O$9/100),"")) -> 26.6904 | ES15: =IF(ER15="","",ER15/$ER$9) -> 0.8088 | ET15: =IF(P15="","",IFERROR(P15*($P$9/100),"")) -> 23.601 | EU15: =IF(ET15="","",ET15/$ET$9) -> 0.7867 | EY15: =IF(EX15="","",EX15/$EX$9) | FA15: =IF(EZ15="","",EZ15/$EZ$9) | FB15: =IF(X15="","",IFERROR(X15*($X$9/100),"")) -> 40.95 | FC15: =IF(FB15="","",FB15/$FB$9) -> 0.819 | FD15: =IF(Y15="","",IFERROR(Y15*($Y$9/100),"")) -> 40.95 | FE15: =IF(FD15="","",FD15/$FD$9) -> 0.819 | FJ15: =IFERROR(IF(#REF!="","",IFERROR(#REF!*(#REF!/100),""))+IF(#REF!="","",IFERROR(#REF!*(#REF!/100),"")),"") | FK15: =IF(FJ15="","",FJ15/$FJ$9) | FL15: =IFERROR(IF(F15="","",IFERROR(F15*($F$9/100),""))+IF(I15="","",IFERROR(I15*($I$9/100),""))+IF(L15="","",IFERROR(L15*($L$9/100),""))+IF(V15="","",IFERROR(V15*($V$9/100),"")),"") -> 141.945 | FM15: =IF(FL15="","",FL15/$FL$9) -> 0.76727027 | FP15: =IFERROR(IF(#REF!="","",IFERROR(#REF!*(#REF!/100),""))+IF(#REF!="","",IFERROR(#REF!*(#REF!/100),"")),"") | FQ15: =IF(FP15="","",FP15/$FP$9) | FR15: =IFERROR(IF(#REF!="","",IFERROR(#REF!*(#REF!/100),"")),"") | FS15: =IF(FR15="","",FR15/$FR$9) | FT15: =SUM(BF15:FR15) -> 704.01587 | FU15: =FT15/$FT$9 -> #REF!
A16: 6 | B16: 24.05.52.0007 | C16: SHEILA MONA PUTRI IKSANTI | D16: ='MK1-TM'!D24 -> 64.13 | E16: ='MK1-TM'!E24 -> 49.64 | F16: ='MK1-TM'!F24 -> 55 | G16: =IFERROR((D16*($D$9/100))+(E16*($E$9/100))+(F16*($F$9/100)),"") -> 54.8487 | H16: ='MK2-TO'!D24 -> 57.5 | I16: ='MK2-TO'!E24 -> 73.6 | J16: =IFERROR((H16*($H$9/100))+(I16*($I$9/100)),"") -> 65.55 | K16: ='MK3-PSTI'!D24 -> 74.12 | L16: ='MK3-PSTI'!E24 -> 75.1 | M16: =IFERROR((K16*($K$9/100))+(L16*($L$9/100)),"") -> 74.61 | N16: =IF('MK4-L&A'!D24="","",'MK4-L&A'!D24) -> 65.54 | O16: ='MK4-L&A'!E24 -> 62.27 | P16: ='MK4-L&A'!F24 -> 76.5 | Q16: =IFERROR((N16*($N$9/100))+(O16*($O$9/100))+(P16*($P$9/100)),"") -> 67.7489 | R16: ='MK5-BP'!D24 -> 93.9 | S16: ='MK5-BP'!E24 -> 93.9 | T16: =IFERROR((R16*($R$9/100))+(S16*($S$9/100)),"") -> 93.9 | U16: =IF('MK7-MBD'!D23="","",'MK7-MBD'!D23) -> 66.5 | V16: =IF('MK7-MBD'!E23="","",'MK7-MBD'!E23) -> 77 | W16: =IFERROR((U16*($R$9/100))+(V16*($S$9/100)),"") -> 71.75 | X16: =IF(MK8_BID!D24="","",MK8_BID!D24) -> 66.5 | Y16: ='MK7-MBD'!E23 -> 77 | Z16: =IFERROR((X16*($X$9/100))+(Y16*($Y$9/100)),"") -> 71.75 | AB16: =IFERROR((D16*($D$9/100)+H16*($H$9/100)+K16*($K$9/100)+U16*($U$9/100)),"") -> 113.8099 | AC16: =IFERROR(AB16/$AB$8*100,"") -> 52.934837 | AD16: =IFERROR((#REF!*(#REF!/100)),"") | AE16: =IFERROR(AD16/$AD$8*100,"") | AF16: =IFERROR((N16*($N$9/100)+R16*($R$9/100)),"") -> 71.1998 | AG16: =IFERROR(AF16/$AF$8*100,"") -> 81.838851 | AH16: =IFERROR((#REF!*(#REF!/100)),"") | AI16: =IFERROR(AH16/$AH$8*100,"") | AR16: =IFERROR((P16*($P$9/100)+S16*($S$9/100)),"") -> 69.9 | AS16: =IFERROR(AR16/$AR$8*100,"") -> 87.375 | AT16: =IFERROR((X16*($X$9/100)+#REF!*(#REF!/100)+#REF!*(#REF!/100)),"") | AU16: =IFERROR(AT16/$AT$8*100,"") | AX16: =IFERROR((#REF!*(#REF!/100)+#REF!*(#REF!/100)+#REF!*(#REF!/100)),"") | AY16: =IFERROR(AX16/$AX$8*100,"") | AZ16: =IFERROR((F16*($F$9/100)+I16*($I$9/100)+L16*($L$9/100)+V16*($V$9/100)),"") -> 132.1 | BA16: =IFERROR(AZ16/$AZ$8*100,"") -> 71.405405 | BB16: =IFERROR((#REF!*(#REF!/100)+#REF!*(#REF!/100)+#REF!*(#REF!/100)),"") | BC16: =IFERROR(BB16/$BB$8*100,"") | BG16: =IF(BF16="","",BF16/$BF$9) | BI16: =IF(BH16="","",BH16/$BH$9) | BK16: =IF(BJ16="","",BJ16/$BJ$9) | BM16: =IF(BL16="","",BL16/$BL$9) | BN16: =IF(D16="","",IFERROR(D16*($D$9/100),"")) -> 14.7499 | BO16: =IF(BN16="","",BN16/$BN$9) -> 0.6413 | BQ16: =IF(BP16="","",BP16/$BP$9) | BR16: =IFERROR(IF(E16="","",IFERROR(E16*($E$9/100),"")),"") -> 20.8488 | BS16: =IF(BR16="","",BR16/$BR$9) -> 0.4964 | BT16: =IFERROR(IF(F16="","",IFERROR(F16*($F$9/100),"")),"") -> 19.25 | BU16: =IF(BT16="","",BT16/$BT$9) -> 0.55 | BY16: =IF(BX16="","",BX16/$BX$9) | CB16: =IF(R16="","",IFERROR(R16*($R$9/100),"")) -> 46.95 | CC16: =IF(CB16="","",CB16/$CB$9) -> 0.939 | CD16: =IF(K16="","",IFERROR(K16*($K$9/100),"")) -> 37.06 | CE16: =IF(CD16="","",CD16/$CD$9) -> 0.7412 | CH16: =IF(H16="","",IFERROR(H16*($H$9/100),"")) -> 28.75 | CI16: =IF(CH16="","",CH16/$CH$9) -> 0.575 | CL16: =IF(I16="","",IFERROR(I16*($I$9/100),"")) -> 36.8 | CM16: =IF(CL16="","",CL16/$CL$9) -> 0.736 | CW16: =IF(CV16="","",CV16/$CV$9) | CY16: =IF(CX16="","",CX16/$CX$9) | DD16: =IF(U16="","",IFERROR(U16*($U$9/100),"")) -> 33.25 | DE16: =IF(DD16="","",DD16/$DD$9) -> 0.665 | DF16: =IF(V16="","",IFERROR(V16*($V$9/100),"")) -> 38.5 | DG16: =IF(DF16="","",DF16/$DF$9) -> 0.77 | DX16: =IF(K16="","",IFERROR(K16*($K$9/100),"")) -> 37.06 | DY16: =IF(DX16="","",DX16/$DX$9) -> 0.7412 | ED16: =IF(L16="","",IFERROR(L16*($L$9/100),"")) -> 37.55 | EE16: =IF(ED16="","",ED16/$ED$9) -> 0.751 | EI16: =IF(EH16="","",EH16/$EH$9) | EK16: =IF(EJ16="","",EJ16/$EJ$9) | EM16: =IF(EL16="","",EL16/$EL$9) | EN16: =IF(N16="","",IFERROR(N16*($N$9/100),"")) -> 24.2498 | EO16: =IF(EN16="","",EN16/$EN$9) -> 0.6554 | ER16: =IF(O16="","",IFERROR(O16*($O$9/100),"")) -> 20.5491 | ES16: =IF(ER16="","",ER16/$ER$9) -> 0.6227 | ET16: =IF(P16="","",IFERROR(P16*($P$9/100),"")) -> 22.95 | EU16: =IF(ET16="","",ET16/$ET$9) -> 0.765 | EY16: =IF(EX16="","",EX16/$EX$9) | FA16: =IF(EZ16="","",EZ16/$EZ$9) | FB16: =IF(X16="","",IFERROR(X16*($X$9/100),"")) -> 33.25 | FC16: =IF(FB16="","",FB16/$FB$9) -> 0.665 | FD16: =IF(Y16="","",IFERROR(Y16*($Y$9/100),"")) -> 38.5 | FE16: =IF(FD16="","",FD16/$FD$9) -> 0.77 | FJ16: =IFERROR(IF(#REF!="","",IFERROR(#REF!*(#REF!/100),""))+IF(#REF!="","",IFERROR(#REF!*(#REF!/100),"")),"") | FK16: =IF(FJ16="","",FJ16/$FJ$9) | FL16: =IFERROR(IF(F16="","",IFERROR(F16*($F$9/100),""))+IF(I16="","",IFERROR(I16*($I$9/100),""))+IF(L16="","",IFERROR(L16*($L$9/100),""))+IF(V16="","",IFERROR(V16*($V$9/100),"")),"") -> 132.1 | FM16: =IF(FL16="","",FL16/$FL$9) -> 0.71405405 | FP16: =IFERROR(IF(#REF!="","",IFERROR(#REF!*(#REF!/100),""))+IF(#REF!="","",IFERROR(#REF!*(#REF!/100),"")),"") | FQ16: =IF(FP16="","",FP16/$FP$9) | FR16: =IFERROR(IF(#REF!="","",IFERROR(#REF!*(#REF!/100),"")),"") | FS16: =IF(FR16="","",FR16/$FR$9) | FT16: =SUM(BF16:FR16) -> 634.16585 | FU16: =FT16/$FT$9 -> #REF!
A17: 7 | B17: 24.05.52.0008 | C17: RAIHAN RIFA MAHARADITYA | D17: ='MK1-TM'!D25 -> 92.17 | E17: ='MK1-TM'!E25 -> 80.24 | F17: ='MK1-TM'!F25 -> 61.57 | G17: =IFERROR((D17*($D$9/100))+(E17*($E$9/100))+(F17*($F$9/100)),"") -> 76.4494 | H17: ='MK2-TO'!D25 -> 81.3 | I17: ='MK2-TO'!E25 -> 81.3 | J17: =IFERROR((H17*($H$9/100))+(I17*($I$9/100)),"") -> 81.3 | K17: ='MK3-PSTI'!D25 -> 86.71 | L17: ='MK3-PSTI'!E25 -> 82.35 | M17: =IFERROR((K17*($K$9/100))+(L17*($L$9/100)),"") -> 84.53 | N17: =IF('MK4-L&A'!D25="","",'MK4-L&A'!D25) -> 85.14 | O17: ='MK4-L&A'!E25 -> 86.82 | P17: ='MK4-L&A'!F25 -> 79.5 | Q17: =IFERROR((N17*($N$9/100))+(O17*($O$9/100))+(P17*($P$9/100)),"") -> 84.0024 | R17: ='MK5-BP'!D25 -> 81.4 | S17: ='MK5-BP'!E25 -> 81.4 | T17: =IFERROR((R17*($R$9/100))+(S17*($S$9/100)),"") -> 81.4 | U17: =IF('MK7-MBD'!D24="","",'MK7-MBD'!D24) -> 75.5 | V17: =IF('MK7-MBD'!E24="","",'MK7-MBD'!E24) -> 75.5 | W17: =IFERROR((U17*($R$9/100))+(V17*($S$9/100)),"") -> 75.5 | X17: =IF(MK8_BID!D25="","",MK8_BID!D25) -> 75.5 | Y17: ='MK7-MBD'!E24 -> 75.5 | Z17: =IFERROR((X17*($X$9/100))+(Y17*($Y$9/100)),"") -> 75.5 | AB17: =IFERROR((D17*($D$9/100)+H17*($H$9/100)+K17*($K$9/100)+U17*($U$9/100)),"") -> 142.9541 | AC17: =IFERROR(AB17/$AB$8*100,"") -> 66.490279 | AF17: =IFERROR((N17*($N$9/100)+R17*($R$9/100)),"") -> 72.2018 | AG17: =IFERROR(AF17/$AF$8*100,"") -> 82.990575 | AH17: =IFERROR((#REF!*(#REF!/100)),"") | AI17: =IFERROR(AH17/$AH$8*100,"") | AR17: =IFERROR((P17*($P$9/100)+S17*($S$9/100)),"") -> 64.55 | AS17: =IFERROR(AR17/$AR$8*100,"") -> 80.6875 | AT17: =IFERROR((X17*($X$9/100)+#REF!*(#REF!/100)+#REF!*(#REF!/100)),"") | AU17: =IFERROR(AT17/$AT$8*100,"") | AX17: =IFERROR((#REF!*(#REF!/100)+#REF!*(#REF!/100)+#REF!*(#REF!/100)),"") | AY17: =IFERROR(AX17/$AX$8*100,"") | AZ17: =IFERROR((F17*($F$9/100)+I17*($I$9/100)+L17*($L$9/100)+V17*($V$9/100)),"") -> 141.1245 | BA17: =IFERROR(AZ17/$AZ$8*100,"") -> 76.283514 | BB17: =IFERROR((#REF!*(#REF!/100)+#REF!*(#REF!/100)+#REF!*(#REF!/100)),"") | BC17: =IFERROR(BB17/$BB$8*100,"") | BG17: =IF(BF17="","",BF17/$BF$9) | BI17: =IF(BH17="","",BH17/$BH$9) | BK17: =IF(BJ17="","",BJ17/$BJ$9) | BM17: =IF(BL17="","",BL17/$BL$9) | BN17: =IF(D17="","",IFERROR(D17*($D$9/100),"")) -> 21.1991 | BO17: =IF(BN17="","",BN17/$BN$9) -> 0.9217 | BQ17: =IF(BP17="","",BP17/$BP$9) | BR17: =IFERROR(IF(E17="","",IFERROR(E17*($E$9/100),"")),"") -> 33.7008 | BS17: =IF(BR17="","",BR17/$BR$9) -> 0.8024 | BT17: =IFERROR(IF(F17="","",IFERROR(F17*($F$9/100),"")),"") -> 21.5495 | BU17: =IF(BT17="","",BT17/$BT$9) -> 0.6157 | BY17: =IF(BX17="","",BX17/$BX$9) | CB17: =IF(R17="","",IFERROR(R17*($R$9/100),"")) -> 40.7 | CC17: =IF(CB17="","",CB17/$CB$9) -> 0.814 | CD17: =IF(K17="","",IFERROR(K17*($K$9/100),"")) -> 43.355 | CE17: =IF(CD17="","",CD17/$CD$9) -> 0.8671 | CH17: =IF(H17="","",IFERROR(H17*($H$9/100),"")) -> 40.65 | CI17: =IF(CH17="","",CH17/$CH$9) -> 0.813 | CL17: =IF(I17="","",IFERROR(I17*($I$9/100),"")) -> 40.65 | CM17: =IF(CL17="","",CL17/$CL$9) -> 0.813 | CW17: =IF(CV17="","",CV17/$CV$9) | CY17: =IF(CX17="","",CX17/$CX$9) | DD17: =IF(U17="","",IFERROR(U17*($U$9/100),"")) -> 37.75 | DE17: =IF(DD17="","",DD17/$DD$9) -> 0.755 | DF17: =IF(V17="","",IFERROR(V17*($V$9/100),"")) -> 37.75 | DG17: =IF(DF17="","",DF17/$DF$9) -> 0.755 | DX17: =IF(K17="","",IFERROR(K17*($K$9/100),"")) -> 43.355 | DY17: =IF(DX17="","",DX17/$DX$9) -> 0.8671 | ED17: =IF(L17="","",IFERROR(L17*($L$9/100),"")) -> 41.175 | EE17: =IF(ED17="","",ED17/$ED$9) -> 0.8235 | EI17: =IF(EH17="","",EH17/$EH$9) | EK17: =IF(EJ17="","",EJ17/$EJ$9) | EM17: =IF(EL17="","",EL17/$EL$9) | EN17: =IF(N17="","",IFERROR(N17*($N$9/100),"")) -> 31.5018 | EO17: =IF(EN17="","",EN17/$EN$9) -> 0.8514 | ER17: =IF(O17="","",IFERROR(O17*($O$9/100),"")) -> 28.6506 | ES17: =IF(ER17="","",ER17/$ER$9) -> 0.8682 | ET17: =IF(P17="","",IFERROR(P17*($P$9/100),"")) -> 23.85 | EU17: =IF(ET17="","",ET17/$ET$9) -> 0.795 | EY17: =IF(EX17="","",EX17/$EX$9) | FA17: =IF(EZ17="","",EZ17/$EZ$9) | FB17: =IF(X17="","",IFERROR(X17*($X$9/100),"")) -> 37.75 | FC17: =IF(FB17="","",FB17/$FB$9) -> 0.755 | FD17: =IF(Y17="","",IFERROR(Y17*($Y$9/100),"")) -> 37.75 | FE17: =IF(FD17="","",FD17/$FD$9) -> 0.755 | FK17: =IF(FJ17="","",FJ17/$FJ$9) | FL17: =IFERROR(IF(F17="","",IFERROR(F17*($F$9/100),""))+IF(I17="","",IFERROR(I17*($I$9/100),""))+IF(L17="","",IFERROR(L17*($L$9/100),""))+IF(V17="","",IFERROR(V17*($V$9/100),"")),"") -> 141.1245 | FM17: =IF(FL17="","",FL17/$FL$9) -> 0.76283514 | FP17: =IFERROR(IF(#REF!="","",IFERROR(#REF!*(#REF!/100),""))+IF(#REF!="","",IFERROR(#REF!*(#REF!/100),"")),"") | FQ17: =IF(FP17="","",FP17/$FP$9) | FR17: =IFERROR(IF(#REF!="","",IFERROR(#REF!*(#REF!/100),"")),"") | FS17: =IF(FR17="","",FR17/$FR$9) | FT17: =SUM(BF17:FR17) -> 716.09624 | FU17: =FT17/$FT$9 -> #REF!
A18: 8 | B18: 24.05.52.0009 | C18: MARLINA DWI SAPUTRI | D18: ='MK1-TM'!D26 -> 72.83 | E18: ='MK1-TM'!E26 -> 67.74 | F18: ='MK1-TM'!F26 -> 80.71 | G18: =IFERROR((D18*($D$9/100))+(E18*($E$9/100))+(F18*($F$9/100)),"") -> 73.4502 | H18: ='MK2-TO'!D26 -> 73.6 | I18: ='MK2-TO'!E26 -> 68.7 | J18: =IFERROR((H18*($H$9/100))+(I18*($I$9/100)),"") -> 71.15 | K18: ='MK3-PSTI'!D26 -> 80.94 | L18: ='MK3-PSTI'!E26 -> 74.59 | M18: =IFERROR((K18*($K$9/100))+(L18*($L$9/100)),"") -> 77.765 | N18: =IF('MK4-L&A'!D26="","",'MK4-L&A'!D26) -> 66.22 | O18: ='MK4-L&A'!E26 -> 67.27 | P18: ='MK4-L&A'!F26 -> 70.17 | Q18: =IFERROR((N18*($N$9/100))+(O18*($O$9/100))+(P18*($P$9/100)),"") -> 67.7515 | R18: ='MK5-BP'!D26 -> 81.4 | S18: ='MK5-BP'!E26 -> 81.4 | T18: =IFERROR((R18*($R$9/100))+(S18*($S$9/100)),"") -> 81.4 | U18: =IF('MK7-MBD'!D25="","",'MK7-MBD'!D25) -> 58 | V18: =IF('MK7-MBD'!E25="","",'MK7-MBD'!E25) -> 93 | W18: =IFERROR((U18*($R$9/100))+(V18*($S$9/100)),"") -> 75.5 | X18: =IF(MK8_BID!D26="","",MK8_BID!D26) -> 58 | Y18: ='MK7-MBD'!E25 -> 93 | Z18: =IFERROR((X18*($X$9/100))+(Y18*($Y$9/100)),"") -> 75.5 | AB18: =IFERROR((D18*($D$9/100)+H18*($H$9/100)+K18*($K$9/100)+U18*($U$9/100)),"") -> 123.0209 | AC18: =IFERROR(AB18/$AB$8*100,"") -> 57.219023 | AD18: =IFERROR((#REF!*(#REF!/100)),"") | AE18: =IFERROR(AD18/$AD$8*100,"") | AF18: =IFERROR((N18*($N$9/100)+R18*($R$9/100)),"") -> 65.2014 | AG18: =IFERROR(AF18/$AF$8*100,"") -> 74.944138 | AH18: =IFERROR((#REF!*(#REF!/100)),"") | AI18: =IFERROR(AH18/$AH$8*100,"") | AR18: =IFERROR((P18*($P$9/100)+S18*($S$9/100)),"") -> 61.751 | AS18: =IFERROR(AR18/$AR$8*100,"") -> 77.18875 | AT18: =IFERROR((X18*($X$9/100)+#REF!*(#REF!/100)+#REF!*(#REF!/100)),"") | AU18: =IFERROR(AT18/$AT$8*100,"") | AX18: =IFERROR((#REF!*(#REF!/100)+#REF!*(#REF!/100)+#REF!*(#REF!/100)),"") | AY18: =IFERROR(AX18/$AX$8*100,"") | AZ18: =IFERROR((F18*($F$9/100)+I18*($I$9/100)+L18*($L$9/100)+V18*($V$9/100)),"") -> 146.3935 | BA18: =IFERROR(AZ18/$AZ$8*100,"") -> 79.131622 | BB18: =IFERROR((#REF!*(#REF!/100)+#REF!*(#REF!/100)+#REF!*(#REF!/100)),"") | BC18: =IFERROR(BB18/$BB$8*100,"") | BG18: =IF(BF18="","",BF18/$BF$9) | BI18: =IF(BH18="","",BH18/$BH$9) | BK18: =IF(BJ18="","",BJ18/$BJ$9) | BM18: =IF(BL18="","",BL18/$BL$9) | BN18: =IF(D18="","",IFERROR(D18*($D$9/100),"")) -> 16.7509 | BO18: =IF(BN18="","",BN18/$BN$9) -> 0.7283 | BQ18: =IF(BP18="","",BP18/$BP$9) | BR18: =IFERROR(IF(E18="","",IFERROR(E18*($E$9/100),"")),"") -> 28.4508 | BS18: =IF(BR18="","",BR18/$BR$9) -> 0.6774 | BT18: =IFERROR(IF(F18="","",IFERROR(F18*($F$9/100),"")),"") -> 28.2485 | BU18: =IF(BT18="","",BT18/$BT$9) -> 0.8071 | BY18: =IF(BX18="","",BX18/$BX$9) | CB18: =IF(R18="","",IFERROR(R18*($R$9/100),"")) -> 40.7 | CC18: =IF(CB18="","",CB18/$CB$9) -> 0.814 | CD18: =IF(K18="","",IFERROR(K18*($K$9/100),"")) -> 40.47 | CE18: =IF(CD18="","",CD18/$CD$9) -> 0.8094 | CH18: =IF(H18="","",IFERROR(H18*($H$9/100),"")) -> 36.8 | CI18: =IF(CH18="","",CH18/$CH$9) -> 0.736 | CL18: =IF(I18="","",IFERROR(I18*($I$9/100),"")) -> 34.35 | CM18: =IF(CL18="","",CL18/$CL$9) -> 0.687 | CW18: =IF(CV18="","",CV18/$CV$9) | CY18: =IF(CX18="","",CX18/$CX$9) | DD18: =IF(U18="","",IFERROR(U18*($U$9/100),"")) -> 29 | DE18: =IF(DD18="","",DD18/$DD$9) -> 0.58 | DF18: =IF(V18="","",IFERROR(V18*($V$9/100),"")) -> 46.5 | DG18: =IF(DF18="","",DF18/$DF$9) -> 0.93 | DX18: =IF(K18="","",IFERROR(K18*($K$9/100),"")) -> 40.47 | DY18: =IF(DX18="","",DX18/$DX$9) -> 0.8094 | ED18: =IF(L18="","",IFERROR(L18*($L$9/100),"")) -> 37.295 | EE18: =IF(ED18="","",ED18/$ED$9) -> 0.7459 | EI18: =IF(EH18="","",EH18/$EH$9) | EK18: =IF(EJ18="","",EJ18/$EJ$9) | EM18: =IF(EL18="","",EL18/$EL$9) | EN18: =IF(N18="","",IFERROR(N18*($N$9/100),"")) -> 24.5014 | EO18: =IF(EN18="","",EN18/$EN$9) -> 0.6622 | ER18: =IF(O18="","",IFERROR(O18*($O$9/100),"")) -> 22.1991 | ES18: =IF(ER18="","",ER18/$ER$9) -> 0.6727 | ET18: =IF(P18="","",IFERROR(P18*($P$9/100),"")) -> 21.051 | EU18: =IF(ET18="","",ET18/$ET$9) -> 0.7017 | EY18: =IF(EX18="","",EX18/$EX$9) | FA18: =IF(EZ18="","",EZ18/$EZ$9) | FB18: =IF(X18="","",IFERROR(X18*($X$9/100),"")) -> 29 | FC18: =IF(FB18="","",FB18/$FB$9) -> 0.58 | FD18: =IF(Y18="","",IFERROR(Y18*($Y$9/100),"")) -> 46.5 | FE18: =IF(FD18="","",FD18/$FD$9) -> 0.93 | FJ18: =IFERROR(IF(#REF!="","",IFERROR(#REF!*(#REF!/100),""))+IF(#REF!="","",IFERROR(#REF!*(#REF!/100),"")),"") | FK18: =IF(FJ18="","",FJ18/$FJ$9) | FL18: =IFERROR(IF(F18="","",IFERROR(F18*($F$9/100),""))+IF(I18="","",IFERROR(I18*($I$9/100),""))+IF(L18="","",IFERROR(L18*($L$9/100),""))+IF(V18="","",IFERROR(V18*($V$9/100),"")),"") -> 146.3935 | FM18: =IF(FL18="","",FL18/$FL$9) -> 0.79131622 | FP18: =IFERROR(IF(#REF!="","",IFERROR(#REF!*(#REF!/100),""))+IF(#REF!="","",IFERROR(#REF!*(#REF!/100),"")),"") | FQ18: =IF(FP18="","",FP18/$FP$9) | FR18: =IFERROR(IF(#REF!="","",IFERROR(#REF!*(#REF!/100),"")),"") | FS18: =IF(FR18="","",FR18/$FR$9) | FT18: =SUM(BF18:FR18) -> 681.34262 | FU18: =FT18/$FT$9 -> #REF!
A19: 9 | B19: 24.05.52.0011 | C19: JONATHAN REXY FERDINAN | D19: ='MK1-TM'!D27 -> 70.96 | E19: ='MK1-TM'!E27 -> 62.9 | F19: ='MK1-TM'!F27 -> 77.03 | G19: =IFERROR((D19*($D$9/100))+(E19*($E$9/100))+(F19*($F$9/100)),"") -> 69.6993 | H19: ='MK2-TO'!D27 -> 63.1 | I19: ='MK2-TO'!E27 -> 59.6 | J19: =IFERROR((H19*($H$9/100))+(I19*($I$9/100)),"") -> 61.35 | K19: ='MK3-PSTI'!D27 -> 78.47 | L19: ='MK3-PSTI'!E27 -> 74.18 | M19: =IFERROR((K19*($K$9/100))+(L19*($L$9/100)),"") -> 76.325 | N19: =IF('MK4-L&A'!D27="","",'MK4-L&A'!D27) -> 60.81 | O19: ='MK4-L&A'!E27 -> 58.48 | P19: ='MK4-L&A'!F27 -> 62.33 | Q19: =IFERROR((N19*($N$9/100))+(O19*($O$9/100))+(P19*($P$9/100)),"") -> 60.4971 | R19: ='MK5-BP'!D27 -> 81.4 | S19: ='MK5-BP'!E27 -> 81.4 | T19: =IFERROR((R19*($R$9/100))+(S19*($S$9/100)),"") -> 81.4 | U19: =IF('MK7-MBD'!D26="","",'MK7-MBD'!D26) -> 64.4 | V19: =IF('MK7-MBD'!E26="","",'MK7-MBD'!E26) -> 78.4 | W19: =IFERROR((U19*($R$9/100))+(V19*($S$9/100)),"") -> 71.4 | X19: =IF(MK8_BID!D27="","",MK8_BID!D27) -> 64.4 | Y19: ='MK7-MBD'!E26 -> 78.4 | Z19: =IFERROR((X19*($X$9/100))+(Y19*($Y$9/100)),"") -> 71.4 | AB19: =IFERROR((D19*($D$9/100)+H19*($H$9/100)+K19*($K$9/100)+U19*($U$9/100)),"") -> 119.3058 | AC19: =IFERROR(AB19/$AB$8*100,"") -> 55.49107 | AD19: =IFERROR((#REF!*(#REF!/100)),"") | AE19: =IFERROR(AD19/$AD$8*100,"") | AF19: =IFERROR((N19*($N$9/100)+R19*($R$9/100)),"") -> 63.1997 | AG19: =IFERROR(AF19/$AF$8*100,"") -> 72.643333 | AH19: =IFERROR((#REF!*(#REF!/100)),"") | AI19: =IFERROR(AH19/$AH$8*100,"") | AR19: =IFERROR((P19*($P$9/100)+S19*($S$9/100)),"") -> 59.399 | AS19: =IFERROR(AR19/$AR$8*100,"") -> 74.24875 | AT19: =IFERROR((X19*($X$9/100)+#REF!*(#REF!/100)+#REF!*(#REF!/100)),"") | AU19: =IFERROR(AT19/$AT$8*100,"") | AX19: =IFERROR((#REF!*(#REF!/100)+#REF!*(#REF!/100)+#REF!*(#REF!/100)),"") | AY19: =IFERROR(AX19/$AX$8*100,"") | AZ19: =IFERROR((F19*($F$9/100)+I19*($I$9/100)+L19*($L$9/100)+V19*($V$9/100)),"") -> 133.0505 | BA19: =IFERROR(AZ19/$AZ$8*100,"") -> 71.919189 | BB19: =IFERROR((#REF!*(#REF!/100)+#REF!*(#REF!/100)+#REF!*(#REF!/100)),"") | BC19: =IFERROR(BB19/$BB$8*100,"") | BG19: =IF(BF19="","",BF19/$BF$9) | BI19: =IF(BH19="","",BH19/$BH$9) | BK19: =IF(BJ19="","",BJ19/$BJ$9) | BM19: =IF(BL19="","",BL19/$BL$9) | BN19: =IF(D19="","",IFERROR(D19*($D$9/100),"")) -> 16.3208 | BO19: =IF(BN19="","",BN19/$BN$9) -> 0.7096 | BQ19: =IF(BP19="","",BP19/$BP$9) | BR19: =IFERROR(IF(E19="","",IFERROR(E19*($E$9/100),"")),"") -> 26.418 | BS19: =IF(BR19="","",BR19/$BR$9) -> 0.629 | BT19: =IFERROR(IF(F19="","",IFERROR(F19*($F$9/100),"")),"") -> 26.9605 | BU19: =IF(BT19="","",BT19/$BT$9) -> 0.7703 | BY19: =IF(BX19="","",BX19/$BX$9) | CB19: =IF(R19="","",IFERROR(R19*($R$9/100),"")) -> 40.7 | CC19: =IF(CB19="","",CB19/$CB$9) -> 0.814 | CD19: =IF(K19="","",IFERROR(K19*($K$9/100),"")) -> 39.235 | CE19: =IF(CD19="","",CD19/$CD$9) -> 0.7847 | CH19: =IF(H19="","",IFERROR(H19*($H$9/100),"")) -> 31.55 | CI19: =IF(CH19="","",CH19/$CH$9) -> 0.631 | CL19: =IF(I19="","",IFERROR(I19*($I$9/100),"")) -> 29.8 | CM19: =IF(CL19="","",CL19/$CL$9) -> 0.596 | CW19: =IF(CV19="","",CV19/$CV$9) | CY19: =IF(CX19="","",CX19/$CX$9) | DD19: =IF(U19="","",IFERROR(U19*($U$9/100),"")) -> 32.2 | DE19: =IF(DD19="","",DD19/$DD$9) -> 0.644 | DF19: =IF(V19="","",IFERROR(V19*($V$9/100),"")) -> 39.2 | DG19: =IF(DF19="","",DF19/$DF$9) -> 0.784 | DX19: =IF(K19="","",IFERROR(K19*($K$9/100),"")) -> 39.235 | DY19: =IF(DX19="","",DX19/$DX$9) -> 0.7847 | ED19: =IF(L19="","",IFERROR(L19*($L$9/100),"")) -> 37.09 | EE19: =IF(ED19="","",ED19/$ED$9) -> 0.7418 | EI19: =IF(EH19="","",EH19/$EH$9) | EK19: =IF(EJ19="","",EJ19/$EJ$9) | EM19: =IF(EL19="","",EL19/$EL$9) | EN19: =IF(N19="","",IFERROR(N19*($N$9/100),"")) -> 22.4997 | EO19: =IF(EN19="","",EN19/$EN$9) -> 0.6081 | ER19: =IF(O19="","",IFERROR(O19*($O$9/100),"")) -> 19.2984 | ES19: =IF(ER19="","",ER19/$ER$9) -> 0.5848 | ET19: =IF(P19="","",IFERROR(P19*($P$9/100),"")) -> 18.699 | EU19: =IF(ET19="","",ET19/$ET$9) -> 0.6233 | EY19: =IF(EX19="","",EX19/$EX$9) | FA19: =IF(EZ19="","",EZ19/$EZ$9) | FB19: =IF(X19="","",IFERROR(X19*($X$9/100),"")) -> 32.2 | FC19: =IF(FB19="","",FB19/$FB$9) -> 0.644 | FD19: =IF(Y19="","",IFERROR(Y19*($Y$9/100),"")) -> 39.2 | FE19: =IF(FD19="","",FD19/$FD$9) -> 0.784 | FJ19: =IFERROR(IF(#REF!="","",IFERROR(#REF!*(#REF!/100),""))+IF(#REF!="","",IFERROR(#REF!*(#REF!/100),"")),"") | FK19: =IF(FJ19="","",FJ19/$FJ$9) | FL19: =IFERROR(IF(F19="","",IFERROR(F19*($F$9/100),""))+IF(I19="","",IFERROR(I19*($I$9/100),""))+IF(L19="","",IFERROR(L19*($L$9/100),""))+IF(V19="","",IFERROR(V19*($V$9/100),"")),"") -> 133.0505 | FM19: =IF(FL19="","",FL19/$FL$9) -> 0.71919189 | FP19: =IFERROR(IF(#REF!="","",IFERROR(#REF!*(#REF!/100),""))+IF(#REF!="","",IFERROR(#REF!*(#REF!/100),"")),"") | FQ19: =IF(FP19="","",FP19/$FP$9) | FR19: =IFERROR(IF(#REF!="","",IFERROR(#REF!*(#REF!/100),"")),"") | FS19: =IF(FR19="","",FR19/$FR$9) | FT19: =SUM(BF19:FR19) -> 635.50939 | FU19: =FT19/$FT$9 -> #REF!
A20: 10 | B20: 24.05.52.0012 | C20: GITA TEONANDA ARELLIA | D20: ='MK1-TM'!D28 -> 89.13 | E20: ='MK1-TM'!E28 -> 82.86 | F20: ='MK1-TM'!F28 -> 84.86 | G20: =IFERROR((D20*($D$9/100))+(E20*($E$9/100))+(F20*($F$9/100)),"") -> 85.0021 | H20: ='MK2-TO'!D28 -> 77.1 | I20: ='MK2-TO'!E28 -> 74.3 | J20: =IFERROR((H20*($H$9/100))+(I20*($I$9/100)),"") -> 75.7 | K20: ='MK3-PSTI'!D28 -> 86.12 | L20: ='MK3-PSTI'!E28 -> 80.92 | M20: =IFERROR((K20*($K$9/100))+(L20*($L$9/100)),"") -> 83.52 | N20: =IF('MK4-L&A'!D28="","",'MK4-L&A'!D28) -> 76.49 | O20: ='MK4-L&A'!E28 -> 76.36 | P20: ='MK4-L&A'!F28 -> 77.33 | Q20: =IFERROR((N20*($N$9/100))+(O20*($O$9/100))+(P20*($P$9/100)),"") -> 76.6991 | R20: ='MK5-BP'!D28 -> 93.9 | S20: ='MK5-BP'!E28 -> 93.9 | T20: =IFERROR((R20*($R$9/100))+(S20*($S$9/100)),"") -> 93.9 | U20: =IF('MK7-MBD'!D27="","",'MK7-MBD'!D27) -> 75.5 | V20: =IF('MK7-MBD'!E27="","",'MK7-MBD'!E27) -> 93 | W20: =IFERROR((U20*($R$9/100))+(V20*($S$9/100)),"") -> 84.25 | X20: =IF(MK8_BID!D28="","",MK8_BID!D28) -> 75.5 | Y20: ='MK7-MBD'!E27 -> 93 | Z20: =IFERROR((X20*($X$9/100))+(Y20*($Y$9/100)),"") -> 84.25 | BG20: =IF(BF20="","",BF20/$BF$9) | BI20: =IF(BH20="","",BH20/$BH$9) | BK20: =IF(BJ20="","",BJ20/$BJ$9) | BM20: =IF(BL20="","",BL20/$BL$9) | BN20: =IF(D20="","",IFERROR(D20*($D$9/100),"")) -> 20.4999 | BO20: =IF(BN20="","",BN20/$BN$9) -> 0.8913 | BQ20: =IF(BP20="","",BP20/$BP$9) | BR20: =IFERROR(IF(E20="","",IFERROR(E20*($E$9/100),"")),"") -> 34.8012 | BS20: =IF(BR20="","",BR20/$BR$9) -> 0.8286 | BT20: =IFERROR(IF(F20="","",IFERROR(F20*($F$9/100),"")),"") -> 29.701 | BU20: =IF(BT20="","",BT20/$BT$9) -> 0.8486 | CB20: =IF(R20="","",IFERROR(R20*($R$9/100),"")) -> 46.95 | CC20: =IF(CB20="","",CB20/$CB$9) -> 0.939 | CD20: =IF(K20="","",IFERROR(K20*($K$9/100),"")) -> 43.06 | CE20: =IF(CD20="","",CD20/$CD$9) -> 0.8612 | CH20: =IF(H20="","",IFERROR(H20*($H$9/100),"")) -> 38.55 | CI20: =IF(CH20="","",CH20/$CH$9) -> 0.771 | CL20: =IF(I20="","",IFERROR(I20*($I$9/100),"")) -> 37.15 | CM20: =IF(CL20="","",CL20/$CL$9) -> 0.743 | CW20: =IF(CV20="","",CV20/$CV$9) | CY20: =IF(CX20="","",CX20/$CX$9) | DD20: =IF(U20="","",IFERROR(U20*($U$9/100),"")) -> 37.75 | DE20: =IF(DD20="","",DD20/$DD$9) -> 0.755 | DF20: =IF(V20="","",IFERROR(V20*($V$9/100),"")) -> 46.5 | DG20: =IF(DF20="","",DF20/$DF$9) -> 0.93 | DX20: =IF(K20="","",IFERROR(K20*($K$9/100),"")) -> 43.06 | DY20: =IF(DX20="","",DX20/$DX$9) -> 0.8612 | ED20: =IF(L20="","",IFERROR(L20*($L$9/100),"")) -> 40.46 | EE20: =IF(ED20="","",ED20/$ED$9) -> 0.8092 | EI20: =IF(EH20="","",EH20/$EH$9) | EK20: =IF(EJ20="","",EJ20/$EJ$9) | EM20: =IF(EL20="","",EL20/$EL$9) | EN20: =IF(N20="","",IFERROR(N20*($N$9/100),"")) -> 28.3013 | EO20: =IF(EN20="","",EN20/$EN$9) -> 0.7649 | ER20: =IF(O20="","",IFERROR(O20*($O$9/100),"")) -> 25.1988 | ES20: =IF(ER20="","",ER20/$ER$9) -> 0.7636 | ET20: =IF(P20="","",IFERROR(P20*($P$9/100),"")) -> 23.199 | EU20: =IF(ET20="","",ET20/$ET$9) -> 0.7733 | EY20: =IF(EX20="","",EX20/$EX$9) | FA20: =IF(EZ20="","",EZ20/$EZ$9) | FB20: =IF(X20="","",IFERROR(X20*($X$9/100),"")) -> 37.75 | FC20: =IF(FB20="","",FB20/$FB$9) -> 0.755 | FD20: =IF(Y20="","",IFERROR(Y20*($Y$9/100),"")) -> 46.5 | FE20: =IF(FD20="","",FD20/$FD$9) -> 0.93
A21: 11 | B21: 24.05.52.0014 | C21: ARELIA SALSABILA SAFITRI | D21: ='MK1-TM'!D29 -> 87.91 | E21: ='MK1-TM'!E29 -> 82.67 | F21: ='MK1-TM'!F29 -> 86.31 | G21: =IFERROR((D21*($D$9/100))+(E21*($E$9/100))+(F21*($F$9/100)),"") -> 85.1492 | H21: ='MK2-TO'!D29 -> 86 | I21: ='MK2-TO'!E29 -> 86 | J21: =IFERROR((H21*($H$9/100))+(I21*($I$9/100)),"") -> 86 | K21: ='MK3-PSTI'!D29 -> 89.06 | L21: ='MK3-PSTI'!E29 -> 87.35 | M21: =IFERROR((K21*($K$9/100))+(L21*($L$9/100)),"") -> 88.205 | N21: =IF('MK4-L&A'!D29="","",'MK4-L&A'!D29) -> 75.68 | O21: ='MK4-L&A'!E29 -> 75.45 | P21: ='MK4-L&A'!F29 -> 80.33 | Q21: =IFERROR((N21*($N$9/100))+(O21*($O$9/100))+(P21*($P$9/100)),"") -> 76.9991 | R21: ='MK5-BP'!D29 -> 93.9 | S21: ='MK5-BP'!E29 -> 93.9 | T21: =IFERROR((R21*($R$9/100))+(S21*($S$9/100)),"") -> 93.9 | U21: =IF('MK7-MBD'!D28="","",'MK7-MBD'!D28) -> 82.5 | V21: =IF('MK7-MBD'!E28="","",'MK7-MBD'!E28) -> 89.5 | W21: =IFERROR((U21*($R$9/100))+(V21*($S$9/100)),"") -> 86 | X21: =IF(MK8_BID!D29="","",MK8_BID!D29) -> 82.5 | Y21: ='MK7-MBD'!E28 -> 89.5 | Z21: =IFERROR((X21*($X$9/100))+(Y21*($Y$9/100)),"") -> 86 | BG21: =IF(BF21="","",BF21/$BF$9) | BI21: =IF(BH21="","",BH21/$BH$9) | BK21: =IF(BJ21="","",BJ21/$BJ$9) | BM21: =IF(BL21="","",BL21/$BL$9) | BN21: =IF(D21="","",IFERROR(D21*($D$9/100),"")) -> 20.2193 | BO21: =IF(BN21="","",BN21/$BN$9) -> 0.8791 | BQ21: =IF(BP21="","",BP21/$BP$9) | BR21: =IFERROR(IF(E21="","",IFERROR(E21*($E$9/100),"")),"") -> 34.7214 | BS21: =IF(BR21="","",BR21/$BR$9) -> 0.8267 | BT21: =IFERROR(IF(F21="","",IFERROR(F21*($F$9/100),"")),"") -> 30.2085 | BU21: =IF(BT21="","",BT21/$BT$9) -> 0.8631 | CB21: =IF(R21="","",IFERROR(R21*($R$9/100),"")) -> 46.95 | CC21: =IF(CB21="","",CB21/$CB$9) -> 0.939 | CD21: =IF(K21="","",IFERROR(K21*($K$9/100),"")) -> 44.53 | CE21: =IF(CD21="","",CD21/$CD$9) -> 0.8906 | CH21: =IF(H21="","",IFERROR(H21*($H$9/100),"")) -> 43 | CI21: =IF(CH21="","",CH21/$CH$9) -> 0.86 | CL21: =IF(I21="","",IFERROR(I21*($I$9/100),"")) -> 43 | CM21: =IF(CL21="","",CL21/$CL$9) -> 0.86 | CW21: =IF(CV21="","",CV21/$CV$9) | CY21: =IF(CX21="","",CX21/$CX$9) | DD21: =IF(U21="","",IFERROR(U21*($U$9/100),"")) -> 41.25 | DE21: =IF(DD21="","",DD21/$DD$9) -> 0.825 | DF21: =IF(V21="","",IFERROR(V21*($V$9/100),"")) -> 44.75 | DG21: =IF(DF21="","",DF21/$DF$9) -> 0.895 | DX21: =IF(K21="","",IFERROR(K21*($K$9/100),"")) -> 44.53 | DY21: =IF(DX21="","",DX21/$DX$9) -> 0.8906 | ED21: =IF(L21="","",IFERROR(L21*($L$9/100),"")) -> 43.675 | EE21: =IF(ED21="","",ED21/$ED$9) -> 0.8735 | EI21: =IF(EH21="","",EH21/$EH$9) | EK21: =IF(EJ21="","",EJ21/$EJ$9) | EM21: =IF(EL21="","",EL21/$EL$9) | EN21: =IF(N21="","",IFERROR(N21*($N$9/100),"")) -> 28.0016 | EO21: =IF(EN21="","",EN21/$EN$9) -> 0.7568 | ER21: =IF(O21="","",IFERROR(O21*($O$9/100),"")) -> 24.8985 | ES21: =IF(ER21="","",ER21/$ER$9) -> 0.7545 | ET21: =IF(P21="","",IFERROR(P21*($P$9/100),"")) -> 24.099 | EU21: =IF(ET21="","",ET21/$ET$9) -> 0.8033 | EY21: =IF(EX21="","",EX21/$EX$9) | FA21: =IF(EZ21="","",EZ21/$EZ$9) | FB21: =IF(X21="","",IFERROR(X21*($X$9/100),"")) -> 41.25 | FC21: =IF(FB21="","",FB21/$FB$9) -> 0.825 | FD21: =IF(Y21="","",IFERROR(Y21*($Y$9/100),"")) -> 44.75 | FE21: =IF(FD21="","",FD21/$FD$9) -> 0.895
A22: 12 | B22: 24.05.52.0015 | C22: JULLER IBEL LAURENTIUS TURNIP | D22: ='MK1-TM'!D30 -> 0 | E22: ='MK1-TM'!E30 -> 0 | F22: ='MK1-TM'!F30 -> 0 | G22: =IFERROR((D22*($D$9/100))+(E22*($E$9/100))+(F22*($F$9/100)),"") -> 0 | H22: ='MK2-TO'!D30 -> 0 | I22: ='MK2-TO'!E30 -> 0 | J22: =IFERROR((H22*($H$9/100))+(I22*($I$9/100)),"") -> 0 | K22: ='MK3-PSTI'!D30 -> 63.76 | L22: ='MK3-PSTI'!E30 -> 43.88 | M22: =IFERROR((K22*($K$9/100))+(L22*($L$9/100)),"") -> 53.82 | N22: =IF('MK4-L&A'!D30="","",'MK4-L&A'!D30) -> 0 | O22: ='MK4-L&A'!E30 -> 0 | P22: ='MK4-L&A'!F30 -> 0 | Q22: =IFERROR((N22*($N$9/100))+(O22*($O$9/100))+(P22*($P$9/100)),"") -> 0 | R22: ='MK5-BP'!D30 -> 9.4 | S22: ='MK5-BP'!E30 -> 9.4 | T22: =IFERROR((R22*($R$9/100))+(S22*($S$9/100)),"") -> 9.4 | U22: =IF('MK7-MBD'!D29="","",'MK7-MBD'!D29) -> 0.6 | V22: =IF('MK7-MBD'!E29="","",'MK7-MBD'!E29) -> 0.6 | W22: =IFERROR((U22*($R$9/100))+(V22*($S$9/100)),"") -> 0.6 | X22: =IF(MK8_BID!D30="","",MK8_BID!D30) -> 0.6 | Y22: ='MK7-MBD'!E29 -> 0.6 | Z22: =IFERROR((X22*($X$9/100))+(Y22*($Y$9/100)),"") -> 0.6 | BG22: =IF(BF22="","",BF22/$BF$9) | BI22: =IF(BH22="","",BH22/$BH$9) | BK22: =IF(BJ22="","",BJ22/$BJ$9) | BM22: =IF(BL22="","",BL22/$BL$9) | BN22: =IF(D22="","",IFERROR(D22*($D$9/100),"")) -> 0 | BO22: =IF(BN22="","",BN22/$BN$9) -> 0 | BQ22: =IF(BP22="","",BP22/$BP$9) | BR22: =IFERROR(IF(E22="","",IFERROR(E22*($E$9/100),"")),"") -> 0 | BS22: =IF(BR22="","",BR22/$BR$9) -> 0 | BT22: =IFERROR(IF(F22="","",IFERROR(F22*($F$9/100),"")),"") -> 0 | BU22: =IF(BT22="","",BT22/$BT$9) -> 0 | CB22: =IF(R22="","",IFERROR(R22*($R$9/100),"")) -> 4.7 | CC22: =IF(CB22="","",CB22/$CB$9) -> 0.094 | CD22: =IF(K22="","",IFERROR(K22*($K$9/100),"")) -> 31.88 | CE22: =IF(CD22="","",CD22/$CD$9) -> 0.6376 | CH22: =IF(H22="","",IFERROR(H22*($H$9/100),"")) -> 0 | CI22: =IF(CH22="","",CH22/$CH$9) -> 0 | CL22: =IF(I22="","",IFERROR(I22*($I$9/100),"")) -> 0 | CM22: =IF(CL22="","",CL22/$CL$9) -> 0 | CW22: =IF(CV22="","",CV22/$CV$9) | CY22: =IF(CX22="","",CX22/$CX$9) | DD22: =IF(U22="","",IFERROR(U22*($U$9/100),"")) -> 0.3 | DE22: =IF(DD22="","",DD22/$DD$9) -> 0.006 | DF22: =IF(V22="","",IFERROR(V22*($V$9/100),"")) -> 0.3 | DG22: =IF(DF22="","",DF22/$DF$9) -> 0.006 | DX22: =IF(K22="","",IFERROR(K22*($K$9/100),"")) -> 31.88 | DY22: =IF(DX22="","",DX22/$DX$9) -> 0.6376 | ED22: =IF(L22="","",IFERROR(L22*($L$9/100),"")) -> 21.94 | EE22: =IF(ED22="","",ED22/$ED$9) -> 0.4388 | EI22: =IF(EH22="","",EH22/$EH$9) | EK22: =IF(EJ22="","",EJ22/$EJ$9) | EM22: =IF(EL22="","",EL22/$EL$9) | EN22: =IF(N22="","",IFERROR(N22*($N$9/100),"")) -> 0 | EO22: =IF(EN22="","",EN22/$EN$9) -> 0 | ER22: =IF(O22="","",IFERROR(O22*($O$9/100),"")) -> 0 | ES22: =IF(ER22="","",ER22/$ER$9) -> 0 | ET22: =IF(P22="","",IFERROR(P22*($P$9/100),"")) -> 0 | EU22: =IF(ET22="","",ET22/$ET$9) -> 0 | EY22: =IF(EX22="","",EX22/$EX$9) | FA22: =IF(EZ22="","",EZ22/$EZ$9) | FB22: =IF(X22="","",IFERROR(X22*($X$9/100),"")) -> 0.3 | FC22: =IF(FB22="","",FB22/$FB$9) -> 0.006 | FD22: =IF(Y22="","",IFERROR(Y22*($Y$9/100),"")) -> 0.3 | FE22: =IF(FD22="","",FD22/$FD$9) -> 0.006
A23: 13 | B23: 24.05.52.0016 | C23: GADING BINTANG WICAKSONO | D23: ='MK1-TM'!D31 -> 81.74 | E23: ='MK1-TM'!E31 -> 73.81 | F23: ='MK1-TM'!F31 -> 82.57 | G23: =IFERROR((D23*($D$9/100))+(E23*($E$9/100))+(F23*($F$9/100)),"") -> 78.6999 | H23: ='MK2-TO'!D31 -> 71.5 | I23: ='MK2-TO'!E31 -> 71.5 | J23: =IFERROR((H23*($H$9/100))+(I23*($I$9/100)),"") -> 71.5 | K23: ='MK3-PSTI'!D31 -> 80.24 | L23: ='MK3-PSTI'!E31 -> 74.69 | M23: =IFERROR((K23*($K$9/100))+(L23*($L$9/100)),"") -> 77.465 | N23: =IF('MK4-L&A'!D31="","",'MK4-L&A'!D31) -> 70.27 | O23: ='MK4-L&A'!E31 -> 72.12 | P23: ='MK4-L&A'!F31 -> 69 | Q23: =IFERROR((N23*($N$9/100))+(O23*($O$9/100))+(P23*($P$9/100)),"") -> 70.4995 | R23: ='MK5-BP'!D31 -> 76.9 | S23: ='MK5-BP'!E31 -> 76.9 | T23: =IFERROR((R23*($R$9/100))+(S23*($S$9/100)),"") -> 76.9 | U23: =IF('MK7-MBD'!D30="","",'MK7-MBD'!D30) -> 58 | V23: =IF('MK7-MBD'!E30="","",'MK7-MBD'!E30) -> 89.5 | W23: =IFERROR((U23*($R$9/100))+(V23*($S$9/100)),"") -> 73.75 | X23: =IF(MK8_BID!D31="","",MK8_BID!D31) -> 58 | Y23: ='MK7-MBD'!E30 -> 89.5 | Z23: =IFERROR((X23*($X$9/100))+(Y23*($Y$9/100)),"") -> 73.75 | BG23: =IF(BF23="","",BF23/$BF$9) | BI23: =IF(BH23="","",BH23/$BH$9) | BK23: =IF(BJ23="","",BJ23/$BJ$9) | BM23: =IF(BL23="","",BL23/$BL$9) | BN23: =IF(D23="","",IFERROR(D23*($D$9/100),"")) -> 18.8002 | BO23: =IF(BN23="","",BN23/$BN$9) -> 0.8174 | BQ23: =IF(BP23="","",BP23/$BP$9) | BR23: =IFERROR(IF(E23="","",IFERROR(E23*($E$9/100),"")),"") -> 31.0002 | BS23: =IF(BR23="","",BR23/$BR$9) -> 0.7381 | BT23: =IFERROR(IF(F23="","",IFERROR(F23*($F$9/100),"")),"") -> 28.8995 | BU23: =IF(BT23="","",BT23/$BT$9) -> 0.8257 | CB23: =IF(R23="","",IFERROR(R23*($R$9/100),"")) -> 38.45 | CC23: =IF(CB23="","",CB23/$CB$9) -> 0.769 | CD23: =IF(K23="","",IFERROR(K23*($K$9/100),"")) -> 40.12 | CE23: =IF(CD23="","",CD23/$CD$9) -> 0.8024 | CH23: =IF(H23="","",IFERROR(H23*($H$9/100),"")) -> 35.75 | CI23: =IF(CH23="","",CH23/$CH$9) -> 0.715 | CL23: =IF(I23="","",IFERROR(I23*($I$9/100),"")) -> 35.75 | CM23: =IF(CL23="","",CL23/$CL$9) -> 0.715 | CW23: =IF(CV23="","",CV23/$CV$9) | CY23: =IF(CX23="","",CX23/$CX$9) | DD23: =IF(U23="","",IFERROR(U23*($U$9/100),"")) -> 29 | DE23: =IF(DD23="","",DD23/$DD$9) -> 0.58 | DF23: =IF(V23="","",IFERROR(V23*($V$9/100),"")) -> 44.75 | DG23: =IF(DF23="","",DF23/$DF$9) -> 0.895 | DX23: =IF(K23="","",IFERROR(K23*($K$9/100),"")) -> 40.12 | DY23: =IF(DX23="","",DX23/$DX$9) -> 0.8024 | ED23: =IF(L23="","",IFERROR(L23*($L$9/100),"")) -> 37.345 | EE23: =IF(ED23="","",ED23/$ED$9) -> 0.7469 | EI23: =IF(EH23="","",EH23/$EH$9) | EK23: =IF(EJ23="","",EJ23/$EJ$9) | EM23: =IF(EL23="","",EL23/$EL$9) | EN23: =IF(N23="","",IFERROR(N23*($N$9/100),"")) -> 25.9999 | EO23: =IF(EN23="","",EN23/$EN$9) -> 0.7027 | ER23: =IF(O23="","",IFERROR(O23*($O$9/100),"")) -> 23.7996 | ES23: =IF(ER23="","",ER23/$ER$9) -> 0.7212 | ET23: =IF(P23="","",IFERROR(P23*($P$9/100),"")) -> 20.7 | EU23: =IF(ET23="","",ET23/$ET$9) -> 0.69 | EY23: =IF(EX23="","",EX23/$EX$9) | FA23: =IF(EZ23="","",EZ23/$EZ$9) | FB23: =IF(X23="","",IFERROR(X23*($X$9/100),"")) -> 29 | FC23: =IF(FB23="","",FB23/$FB$9) -> 0.58 | FD23: =IF(Y23="","",IFERROR(Y23*($Y$9/100),"")) -> 44.75 | FE23: =IF(FD23="","",FD23/$FD$9) -> 0.895
A24: 14 | B24: 24.05.52.0017 | C24: VINA OKITA | D24: ='MK1-TM'!D32 -> 93.91 | E24: ='MK1-TM'!E32 -> 88.57 | F24: ='MK1-TM'!F32 -> 86 | G24: =IFERROR((D24*($D$9/100))+(E24*($E$9/100))+(F24*($F$9/100)),"") -> 88.8987 | H24: ='MK2-TO'!D32 -> 81.1 | I24: ='MK2-TO'!E32 -> 80.4 | J24: =IFERROR((H24*($H$9/100))+(I24*($I$9/100)),"") -> 80.75 | K24: ='MK3-PSTI'!D32 -> 85.53 | L24: ='MK3-PSTI'!E32 -> 87.35 | M24: =IFERROR((K24*($K$9/100))+(L24*($L$9/100)),"") -> 86.44 | N24: =IF('MK4-L&A'!D32="","",'MK4-L&A'!D32) -> 79.73 | O24: ='MK4-L&A'!E32 -> 76.52 | P24: ='MK4-L&A'!F32 -> 86.67 | Q24: =IFERROR((N24*($N$9/100))+(O24*($O$9/100))+(P24*($P$9/100)),"") -> 80.7527 | R24: ='MK5-BP'!D32 -> 93.9 | S24: ='MK5-BP'!E32 -> 93.9 | T24: =IFERROR((R24*($R$9/100))+(S24*($S$9/100)),"") -> 93.9 | U24: =IF('MK7-MBD'!D31="","",'MK7-MBD'!D31) -> 82.5 | V24: =IF('MK7-MBD'!E31="","",'MK7-MBD'!E31) -> 89.5 | W24: =IFERROR((U24*($R$9/100))+(V24*($S$9/100)),"") -> 86 | X24: =IF(MK8_BID!D32="","",MK8_BID!D32) -> 82.5 | Y24: ='MK7-MBD'!E31 -> 89.5 | Z24: =IFERROR((X24*($X$9/100))+(Y24*($Y$9/100)),"") -> 86 | BG24: =IF(BF24="","",BF24/$BF$9) | BI24: =IF(BH24="","",BH24/$BH$9) | BK24: =IF(BJ24="","",BJ24/$BJ$9) | BM24: =IF(BL24="","",BL24/$BL$9) | BN24: =IF(D24="","",IFERROR(D24*($D$9/100),"")) -> 21.5993 | BO24: =IF(BN24="","",BN24/$BN$9) -> 0.9391 | BQ24: =IF(BP24="","",BP24/$BP$9) | BR24: =IFERROR(IF(E24="","",IFERROR(E24*($E$9/100),"")),"") -> 37.1994 | BS24: =IF(BR24="","",BR24/$BR$9) -> 0.8857 | BT24: =IFERROR(IF(F24="","",IFERROR(F24*($F$9/100),"")),"") -> 30.1 | BU24: =IF(BT24="","",BT24/$BT$9) -> 0.86 | CB24: =IF(R24="","",IFERROR(R24*($R$9/100),"")) -> 46.95 | CC24: =IF(CB24="","",CB24/$CB$9) -> 0.939 | CD24: =IF(K24="","",IFERROR(K24*($K$9/100),"")) -> 42.765 | CE24: =IF(CD24="","",CD24/$CD$9) -> 0.8553 | CH24: =IF(H24="","",IFERROR(H24*($H$9/100),"")) -> 40.55 | CI24: =IF(CH24="","",CH24/$CH$9) -> 0.811 | CL24: =IF(I24="","",IFERROR(I24*($I$9/100),"")) -> 40.2 | CM24: =IF(CL24="","",CL24/$CL$9) -> 0.804 | CW24: =IF(CV24="","",CV24/$CV$9) | CY24: =IF(CX24="","",CX24/$CX$9) | DD24: =IF(U24="","",IFERROR(U24*($U$9/100),"")) -> 41.25 | DE24: =IF(DD24="","",DD24/$DD$9) -> 0.825 | DF24: =IF(V24="","",IFERROR(V24*($V$9/100),"")) -> 44.75 | DG24: =IF(DF24="","",DF24/$DF$9) -> 0.895 | DX24: =IF(K24="","",IFERROR(K24*($K$9/100),"")) -> 42.765 | DY24: =IF(DX24="","",DX24/$DX$9) -> 0.8553 | ED24: =IF(L24="","",IFERROR(L24*($L$9/100),"")) -> 43.675 | EE24: =IF(ED24="","",ED24/$ED$9) -> 0.8735 | EI24: =IF(EH24="","",EH24/$EH$9) | EK24: =IF(EJ24="","",EJ24/$EJ$9) | EM24: =IF(EL24="","",EL24/$EL$9) | EN24: =IF(N24="","",IFERROR(N24*($N$9/100),"")) -> 29.5001 | EO24: =IF(EN24="","",EN24/$EN$9) -> 0.7973 | ER24: =IF(O24="","",IFERROR(O24*($O$9/100),"")) -> 25.2516 | ES24: =IF(ER24="","",ER24/$ER$9) -> 0.7652 | ET24: =IF(P24="","",IFERROR(P24*($P$9/100),"")) -> 26.001 | EU24: =IF(ET24="","",ET24/$ET$9) -> 0.8667 | EY24: =IF(EX24="","",EX24/$EX$9) | FA24: =IF(EZ24="","",EZ24/$EZ$9) | FB24: =IF(X24="","",IFERROR(X24*($X$9/100),"")) -> 41.25 | FC24: =IF(FB24="","",FB24/$FB$9) -> 0.825 | FD24: =IF(Y24="","",IFERROR(Y24*($Y$9/100),"")) -> 44.75 | FE24: =IF(FD24="","",FD24/$FD$9) -> 0.895
A25: 15 | B25: 24.05.52.0018 | C25: VIMAS CHARIZA ANGGRAINY | D25: ='MK1-TM'!D33 -> 76.09 | E25: ='MK1-TM'!E33 -> 69.29 | F25: ='MK1-TM'!F33 -> 86.71 | G25: =IFERROR((D25*($D$9/100))+(E25*($E$9/100))+(F25*($F$9/100)),"") -> 76.951 | H25: ='MK2-TO'!D33 -> 70.1 | I25: ='MK2-TO'!E33 -> 70.8 | J25: =IFERROR((H25*($H$9/100))+(I25*($I$9/100)),"") -> 70.45 | K25: ='MK3-PSTI'!D33 -> 83.76 | L25: ='MK3-PSTI'!E33 -> 81.33 | M25: =IFERROR((K25*($K$9/100))+(L25*($L$9/100)),"") -> 82.545 | N25: =IF('MK4-L&A'!D33="","",'MK4-L&A'!D33) -> 81.76 | O25: ='MK4-L&A'!E33 -> 79.55 | P25: ='MK4-L&A'!F33 -> 86.67 | Q25: =IFERROR((N25*($N$9/100))+(O25*($O$9/100))+(P25*($P$9/100)),"") -> 82.5037 | R25: ='MK5-BP'!D33 -> 93.9 | S25: ='MK5-BP'!E33 -> 93.9 | T25: =IFERROR((R25*($R$9/100))+(S25*($S$9/100)),"") -> 93.9 | U25: =IF('MK7-MBD'!D32="","",'MK7-MBD'!D32) -> 82.5 | V25: =IF('MK7-MBD'!E32="","",'MK7-MBD'!E32) -> 86 | W25: =IFERROR((U25*($R$9/100))+(V25*($S$9/100)),"") -> 84.25 | X25: =IF(MK8_BID!D33="","",MK8_BID!D33) -> 82.5 | Y25: ='MK7-MBD'!E32 -> 86 | Z25: =IFERROR((X25*($X$9/100))+(Y25*($Y$9/100)),"") -> 84.25 | BG25: =IF(BF25="","",BF25/$BF$9) | BI25: =IF(BH25="","",BH25/$BH$9) | BK25: =IF(BJ25="","",BJ25/$BJ$9) | BM25: =IF(BL25="","",BL25/$BL$9) | BN25: =IF(D25="","",IFERROR(D25*($D$9/100),"")) -> 17.5007 | BO25: =IF(BN25="","",BN25/$BN$9) -> 0.7609 | BQ25: =IF(BP25="","",BP25/$BP$9) | BR25: =IFERROR(IF(E25="","",IFERROR(E25*($E$9/100),"")),"") -> 29.1018 | BS25: =IF(BR25="","",BR25/$BR$9) -> 0.6929 | BT25: =IFERROR(IF(F25="","",IFERROR(F25*($F$9/100),"")),"") -> 30.3485 | BU25: =IF(BT25="","",BT25/$BT$9) -> 0.8671 | CB25: =IF(R25="","",IFERROR(R25*($R$9/100),"")) -> 46.95 | CC25: =IF(CB25="","",CB25/$CB$9) -> 0.939 | CD25: =IF(K25="","",IFERROR(K25*($K$9/100),"")) -> 41.88 | CE25: =IF(CD25="","",CD25/$CD$9) -> 0.8376 | CH25: =IF(H25="","",IFERROR(H25*($H$9/100),"")) -> 35.05 | CI25: =IF(CH25="","",CH25/$CH$9) -> 0.701 | CL25: =IF(I25="","",IFERROR(I25*($I$9/100),"")) -> 35.4 | CM25: =IF(CL25="","",CL25/$CL$9) -> 0.708 | CW25: =IF(CV25="","",CV25/$CV$9) | CY25: =IF(CX25="","",CX25/$CX$9) | DD25: =IF(U25="","",IFERROR(U25*($U$9/100),"")) -> 41.25 | DE25: =IF(DD25="","",DD25/$DD$9) -> 0.825 | DF25: =IF(V25="","",IFERROR(V25*($V$9/100),"")) -> 43 | DG25: =IF(DF25="","",DF25/$DF$9) -> 0.86 | DX25: =IF(K25="","",IFERROR(K25*($K$9/100),"")) -> 41.88 | DY25: =IF(DX25="","",DX25/$DX$9) -> 0.8376 | ED25: =IF(L25="","",IFERROR(L25*($L$9/100),"")) -> 40.665 | EE25: =IF(ED25="","",ED25/$ED$9) -> 0.8133 | EI25: =IF(EH25="","",EH25/$EH$9) | EK25: =IF(EJ25="","",EJ25/$EJ$9) | EM25: =IF(EL25="","",EL25/$EL$9) | EN25: =IF(N25="","",IFERROR(N25*($N$9/100),"")) -> 30.2512 | EO25: =IF(EN25="","",EN25/$EN$9) -> 0.8176 | ER25: =IF(O25="","",IFERROR(O25*($O$9/100),"")) -> 26.2515 | ES25: =IF(ER25="","",ER25/$ER$9) -> 0.7955 | ET25: =IF(P25="","",IFERROR(P25*($P$9/100),"")) -> 26.001 | EU25: =IF(ET25="","",ET25/$ET$9) -> 0.8667 | EY25: =IF(EX25="","",EX25/$EX$9) | FA25: =IF(EZ25="","",EZ25/$EZ$9) | FB25: =IF(X25="","",IFERROR(X25*($X$9/100),"")) -> 41.25 | FC25: =IF(FB25="","",FB25/$FB$9) -> 0.825 | FD25: =IF(Y25="","",IFERROR(Y25*($Y$9/100),"")) -> 43 | FE25: =IF(FD25="","",FD25/$FD$9) -> 0.86
A26: 16 | B26: 24.05.52.0019 | C26: KADIZHA OKTI FAUSTA | D26: ='MK1-TM'!D34 -> 81.3 | E26: ='MK1-TM'!E34 -> 74.52 | F26: ='MK1-TM'!F34 -> 79.86 | G26: =IFERROR((D26*($D$9/100))+(E26*($E$9/100))+(F26*($F$9/100)),"") -> 77.9484 | H26: ='MK2-TO'!D34 -> 58.9 | I26: ='MK2-TO'!E34 -> 62.4 | J26: =IFERROR((H26*($H$9/100))+(I26*($I$9/100)),"") -> 60.65 | K26: ='MK3-PSTI'!D34 -> 76.71 | L26: ='MK3-PSTI'!E34 -> 69.9 | M26: =IFERROR((K26*($K$9/100))+(L26*($L$9/100)),"") -> 73.305 | N26: =IF('MK4-L&A'!D34="","",'MK4-L&A'!D34) -> 66.89 | O26: ='MK4-L&A'!E34 -> 67.88 | P26: ='MK4-L&A'!F34 -> 65.33 | Q26: =IFERROR((N26*($N$9/100))+(O26*($O$9/100))+(P26*($P$9/100)),"") -> 66.7487 | R26: ='MK5-BP'!D34 -> 76.9 | S26: ='MK5-BP'!E34 -> 76.9 | T26: =IFERROR((R26*($R$9/100))+(S26*($S$9/100)),"") -> 76.9 | U26: =IF('MK7-MBD'!D33="","",'MK7-MBD'!D33) -> 58 | V26: =IF('MK7-MBD'!E33="","",'MK7-MBD'!E33) -> 86 | W26: =IFERROR((U26*($R$9/100))+(V26*($S$9/100)),"") -> 72 | X26: =IF(MK8_BID!D34="","",MK8_BID!D34) -> 58 | Y26: ='MK7-MBD'!E33 -> 86 | Z26: =IFERROR((X26*($X$9/100))+(Y26*($Y$9/100)),"") -> 72 | BG26: =IF(BF26="","",BF26/$BF$9) | BI26: =IF(BH26="","",BH26/$BH$9) | BK26: =IF(BJ26="","",BJ26/$BJ$9) | BM26: =IF(BL26="","",BL26/$BL$9) | BN26: =IF(D26="","",IFERROR(D26*($D$9/100),"")) -> 18.699 | BO26: =IF(BN26="","",BN26/$BN$9) -> 0.813 | BQ26: =IF(BP26="","",BP26/$BP$9) | BR26: =IFERROR(IF(E26="","",IFERROR(E26*($E$9/100),"")),"") -> 31.2984 | BS26: =IF(BR26="","",BR26/$BR$9) -> 0.7452 | BT26: =IFERROR(IF(F26="","",IFERROR(F26*($F$9/100),"")),"") -> 27.951 | BU26: =IF(BT26="","",BT26/$BT$9) -> 0.7986 | CB26: =IF(R26="","",IFERROR(R26*($R$9/100),"")) -> 38.45 | CC26: =IF(CB26="","",CB26/$CB$9) -> 0.769 | CD26: =IF(K26="","",IFERROR(K26*($K$9/100),"")) -> 38.355 | CE26: =IF(CD26="","",CD26/$CD$9) -> 0.7671 | CH26: =IF(H26="","",IFERROR(H26*($H$9/100),"")) -> 29.45 | CI26: =IF(CH26="","",CH26/$CH$9) -> 0.589 | CL26: =IF(I26="","",IFERROR(I26*($I$9/100),"")) -> 31.2 | CM26: =IF(CL26="","",CL26/$CL$9) -> 0.624 | CW26: =IF(CV26="","",CV26/$CV$9) | CY26: =IF(CX26="","",CX26/$CX$9) | DD26: =IF(U26="","",IFERROR(U26*($U$9/100),"")) -> 29 | DE26: =IF(DD26="","",DD26/$DD$9) -> 0.58 | DF26: =IF(V26="","",IFERROR(V26*($V$9/100),"")) -> 43 | DG26: =IF(DF26="","",DF26/$DF$9) -> 0.86 | DX26: =IF(K26="","",IFERROR(K26*($K$9/100),"")) -> 38.355 | DY26: =IF(DX26="","",DX26/$DX$9) -> 0.7671 | ED26: =IF(L26="","",IFERROR(L26*($L$9/100),"")) -> 34.95 | EE26: =IF(ED26="","",ED26/$ED$9) -> 0.699 | EI26: =IF(EH26="","",EH26/$EH$9) | EK26: =IF(EJ26="","",EJ26/$EJ$9) | EM26: =IF(EL26="","",EL26/$EL$9) | EN26: =IF(N26="","",IFERROR(N26*($N$9/100),"")) -> 24.7493 | EO26: =IF(EN26="","",EN26/$EN$9) -> 0.6689 | ER26: =IF(O26="","",IFERROR(O26*($O$9/100),"")) -> 22.4004 | ES26: =IF(ER26="","",ER26/$ER$9) -> 0.6788 | ET26: =IF(P26="","",IFERROR(P26*($P$9/100),"")) -> 19.599 | EU26: =IF(ET26="","",ET26/$ET$9) -> 0.6533 | EY26: =IF(EX26="","",EX26/$EX$9) | FA26: =IF(EZ26="","",EZ26/$EZ$9) | FB26: =IF(X26="","",IFERROR(X26*($X$9/100),"")) -> 29 | FC26: =IF(FB26="","",FB26/$FB$9) -> 0.58 | FD26: =IF(Y26="","",IFERROR(Y26*($Y$9/100),"")) -> 43 | FE26: =IF(FD26="","",FD26/$FD$9) -> 0.86
A27: 17 | B27: 24.05.52.0020 | C27: FIRMAN AKBAR SAMUDRA | D27: ='MK1-TM'!D35 -> 91.74 | E27: ='MK1-TM'!E35 -> 80.95 | F27: ='MK1-TM'!F35 -> 64.29 | G27: =IFERROR((D27*($D$9/100))+(E27*($E$9/100))+(F27*($F$9/100)),"") -> 77.6007 | H27: ='MK2-TO'!D35 -> 80.4 | I27: ='MK2-TO'!E35 -> 81.1 | J27: =IFERROR((H27*($H$9/100))+(I27*($I$9/100)),"") -> 80.75 | K27: ='MK3-PSTI'!D35 -> 82.59 | L27: ='MK3-PSTI'!E35 -> 82.55 | M27: =IFERROR((K27*($K$9/100))+(L27*($L$9/100)),"") -> 82.57 | N27: =IF('MK4-L&A'!D35="","",'MK4-L&A'!D35) -> 68.24 | O27: ='MK4-L&A'!E35 -> 69.7 | P27: ='MK4-L&A'!F35 -> 70 | Q27: =IFERROR((N27*($N$9/100))+(O27*($O$9/100))+(P27*($P$9/100)),"") -> 69.2498 | R27: ='MK5-BP'!D35 -> 81.4 | S27: ='MK5-BP'!E35 -> 81.4 | T27: =IFERROR((R27*($R$9/100))+(S27*($S$9/100)),"") -> 81.4 | U27: =IF('MK7-MBD'!D34="","",'MK7-MBD'!D34) -> 70.8 | V27: =IF('MK7-MBD'!E34="","",'MK7-MBD'!E34) -> 74.3 | W27: =IFERROR((U27*($R$9/100))+(V27*($S$9/100)),"") -> 72.55 | X27: =IF(MK8_BID!D35="","",MK8_BID!D35) -> 70.8 | Y27: ='MK7-MBD'!E34 -> 74.3 | Z27: =IFERROR((X27*($X$9/100))+(Y27*($Y$9/100)),"") -> 72.55 | BG27: =IF(BF27="","",BF27/$BF$9) | BI27: =IF(BH27="","",BH27/$BH$9) | BK27: =IF(BJ27="","",BJ27/$BJ$9) | BM27: =IF(BL27="","",BL27/$BL$9) | BN27: =IF(D27="","",IFERROR(D27*($D$9/100),"")) -> 21.1002 | BO27: =IF(BN27="","",BN27/$BN$9) -> 0.9174 | BQ27: =IF(BP27="","",BP27/$BP$9) | BR27: =IFERROR(IF(E27="","",IFERROR(E27*($E$9/100),"")),"") -> 33.999 | BS27: =IF(BR27="","",BR27/$BR$9) -> 0.8095 | BT27: =IFERROR(IF(F27="","",IFERROR(F27*($F$9/100),"")),"") -> 22.5015 | BU27: =IF(BT27="","",BT27/$BT$9) -> 0.6429 | CB27: =IF(R27="","",IFERROR(R27*($R$9/100),"")) -> 40.7 | CC27: =IF(CB27="","",CB27/$CB$9) -> 0.814 | CD27: =IF(K27="","",IFERROR(K27*($K$9/100),"")) -> 41.295 | CE27: =IF(CD27="","",CD27/$CD$9) -> 0.8259 | CH27: =IF(H27="","",IFERROR(H27*($H$9/100),"")) -> 40.2 | CI27: =IF(CH27="","",CH27/$CH$9) -> 0.804 | CL27: =IF(I27="","",IFERROR(I27*($I$9/100),"")) -> 40.55 | CM27: =IF(CL27="","",CL27/$CL$9) -> 0.811 | CW27: =IF(CV27="","",CV27/$CV$9) | CY27: =IF(CX27="","",CX27/$CX$9) | DD27: =IF(U27="","",IFERROR(U27*($U$9/100),"")) -> 35.4 | DE27: =IF(DD27="","",DD27/$DD$9) -> 0.708 | DF27: =IF(V27="","",IFERROR(V27*($V$9/100),"")) -> 37.15 | DG27: =IF(DF27="","",DF27/$DF$9) -> 0.743 | DX27: =IF(K27="","",IFERROR(K27*($K$9/100),"")) -> 41.295 | DY27: =IF(DX27="","",DX27/$DX$9) -> 0.8259 | ED27: =IF(L27="","",IFERROR(L27*($L$9/100),"")) -> 41.275 | EE27: =IF(ED27="","",ED27/$ED$9) -> 0.8255 | EI27: =IF(EH27="","",EH27/$EH$9) | EK27: =IF(EJ27="","",EJ27/$EJ$9) | EM27: =IF(EL27="","",EL27/$EL$9) | EN27: =IF(N27="","",IFERROR(N27*($N$9/100),"")) -> 25.2488 | EO27: =IF(EN27="","",EN27/$EN$9) -> 0.6824 | ER27: =IF(O27="","",IFERROR(O27*($O$9/100),"")) -> 23.001 | ES27: =IF(ER27="","",ER27/$ER$9) -> 0.697 | ET27: =IF(P27="","",IFERROR(P27*($P$9/100),"")) -> 21 | EU27: =IF(ET27="","",ET27/$ET$9) -> 0.7 | EY27: =IF(EX27="","",EX27/$EX$9) | FA27: =IF(EZ27="","",EZ27/$EZ$9) | FB27: =IF(X27="","",IFERROR(X27*($X$9/100),"")) -> 35.4 | FC27: =IF(FB27="","",FB27/$FB$9) -> 0.708 | FD27: =IF(Y27="","",IFERROR(Y27*($Y$9/100),"")) -> 37.15 | FE27: =IF(FD27="","",FD27/$FD$9) -> 0.743
A28: 18 | B28: 24.05.52.0021 | C28: JESSICA OKTAVIANA BASTAMAN | D28: ='MK1-TM'!D36 -> 83.91 | E28: ='MK1-TM'!E36 -> 72.38 | F28: ='MK1-TM'!F36 -> 65.43 | G28: =IFERROR((D28*($D$9/100))+(E28*($E$9/100))+(F28*($F$9/100)),"") -> 72.5994 | H28: ='MK2-TO'!D36 -> 71.5 | I28: ='MK2-TO'!E36 -> 70.1 | J28: =IFERROR((H28*($H$9/100))+(I28*($I$9/100)),"") -> 70.8 | K28: ='MK3-PSTI'!D36 -> 80.35 | L28: ='MK3-PSTI'!E36 -> 69.9 | M28: =IFERROR((K28*($K$9/100))+(L28*($L$9/100)),"") -> 75.125 | N28: =IF('MK4-L&A'!D36="","",'MK4-L&A'!D36) -> 75 | O28: ='MK4-L&A'!E36 -> 76.97 | P28: ='MK4-L&A'!F36 -> 76.17 | Q28: =IFERROR((N28*($N$9/100))+(O28*($O$9/100))+(P28*($P$9/100)),"") -> 76.0011 | R28: ='MK5-BP'!D36 -> 81.4 | S28: ='MK5-BP'!E36 -> 81.4 | T28: =IFERROR((R28*($R$9/100))+(S28*($S$9/100)),"") -> 81.4 | U28: =IF('MK7-MBD'!D35="","",'MK7-MBD'!D35) -> 85.4 | V28: =IF('MK7-MBD'!E35="","",'MK7-MBD'!E35) -> 81.9 | W28: =IFERROR((U28*($R$9/100))+(V28*($S$9/100)),"") -> 83.65 | X28: =IF(MK8_BID!D36="","",MK8_BID!D36) -> 85.4 | Y28: ='MK7-MBD'!E35 -> 81.9 | Z28: =IFERROR((X28*($X$9/100))+(Y28*($Y$9/100)),"") -> 83.65 | BG28: =IF(BF28="","",BF28/$BF$9) | BI28: =IF(BH28="","",BH28/$BH$9) | BK28: =IF(BJ28="","",BJ28/$BJ$9) | BM28: =IF(BL28="","",BL28/$BL$9) | BN28: =IF(D28="","",IFERROR(D28*($D$9/100),"")) -> 19.2993 | BO28: =IF(BN28="","",BN28/$BN$9) -> 0.8391 | BQ28: =IF(BP28="","",BP28/$BP$9) | BR28: =IFERROR(IF(E28="","",IFERROR(E28*($E$9/100),"")),"") -> 30.3996 | BS28: =IF(BR28="","",BR28/$BR$9) -> 0.7238 | BT28: =IFERROR(IF(F28="","",IFERROR(F28*($F$9/100),"")),"") -> 22.9005 | BU28: =IF(BT28="","",BT28/$BT$9) -> 0.6543 | CB28: =IF(R28="","",IFERROR(R28*($R$9/100),"")) -> 40.7 | CC28: =IF(CB28="","",CB28/$CB$9) -> 0.814 | CD28: =IF(K28="","",IFERROR(K28*($K$9/100),"")) -> 40.175 | CE28: =IF(CD28="","",CD28/$CD$9) -> 0.8035 | CH28: =IF(H28="","",IFERROR(H28*($H$9/100),"")) -> 35.75 | CI28: =IF(CH28="","",CH28/$CH$9) -> 0.715 | CL28: =IF(I28="","",IFERROR(I28*($I$9/100),"")) -> 35.05 | CM28: =IF(CL28="","",CL28/$CL$9) -> 0.701 | CW28: =IF(CV28="","",CV28/$CV$9) | CY28: =IF(CX28="","",CX28/$CX$9) | DD28: =IF(U28="","",IFERROR(U28*($U$9/100),"")) -> 42.7 | DE28: =IF(DD28="","",DD28/$DD$9) -> 0.854 | DF28: =IF(V28="","",IFERROR(V28*($V$9/100),"")) -> 40.95 | DG28: =IF(DF28="","",DF28/$DF$9) -> 0.819 | DX28: =IF(K28="","",IFERROR(K28*($K$9/100),"")) -> 40.175 | DY28: =IF(DX28="","",DX28/$DX$9) -> 0.8035 | ED28: =IF(L28="","",IFERROR(L28*($L$9/100),"")) -> 34.95 | EE28: =IF(ED28="","",ED28/$ED$9) -> 0.699 | EI28: =IF(EH28="","",EH28/$EH$9) | EK28: =IF(EJ28="","",EJ28/$EJ$9) | EM28: =IF(EL28="","",EL28/$EL$9) | EN28: =IF(N28="","",IFERROR(N28*($N$9/100),"")) -> 27.75 | EO28: =IF(EN28="","",EN28/$EN$9) -> 0.75 | ER28: =IF(O28="","",IFERROR(O28*($O$9/100),"")) -> 25.4001 | ES28: =IF(ER28="","",ER28/$ER$9) -> 0.7697 | ET28: =IF(P28="","",IFERROR(P28*($P$9/100),"")) -> 22.851 | EU28: =IF(ET28="","",ET28/$ET$9) -> 0.7617 | EY28: =IF(EX28="","",EX28/$EX$9) | FA28: =IF(EZ28="","",EZ28/$EZ$9) | FB28: =IF(X28="","",IFERROR(X28*($X$9/100),"")) -> 42.7 | FC28: =IF(FB28="","",FB28/$FB$9) -> 0.854 | FD28: =IF(Y28="","",IFERROR(Y28*($Y$9/100),"")) -> 40.95 | FE28: =IF(FD28="","",FD28/$FD$9) -> 0.819
A29: 19 | B29: 24.05.52.0022 | C29: AHMAD NABIL FEBRI SAPUTRA | D29: ='MK1-TM'!D37 -> 83.7 | E29: ='MK1-TM'!E37 -> 80.6 | F29: ='MK1-TM'!F37 -> 82.71 | G29: =IFERROR((D29*($D$9/100))+(E29*($E$9/100))+(F29*($F$9/100)),"") -> 82.0515 | H29: ='MK2-TO'!D37 -> 86.5 | I29: ='MK2-TO'!E37 -> 86.5 | J29: =IFERROR((H29*($H$9/100))+(I29*($I$9/100)),"") -> 86.5 | K29: ='MK3-PSTI'!D37 -> 70.35 | L29: ='MK3-PSTI'!E37 -> 74.08 | M29: =IFERROR((K29*($K$9/100))+(L29*($L$9/100)),"") -> 72.215 | N29: =IF('MK4-L&A'!D37="","",'MK4-L&A'!D37) -> 67.57 | O29: ='MK4-L&A'!E37 -> 67.58 | P29: ='MK4-L&A'!F37 -> 73.17 | Q29: =IFERROR((N29*($N$9/100))+(O29*($O$9/100))+(P29*($P$9/100)),"") -> 69.2533 | R29: ='MK5-BP'!D37 -> 93.9 | S29: ='MK5-BP'!E37 -> 93.9 | T29: =IFERROR((R29*($R$9/100))+(S29*($S$9/100)),"") -> 93.9 | U29: =IF('MK7-MBD'!D36="","",'MK7-MBD'!D36) -> 82.5 | V29: =IF('MK7-MBD'!E36="","",'MK7-MBD'!E36) -> 96.5 | W29: =IFERROR((U29*($R$9/100))+(V29*($S$9/100)),"") -> 89.5 | X29: =IF(MK8_BID!D37="","",MK8_BID!D37) -> 82.5 | Y29: ='MK7-MBD'!E36 -> 96.5 | Z29: =IFERROR((X29*($X$9/100))+(Y29*($Y$9/100)),"") -> 89.5 | BG29: =IF(BF29="","",BF29/$BF$9) | BI29: =IF(BH29="","",BH29/$BH$9) | BK29: =IF(BJ29="","",BJ29/$BJ$9) | BM29: =IF(BL29="","",BL29/$BL$9) | BN29: =IF(D29="","",IFERROR(D29*($D$9/100),"")) -> 19.251 | BO29: =IF(BN29="","",BN29/$BN$9) -> 0.837 | BQ29: =IF(BP29="","",BP29/$BP$9) | BR29: =IFERROR(IF(E29="","",IFERROR(E29*($E$9/100),"")),"") -> 33.852 | BS29: =IF(BR29="","",BR29/$BR$9) -> 0.806 | BT29: =IFERROR(IF(F29="","",IFERROR(F29*($F$9/100),"")),"") -> 28.9485 | BU29: =IF(BT29="","",BT29/$BT$9) -> 0.8271 | CB29: =IF(R29="","",IFERROR(R29*($R$9/100),"")) -> 46.95 | CC29: =IF(CB29="","",CB29/$CB$9) -> 0.939 | CD29: =IF(K29="","",IFERROR(K29*($K$9/100),"")) -> 35.175 | CE29: =IF(CD29="","",CD29/$CD$9) -> 0.7035 | CH29: =IF(H29="","",IFERROR(H29*($H$9/100),"")) -> 43.25 | CI29: =IF(CH29="","",CH29/$CH$9) -> 0.865 | CL29: =IF(I29="","",IFERROR(I29*($I$9/100),"")) -> 43.25 | CM29: =IF(CL29="","",CL29/$CL$9) -> 0.865 | CW29: =IF(CV29="","",CV29/$CV$9) | CY29: =IF(CX29="","",CX29/$CX$9) | DD29: =IF(U29="","",IFERROR(U29*($U$9/100),"")) -> 41.25 | DE29: =IF(DD29="","",DD29/$DD$9) -> 0.825 | DF29: =IF(V29="","",IFERROR(V29*($V$9/100),"")) -> 48.25 | DG29: =IF(DF29="","",DF29/$DF$9) -> 0.965 | DX29: =IF(K29="","",IFERROR(K29*($K$9/100),"")) -> 35.175 | DY29: =IF(DX29="","",DX29/$DX$9) -> 0.7035 | ED29: =IF(L29="","",IFERROR(L29*($L$9/100),"")) -> 37.04 | EE29: =IF(ED29="","",ED29/$ED$9) -> 0.7408 | EI29: =IF(EH29="","",EH29/$EH$9) | EK29: =IF(EJ29="","",EJ29/$EJ$9) | EM29: =IF(EL29="","",EL29/$EL$9) | EN29: =IF(N29="","",IFERROR(N29*($N$9/100),"")) -> 25.0009 | EO29: =IF(EN29="","",EN29/$EN$9) -> 0.6757 | ER29: =IF(O29="","",IFERROR(O29*($O$9/100),"")) -> 22.3014 | ES29: =IF(ER29="","",ER29/$ER$9) -> 0.6758 | ET29: =IF(P29="","",IFERROR(P29*($P$9/100),"")) -> 21.951 | EU29: =IF(ET29="","",ET29/$ET$9) -> 0.7317 | EY29: =IF(EX29="","",EX29/$EX$9) | FA29: =IF(EZ29="","",EZ29/$EZ$9) | FB29: =IF(X29="","",IFERROR(X29*($X$9/100),"")) -> 41.25 | FC29: =IF(FB29="","",FB29/$FB$9) -> 0.825 | FD29: =IF(Y29="","",IFERROR(Y29*($Y$9/100),"")) -> 48.25 | FE29: =IF(FD29="","",FD29/$FD$9) -> 0.965
A30: 20 | B30: 24.05.52.0023 | C30: NABILA SASKIA PUTRI | D30: ='MK1-TM'!D38 -> 47.35 | E30: ='MK1-TM'!E38 -> 42.12 | F30: ='MK1-TM'!F38 -> 37.91 | G30: =IFERROR((D30*($D$9/100))+(E30*($E$9/100))+(F30*($F$9/100)),"") -> 41.8494 | H30: ='MK2-TO'!D38 -> 66 | I30: ='MK2-TO'!E38 -> 76.5 | J30: =IFERROR((H30*($H$9/100))+(I30*($I$9/100)),"") -> 71.25 | K30: ='MK3-PSTI'!D38 -> 77.29 | L30: ='MK3-PSTI'!E38 -> 59.18 | M30: =IFERROR((K30*($K$9/100))+(L30*($L$9/100)),"") -> 68.235 | N30: =IF('MK4-L&A'!D38="","",'MK4-L&A'!D38) -> 67.92 | O30: ='MK4-L&A'!E38 -> 61.27 | P30: ='MK4-L&A'!F38 -> 62.67 | Q30: =IFERROR((N30*($N$9/100))+(O30*($O$9/100))+(P30*($P$9/100)),"") -> 64.1505 | R30: ='MK5-BP'!D38 -> 70.4 | S30: ='MK5-BP'!E38 -> 77.4 | T30: =IFERROR((R30*($R$9/100))+(S30*($S$9/100)),"") -> 73.9 | U30: =IF('MK7-MBD'!D37="","",'MK7-MBD'!D37) -> 64.6 | V30: =IF('MK7-MBD'!E37="","",'MK7-MBD'!E37) -> 75.1 | W30: =IFERROR((U30*($R$9/100))+(V30*($S$9/100)),"") -> 69.85 | X30: =IF(MK8_BID!D38="","",MK8_BID!D38) -> 64.6 | Y30: ='MK7-MBD'!E37 -> 75.1 | Z30: =IFERROR((X30*($X$9/100))+(Y30*($Y$9/100)),"") -> 69.85 | BG30: =IF(BF30="","",BF30/$BF$9) | BI30: =IF(BH30="","",BH30/$BH$9) | BK30: =IF(BJ30="","",BJ30/$BJ$9) | BM30: =IF(BL30="","",BL30/$BL$9) | BN30: =IF(D30="","",IFERROR(D30*($D$9/100),"")) -> 10.8905 | BO30: =IF(BN30="","",BN30/$BN$9) -> 0.4735 | BQ30: =IF(BP30="","",BP30/$BP$9) | BR30: =IFERROR(IF(E30="","",IFERROR(E30*($E$9/100),"")),"") -> 17.6904 | BS30: =IF(BR30="","",BR30/$BR$9) -> 0.4212 | BT30: =IFERROR(IF(F30="","",IFERROR(F30*($F$9/100),"")),"") -> 13.2685 | BU30: =IF(BT30="","",BT30/$BT$9) -> 0.3791 | CB30: =IF(R30="","",IFERROR(R30*($R$9/100),"")) -> 35.2 | CC30: =IF(CB30="","",CB30/$CB$9) -> 0.704 | CD30: =IF(K30="","",IFERROR(K30*($K$9/100),"")) -> 38.645 | CE30: =IF(CD30="","",CD30/$CD$9) -> 0.7729 | CH30: =IF(H30="","",IFERROR(H30*($H$9/100),"")) -> 33 | CI30: =IF(CH30="","",CH30/$CH$9) -> 0.66 | CL30: =IF(I30="","",IFERROR(I30*($I$9/100),"")) -> 38.25 | CM30: =IF(CL30="","",CL30/$CL$9) -> 0.765 | CW30: =IF(CV30="","",CV30/$CV$9) | CY30: =IF(CX30="","",CX30/$CX$9) | DD30: =IF(U30="","",IFERROR(U30*($U$9/100),"")) -> 32.3 | DE30: =IF(DD30="","",DD30/$DD$9) -> 0.646 | DF30: =IF(V30="","",IFERROR(V30*($V$9/100),"")) -> 37.55 | DG30: =IF(DF30="","",DF30/$DF$9) -> 0.751 | DX30: =IF(K30="","",IFERROR(K30*($K$9/100),"")) -> 38.645 | DY30: =IF(DX30="","",DX30/$DX$9) -> 0.7729 | ED30: =IF(L30="","",IFERROR(L30*($L$9/100),"")) -> 29.59 | EE30: =IF(ED30="","",ED30/$ED$9) -> 0.5918 | EI30: =IF(EH30="","",EH30/$EH$9) | EK30: =IF(EJ30="","",EJ30/$EJ$9) | EM30: =IF(EL30="","",EL30/$EL$9) | EN30: =IF(N30="","",IFERROR(N30*($N$9/100),"")) -> 25.1304 | EO30: =IF(EN30="","",EN30/$EN$9) -> 0.6792 | ER30: =IF(O30="","",IFERROR(O30*($O$9/100),"")) -> 20.2191 | ES30: =IF(ER30="","",ER30/$ER$9) -> 0.6127 | ET30: =IF(P30="","",IFERROR(P30*($P$9/100),"")) -> 18.801 | EU30: =IF(ET30="","",ET30/$ET$9) -> 0.6267 | EY30: =IF(EX30="","",EX30/$EX$9) | FA30: =IF(EZ30="","",EZ30/$EZ$9) | FB30: =IF(X30="","",IFERROR(X30*($X$9/100),"")) -> 32.3 | FC30: =IF(FB30="","",FB30/$FB$9) -> 0.646 | FD30: =IF(Y30="","",IFERROR(Y30*($Y$9/100),"")) -> 37.55 | FE30: =IF(FD30="","",FD30/$FD$9) -> 0.751
A31: 21 | B31: 24.05.52.0024 | C31: SAFRILLA LAURINTA | D31: ='MK1-TM'!D39 -> 89.13 | E31: ='MK1-TM'!E39 -> 78.81 | F31: ='MK1-TM'!F39 -> 67 | G31: =IFERROR((D31*($D$9/100))+(E31*($E$9/100))+(F31*($F$9/100)),"") -> 77.0501 | H31: ='MK2-TO'!D39 -> 81.1 | I31: ='MK2-TO'!E39 -> 80.4 | J31: =IFERROR((H31*($H$9/100))+(I31*($I$9/100)),"") -> 80.75 | K31: ='MK3-PSTI'!D39 -> 77.29 | L31: ='MK3-PSTI'!E39 -> 69.9 | M31: =IFERROR((K31*($K$9/100))+(L31*($L$9/100)),"") -> 73.595 | N31: =IF('MK4-L&A'!D39="","",'MK4-L&A'!D39) -> 77.57 | O31: ='MK4-L&A'!E39 -> 77.58 | P31: ='MK4-L&A'!F39 -> 75 | Q31: =IFERROR((N31*($N$9/100))+(O31*($O$9/100))+(P31*($P$9/100)),"") -> 76.8023 | R31: ='MK5-BP'!D39 -> 93.9 | S31: ='MK5-BP'!E39 -> 93.9 | T31: =IFERROR((R31*($R$9/100))+(S31*($S$9/100)),"") -> 93.9 | U31: =IF('MK7-MBD'!D38="","",'MK7-MBD'!D38) -> 74.9 | V31: =IF('MK7-MBD'!E38="","",'MK7-MBD'!E38) -> 85.4 | W31: =IFERROR((U31*($R$9/100))+(V31*($S$9/100)),"") -> 80.15 | X31: =IF(MK8_BID!D39="","",MK8_BID!D39) -> 74.9 | Y31: ='MK7-MBD'!E38 -> 85.4 | Z31: =IFERROR((X31*($X$9/100))+(Y31*($Y$9/100)),"") -> 80.15 | BG31: =IF(BF31="","",BF31/$BF$9) | BI31: =IF(BH31="","",BH31/$BH$9) | BK31: =IF(BJ31="","",BJ31/$BJ$9) | BM31: =IF(BL31="","",BL31/$BL$9) | BN31: =IF(D31="","",IFERROR(D31*($D$9/100),"")) -> 20.4999 | BO31: =IF(BN31="","",BN31/$BN$9) -> 0.8913 | BQ31: =IF(BP31="","",BP31/$BP$9) | BR31: =IFERROR(IF(E31="","",IFERROR(E31*($E$9/100),"")),"") -> 33.1002 | BS31: =IF(BR31="","",BR31/$BR$9) -> 0.7881 | BT31: =IFERROR(IF(F31="","",IFERROR(F31*($F$9/100),"")),"") -> 23.45 | BU31: =IF(BT31="","",BT31/$BT$9) -> 0.67 | CB31: =IF(R31="","",IFERROR(R31*($R$9/100),"")) -> 46.95 | CC31: =IF(CB31="","",CB31/$CB$9) -> 0.939 | CD31: =IF(K31="","",IFERROR(K31*($K$9/100),"")) -> 38.645 | CE31: =IF(CD31="","",CD31/$CD$9) -> 0.7729 | CH31: =IF(H31="","",IFERROR(H31*($H$9/100),"")) -> 40.55 | CI31: =IF(CH31="","",CH31/$CH$9) -> 0.811 | CL31: =IF(I31="","",IFERROR(I31*($I$9/100),"")) -> 40.2 | CM31: =IF(CL31="","",CL31/$CL$9) -> 0.804 | CW31: =IF(CV31="","",CV31/$CV$9) | CY31: =IF(CX31="","",CX31/$CX$9) | DD31: =IF(U31="","",IFERROR(U31*($U$9/100),"")) -> 37.45 | DE31: =IF(DD31="","",DD31/$DD$9) -> 0.749 | DF31: =IF(V31="","",IFERROR(V31*($V$9/100),"")) -> 42.7 | DG31: =IF(DF31="","",DF31/$DF$9) -> 0.854 | DX31: =IF(K31="","",IFERROR(K31*($K$9/100),"")) -> 38.645 | DY31: =IF(DX31="","",DX31/$DX$9) -> 0.7729 | ED31: =IF(L31="","",IFERROR(L31*($L$9/100),"")) -> 34.95 | EE31: =IF(ED31="","",ED31/$ED$9) -> 0.699 | EI31: =IF(EH31="","",EH31/$EH$9) | EK31: =IF(EJ31="","",EJ31/$EJ$9) | EM31: =IF(EL31="","",EL31/$EL$9) | EN31: =IF(N31="","",IFERROR(N31*($N$9/100),"")) -> 28.7009 | EO31: =IF(EN31="","",EN31/$EN$9) -> 0.7757 | ER31: =IF(O31="","",IFERROR(O31*($O$9/100),"")) -> 25.6014 | ES31: =IF(ER31="","",ER31/$ER$9) -> 0.7758 | ET31: =IF(P31="","",IFERROR(P31*($P$9/100),"")) -> 22.5 | EU31: =IF(ET31="","",ET31/$ET$9) -> 0.75 | EY31: =IF(EX31="","",EX31/$EX$9) | FA31: =IF(EZ31="","",EZ31/$EZ$9) | FB31: =IF(X31="","",IFERROR(X31*($X$9/100),"")) -> 37.45 | FC31: =IF(FB31="","",FB31/$FB$9) -> 0.749 | FD31: =IF(Y31="","",IFERROR(Y31*($Y$9/100),"")) -> 42.7 | FE31: =IF(FD31="","",FD31/$FD$9) -> 0.854
A32: 22 | B32: 24.05.52.0026 | C32: ALIFVINDA MUTIARA BALQIS | D32: ='MK1-TM'!D40 -> 82.61 | E32: ='MK1-TM'!E40 -> 75.24 | F32: ='MK1-TM'!F40 -> 77.71 | G32: =IFERROR((D32*($D$9/100))+(E32*($E$9/100))+(F32*($F$9/100)),"") -> 77.7996 | H32: ='MK2-TO'!D40 -> 80.4 | I32: ='MK2-TO'!E40 -> 81.1 | J32: =IFERROR((H32*($H$9/100))+(I32*($I$9/100)),"") -> 80.75 | K32: ='MK3-PSTI'!D40 -> 70.82 | L32: ='MK3-PSTI'!E40 -> 69.9 | M32: =IFERROR((K32*($K$9/100))+(L32*($L$9/100)),"") -> 70.36 | N32: =IF('MK4-L&A'!D40="","",'MK4-L&A'!D40) -> 74 | O32: ='MK4-L&A'!E40 -> 73.09 | P32: ='MK4-L&A'!F40 -> 74.67 | Q32: =IFERROR((N32*($N$9/100))+(O32*($O$9/100))+(P32*($P$9/100)),"") -> 73.9007 | R32: ='MK5-BP'!D40 -> 93.3 | S32: ='MK5-BP'!E40 -> 93.3 | T32: =IFERROR((R32*($R$9/100))+(S32*($S$9/100)),"") -> 93.3 | U32: =IF('MK7-MBD'!D39="","",'MK7-MBD'!D39) -> 75.5 | V32: =IF('MK7-MBD'!E39="","",'MK7-MBD'!E39) -> 93 | W32: =IFERROR((U32*($R$9/100))+(V32*($S$9/100)),"") -> 84.25 | X32: =IF(MK8_BID!D40="","",MK8_BID!D40) -> 75.5 | Y32: ='MK7-MBD'!E39 -> 93 | Z32: =IFERROR((X32*($X$9/100))+(Y32*($Y$9/100)),"") -> 84.25 | BG32: =IF(BF32="","",BF32/$BF$9) | BI32: =IF(BH32="","",BH32/$BH$9) | BK32: =IF(BJ32="","",BJ32/$BJ$9) | BM32: =IF(BL32="","",BL32/$BL$9) | BN32: =IF(D32="","",IFERROR(D32*($D$9/100),"")) -> 19.0003 | BO32: =IF(BN32="","",BN32/$BN$9) -> 0.8261 | BQ32: =IF(BP32="","",BP32/$BP$9) | BR32: =IFERROR(IF(E32="","",IFERROR(E32*($E$9/100),"")),"") -> 31.6008 | BS32: =IF(BR32="","",BR32/$BR$9) -> 0.7524 | BT32: =IFERROR(IF(F32="","",IFERROR(F32*($F$9/100),"")),"") -> 27.1985 | BU32: =IF(BT32="","",BT32/$BT$9) -> 0.7771 | CB32: =IF(R32="","",IFERROR(R32*($R$9/100),"")) -> 46.65 | CC32: =IF(CB32="","",CB32/$CB$9) -> 0.933 | CD32: =IF(K32="","",IFERROR(K32*($K$9/100),"")) -> 35.41 | CE32: =IF(CD32="","",CD32/$CD$9) -> 0.7082 | CH32: =IF(H32="","",IFERROR(H32*($H$9/100),"")) -> 40.2 | CI32: =IF(CH32="","",CH32/$CH$9) -> 0.804 | CL32: =IF(I32="","",IFERROR(I32*($I$9/100),"")) -> 40.55 | CM32: =IF(CL32="","",CL32/$CL$9) -> 0.811 | CW32: =IF(CV32="","",CV32/$CV$9) | CY32: =IF(CX32="","",CX32/$CX$9) | DD32: =IF(U32="","",IFERROR(U32*($U$9/100),"")) -> 37.75 | DE32: =IF(DD32="","",DD32/$DD$9) -> 0.755 | DF32: =IF(V32="","",IFERROR(V32*($V$9/100),"")) -> 46.5 | DG32: =IF(DF32="","",DF32/$DF$9) -> 0.93 | DX32: =IF(K32="","",IFERROR(K32*($K$9/100),"")) -> 35.41 | DY32: =IF(DX32="","",DX32/$DX$9) -> 0.7082 | ED32: =IF(L32="","",IFERROR(L32*($L$9/100),"")) -> 34.95 | EE32: =IF(ED32="","",ED32/$ED$9) -> 0.699 | EI32: =IF(EH32="","",EH32/$EH$9) | EK32: =IF(EJ32="","",EJ32/$EJ$9) | EM32: =IF(EL32="","",EL32/$EL$9) | EN32: =IF(N32="","",IFERROR(N32*($N$9/100),"")) -> 27.38 | EO32: =IF(EN32="","",EN32/$EN$9) -> 0.74 | ER32: =IF(O32="","",IFERROR(O32*($O$9/100),"")) -> 24.1197 | ES32: =IF(ER32="","",ER32/$ER$9) -> 0.7309 | ET32: =IF(P32="","",IFERROR(P32*($P$9/100),"")) -> 22.401 | EU32: =IF(ET32="","",ET32/$ET$9) -> 0.7467 | EY32: =IF(EX32="","",EX32/$EX$9) | FA32: =IF(EZ32="","",EZ32/$EZ$9) | FB32: =IF(X32="","",IFERROR(X32*($X$9/100),"")) -> 37.75 | FC32: =IF(FB32="","",FB32/$FB$9) -> 0.755 | FD32: =IF(Y32="","",IFERROR(Y32*($Y$9/100),"")) -> 46.5 | FE32: =IF(FD32="","",FD32/$FD$9) -> 0.93
A33: 23 | B33: 24.05.72.0003 | C33: AULIA CHICHI ANGGRAENI | D33: ='MK1-TM'!D41 -> 84.78 | E33: ='MK1-TM'!E41 -> 82.02 | F33: ='MK1-TM'!F41 -> 80.57 | G33: =IFERROR((D33*($D$9/100))+(E33*($E$9/100))+(F33*($F$9/100)),"") -> 82.1473 | H33: ='MK2-TO'!D41 -> 80.6 | I33: ='MK2-TO'!E41 -> 73.6 | J33: =IFERROR((H33*($H$9/100))+(I33*($I$9/100)),"") -> 77.1 | K33: ='MK3-PSTI'!D41 -> 82.59 | L33: ='MK3-PSTI'!E41 -> 75.61 | M33: =IFERROR((K33*($K$9/100))+(L33*($L$9/100)),"") -> 79.1 | N33: =IF('MK4-L&A'!D41="","",'MK4-L&A'!D41) -> 77.84 | O33: ='MK4-L&A'!E41 -> 77.58 | P33: ='MK4-L&A'!F41 -> 83.5 | Q33: =IFERROR((N33*($N$9/100))+(O33*($O$9/100))+(P33*($P$9/100)),"") -> 79.4522 | R33: ='MK5-BP'!D41 -> 81.4 | S33: ='MK5-BP'!E41 -> 81.4 | T33: =IFERROR((R33*($R$9/100))+(S33*($S$9/100)),"") -> 81.4 | U33: =IF('MK7-MBD'!D40="","",'MK7-MBD'!D40) -> 79 | V33: =IF('MK7-MBD'!E40="","",'MK7-MBD'!E40) -> 96.5 | W33: =IFERROR((U33*($R$9/100))+(V33*($S$9/100)),"") -> 87.75 | X33: =IF(MK8_BID!D41="","",MK8_BID!D41) -> 79 | Y33: ='MK7-MBD'!E40 -> 96.5 | Z33: =IFERROR((X33*($X$9/100))+(Y33*($Y$9/100)),"") -> 87.75 | BG33: =IF(BF33="","",BF33/$BF$9) | BI33: =IF(BH33="","",BH33/$BH$9) | BM33: =IF(BL33="","",BL33/$BL$9) | BN33: =IF(D33="","",IFERROR(D33*($D$9/100),"")) -> 19.4994 | BO33: =IF(BN33="","",BN33/$BN$9) -> 0.8478 | BQ33: =IF(BP33="","",BP33/$BP$9) | BR33: =IFERROR(IF(E33="","",IFERROR(E33*($E$9/100),"")),"") -> 34.4484 | BS33: =IF(BR33="","",BR33/$BR$9) -> 0.8202 | BT33: =IFERROR(IF(F33="","",IFERROR(F33*($F$9/100),"")),"") -> 28.1995 | BU33: =IF(BT33="","",BT33/$BT$9) -> 0.8057 | CB33: =IF(R33="","",IFERROR(R33*($R$9/100),"")) -> 40.7 | CC33: =IF(CB33="","",CB33/$CB$9) -> 0.814 | CD33: =IF(K33="","",IFERROR(K33*($K$9/100),"")) -> 41.295 | CE33: =IF(CD33="","",CD33/$CD$9) -> 0.8259 | CH33: =IF(H33="","",IFERROR(H33*($H$9/100),"")) -> 40.3 | CI33: =IF(CH33="","",CH33/$CH$9) -> 0.806 | CL33: =IF(I33="","",IFERROR(I33*($I$9/100),"")) -> 36.8 | CM33: =IF(CL33="","",CL33/$CL$9) -> 0.736 | DD33: =IF(U33="","",IFERROR(U33*($U$9/100),"")) -> 39.5 | DE33: =IF(DD33="","",DD33/$DD$9) -> 0.79 | DF33: =IF(V33="","",IFERROR(V33*($V$9/100),"")) -> 48.25 | DG33: =IF(DF33="","",DF33/$DF$9) -> 0.965 | DX33: =IF(K33="","",IFERROR(K33*($K$9/100),"")) -> 41.295 | DY33: =IF(DX33="","",DX33/$DX$9) -> 0.8259 | ED33: =IF(L33="","",IFERROR(L33*($L$9/100),"")) -> 37.805 | EE33: =IF(ED33="","",ED33/$ED$9) -> 0.7561 | EI33: =IF(EH33="","",EH33/$EH$9) | EN33: =IF(N33="","",IFERROR(N33*($N$9/100),"")) -> 28.8008 | EO33: =IF(EN33="","",EN33/$EN$9) -> 0.7784 | ER33: =IF(O33="","",IFERROR(O33*($O$9/100),"")) -> 25.6014 | ES33: =IF(ER33="","",ER33/$ER$9) -> 0.7758 | ET33: =IF(P33="","",IFERROR(P33*($P$9/100),"")) -> 25.05 | EU33: =IF(ET33="","",ET33/$ET$9) -> 0.835 | FB33: =IF(X33="","",IFERROR(X33*($X$9/100),"")) -> 39.5 | FC33: =IF(FB33="","",FB33/$FB$9) -> 0.79 | FD33: =IF(Y33="","",IFERROR(Y33*($Y$9/100),"")) -> 48.25 | FE33: =IF(FD33="","",FD33/$FD$9) -> 0.965
A34: 24 | B34: 24.05.72.0004 | C34: TAN, JANINA SHINE DESTINY | D34: ='MK1-TM'!D42 -> 73.91 | E34: ='MK1-TM'!E42 -> 69.52 | F34: ='MK1-TM'!F42 -> 74 | G34: =IFERROR((D34*($D$9/100))+(E34*($E$9/100))+(F34*($F$9/100)),"") -> 72.0977 | H34: ='MK2-TO'!D42 -> 70.9 | I34: ='MK2-TO'!E42 -> 70.9 | J34: =IFERROR((H34*($H$9/100))+(I34*($I$9/100)),"") -> 70.9 | K34: ='MK3-PSTI'!D42 -> 70.59 | L34: ='MK3-PSTI'!E42 -> 73.47 | M34: =IFERROR((K34*($K$9/100))+(L34*($L$9/100)),"") -> 72.03 | N34: =IF('MK4-L&A'!D42="","",'MK4-L&A'!D42) -> 70.27 | O34: ='MK4-L&A'!E42 -> 72.58 | P34: ='MK4-L&A'!F42 -> 66.83 | Q34: =IFERROR((N34*($N$9/100))+(O34*($O$9/100))+(P34*($P$9/100)),"") -> 70.0003 | R34: ='MK5-BP'!D42 -> 72.4 | S34: ='MK5-BP'!E42 -> 72.4 | T34: =IFERROR((R34*($R$9/100))+(S34*($S$9/100)),"") -> 72.4 | U34: =IF('MK7-MBD'!D41="","",'MK7-MBD'!D41) -> 65.9 | V34: =IF('MK7-MBD'!E41="","",'MK7-MBD'!E41) -> 83.4 | W34: =IFERROR((U34*($R$9/100))+(V34*($S$9/100)),"") -> 74.65 | X34: =IF(MK8_BID!D42="","",MK8_BID!D42) -> 65.9 | Y34: ='MK7-MBD'!E41 -> 83.4 | Z34: =IFERROR((X34*($X$9/100))+(Y34*($Y$9/100)),"") -> 74.65 | BG34: =IF(BF34="","",BF34/$BF$9) | BI34: =IF(BH34="","",BH34/$BH$9) | BM34: =IF(BL34="","",BL34/$BL$9) | BN34: =IF(D34="","",IFERROR(D34*($D$9/100),"")) -> 16.9993 | BO34: =IF(BN34="","",BN34/$BN$9) -> 0.7391 | BQ34: =IF(BP34="","",BP34/$BP$9) | BR34: =IFERROR(IF(E34="","",IFERROR(E34*($E$9/100),"")),"") -> 29.1984 | BS34: =IF(BR34="","",BR34/$BR$9) -> 0.6952 | BT34: =IFERROR(IF(F34="","",IFERROR(F34*($F$9/100),"")),"") -> 25.9 | BU34: =IF(BT34="","",BT34/$BT$9) -> 0.74 | CB34: =IF(R34="","",IFERROR(R34*($R$9/100),"")) -> 36.2 | CC34: =IF(CB34="","",CB34/$CB$9) -> 0.724 | CD34: =IF(K34="","",IFERROR(K34*($K$9/100),"")) -> 35.295 | CE34: =IF(CD34="","",CD34/$CD$9) -> 0.7059 | CH34: =IF(H34="","",IFERROR(H34*($H$9/100),"")) -> 35.45 | CI34: =IF(CH34="","",CH34/$CH$9) -> 0.709 | CL34: =IF(I34="","",IFERROR(I34*($I$9/100),"")) -> 35.45 | CM34: =IF(CL34="","",CL34/$CL$9) -> 0.709 | DD34: =IF(U34="","",IFERROR(U34*($U$9/100),"")) -> 32.95 | DE34: =IF(DD34="","",DD34/$DD$9) -> 0.659 | DF34: =IF(V34="","",IFERROR(V34*($V$9/100),"")) -> 41.7 | DG34: =IF(DF34="","",DF34/$DF$9) -> 0.834 | DX34: =IF(K34="","",IFERROR(K34*($K$9/100),"")) -> 35.295 | DY34: =IF(DX34="","",DX34/$DX$9) -> 0.7059 | ED34: =IF(L34="","",IFERROR(L34*($L$9/100),"")) -> 36.735 | EE34: =IF(ED34="","",ED34/$ED$9) -> 0.7347 | EI34: =IF(EH34="","",EH34/$EH$9) | EN34: =IF(N34="","",IFERROR(N34*($N$9/100),"")) -> 25.9999 | EO34: =IF(EN34="","",EN34/$EN$9) -> 0.7027 | ER34: =IF(O34="","",IFERROR(O34*($O$9/100),"")) -> 23.9514 | ES34: =IF(ER34="","",ER34/$ER$9) -> 0.7258 | ET34: =IF(P34="","",IFERROR(P34*($P$9/100),"")) -> 20.049 | EU34: =IF(ET34="","",ET34/$ET$9) -> 0.6683 | FB34: =IF(X34="","",IFERROR(X34*($X$9/100),"")) -> 32.95 | FC34: =IF(FB34="","",FB34/$FB$9) -> 0.659 | FD34: =IF(Y34="","",IFERROR(Y34*($Y$9/100),"")) -> 41.7 | FE34: =IF(FD34="","",FD34/$FD$9) -> 0.834
A35: 25 | B35: 24.05.52.3001 | C35: ROFIQ MUHANDANU FAISAL K | D35: ='MK1-TM'!D43 -> 78 | E35: ='MK1-TM'!E43 -> 62.24 | F35: ='MK1-TM'!F43 -> 39.2 | G35: =IFERROR((D35*($D$9/100))+(E35*($E$9/100))+(F35*($F$9/100)),"") -> 57.8008 | H35: ='MK2-TO'!D43 -> 85.2 | I35: ='MK2-TO'!E43 -> 83.7 | J35: =IFERROR((H35*($H$9/100))+(I35*($I$9/100)),"") -> 84.45 | K35: ='MK3-PSTI'!D43 -> 83.75 | L35: ='MK3-PSTI'!E43 -> 82.69 | M35: =IFERROR((K35*($K$9/100))+(L35*($L$9/100)),"") -> 83.22 | N35: =IF('MK4-L&A'!D43="","",'MK4-L&A'!D43) -> 48.92 | O35: ='MK4-L&A'!E43 -> 50.91 | P35: ='MK4-L&A'!F43 -> 55 | Q35: =IFERROR((N35*($N$9/100))+(O35*($O$9/100))+(P35*($P$9/100)),"") -> 51.4007 | R35: ='MK5-BP'!D43 -> 73 | S35: ='MK5-BP'!E43 -> 73 | T35: =IFERROR((R35*($R$9/100))+(S35*($S$9/100)),"") -> 73 | U35: =IF('MK7-MBD'!D42="","",'MK7-MBD'!D42) -> 75.65 | V35: =IF('MK7-MBD'!E42="","",'MK7-MBD'!E42) -> 75.65 | W35: =IFERROR((U35*($R$9/100))+(V35*($S$9/100)),"") -> 75.65 | X35: =IF(MK8_BID!D43="","",MK8_BID!D43) -> 75.65 | Y35: ='MK7-MBD'!E42 -> 75.65 | Z35: =IFERROR((X35*($X$9/100))+(Y35*($Y$9/100)),"") -> 75.65 | BG35: =IF(BF35="","",BF35/$BF$9) | BI35: =IF(BH35="","",BH35/$BH$9) | BM35: =IF(BL35="","",BL35/$BL$9) | BN35: =IF(D35="","",IFERROR(D35*($D$9/100),"")) -> 17.94 | BO35: =IF(BN35="","",BN35/$BN$9) -> 0.78 | BQ35: =IF(BP35="","",BP35/$BP$9) | BR35: =IFERROR(IF(E35="","",IFERROR(E35*($E$9/100),"")),"") -> 26.1408 | BS35: =IF(BR35="","",BR35/$BR$9) -> 0.6224 | BT35: =IFERROR(IF(F35="","",IFERROR(F35*($F$9/100),"")),"") -> 13.72 | BU35: =IF(BT35="","",BT35/$BT$9) -> 0.392 | CB35: =IF(R35="","",IFERROR(R35*($R$9/100),"")) -> 36.5 | CC35: =IF(CB35="","",CB35/$CB$9) -> 0.73 | CD35: =IF(K35="","",IFERROR(K35*($K$9/100),"")) -> 41.875 | CE35: =IF(CD35="","",CD35/$CD$9) -> 0.8375 | CH35: =IF(H35="","",IFERROR(H35*($H$9/100),"")) -> 42.6 | CI35: =IF(CH35="","",CH35/$CH$9) -> 0.852 | CL35: =IF(I35="","",IFERROR(I35*($I$9/100),"")) -> 41.85 | CM35: =IF(CL35="","",CL35/$CL$9) -> 0.837 | CW35: =IF(CV35="","",CV35/$CV$9) | CY35: =IF(CX35="","",CX35/$CX$9) | DD35: =IF(U35="","",IFERROR(U35*($U$9/100),"")) -> 37.825 | DE35: =IF(DD35="","",DD35/$DD$9) -> 0.7565 | DF35: =IF(V35="","",IFERROR(V35*($V$9/100),"")) -> 37.825 | DG35: =IF(DF35="","",DF35/$DF$9) -> 0.7565 | DX35: =IF(K35="","",IFERROR(K35*($K$9/100),"")) -> 41.875 | DY35: =IF(DX35="","",DX35/$DX$9) -> 0.8375 | ED35: =IF(L35="","",IFERROR(L35*($L$9/100),"")) -> 41.345 | EE35: =IF(ED35="","",ED35/$ED$9) -> 0.8269 | EI35: =IF(EH35="","",EH35/$EH$9) | EK35: =IF(EJ35="","",EJ35/$EJ$9) | EM35: =IF(EL35="","",EL35/$EL$9) | EN35: =IF(N35="","",IFERROR(N35*($N$9/100),"")) -> 18.1004 | EO35: =IF(EN35="","",EN35/$EN$9) -> 0.4892 | ER35: =IF(O35="","",IFERROR(O35*($O$9/100),"")) -> 16.8003 | ES35: =IF(ER35="","",ER35/$ER$9) -> 0.5091 | ET35: =IF(P35="","",IFERROR(P35*($P$9/100),"")) -> 16.5 | EU35: =IF(ET35="","",ET35/$ET$9) -> 0.55 | EY35: =IF(EX35="","",EX35/$EX$9) | FA35: =IF(EZ35="","",EZ35/$EZ$9) | FB35: =IF(X35="","",IFERROR(X35*($X$9/100),"")) -> 37.825 | FC35: =IF(FB35="","",FB35/$FB$9) -> 0.7565 | FD35: =IF(Y35="","",IFERROR(Y35*($Y$9/100),"")) -> 37.825 | FE35: =IF(FD35="","",FD35/$FD$9) -> 0.7565
A36: 26 | B36: 24.05.52.3002 | C36: AJENG SUKMA ANDRIYANI | D36: ='MK1-TM'!D44 -> 82.48 | E36: ='MK1-TM'!E44 -> 80.4 | F36: ='MK1-TM'!F44 -> 81.17 | G36: =IFERROR((D36*($D$9/100))+(E36*($E$9/100))+(F36*($F$9/100)),"") -> 81.1479 | H36: ='MK2-TO'!D44 -> 92 | I36: ='MK2-TO'!E44 -> 87.2 | J36: =IFERROR((H36*($H$9/100))+(I36*($I$9/100)),"") -> 89.6 | K36: ='MK3-PSTI'!D44 -> 90 | L36: ='MK3-PSTI'!E44 -> 82.69 | M36: =IFERROR((K36*($K$9/100))+(L36*($L$9/100)),"") -> 86.345 | N36: =IF('MK4-L&A'!D44="","",'MK4-L&A'!D44) -> 85.81 | O36: ='MK4-L&A'!E44 -> 86.36 | P36: ='MK4-L&A'!F44 -> 87.5 | Q36: =IFERROR((N36*($N$9/100))+(O36*($O$9/100))+(P36*($P$9/100)),"") -> 86.4985 | R36: ='MK5-BP'!D44 -> 83 | S36: ='MK5-BP'!E44 -> 73 | T36: =IFERROR((R36*($R$9/100))+(S36*($S$9/100)),"") -> 78 | U36: =IF('MK7-MBD'!D43="","",'MK7-MBD'!D43) -> 75.6 | V36: =IF('MK7-MBD'!E43="","",'MK7-MBD'!E43) -> 75.6 | W36: =IFERROR((U36*($R$9/100))+(V36*($S$9/100)),"") -> 75.6 | X36: =IF(MK8_BID!D44="","",MK8_BID!D44) -> 75.6 | Y36: ='MK7-MBD'!E43 -> 75.6 | Z36: =IFERROR((X36*($X$9/100))+(Y36*($Y$9/100)),"") -> 75.6 | AB36: =IFERROR((D36*($D$9/100)+H36*($H$9/100)+K36*($K$9/100)+U36*($U$9/100)),"") -> 147.7704 | AC36: =IFERROR(AB36/$AB$8*100,"") -> 68.730419 | AD36: =IFERROR((#REF!*(#REF!/100)),"") | AE36: =IFERROR(AD36/$AD$8*100,"") | AF36: =IFERROR((N36*($N$9/100)+R36*($R$9/100)),"") -> 73.2497 | AG36: =IFERROR(AF36/$AF$8*100,"") -> 84.195057 | AH36: =IFERROR((#REF!*(#REF!/100)),"") | AI36: =IFERROR(AH36/$AH$8*100,"") | AR36: =IFERROR((P36*($P$9/100)+S36*($S$9/100)),"") -> 62.75 | AS36: =IFERROR(AR36/$AR$8*100,"") -> 78.4375 | AT36: =IFERROR((X36*($X$9/100)+#REF!*(#REF!/100)+#REF!*(#REF!/100)),"") | AU36: =IFERROR(AT36/$AT$8*100,"") | AX36: =IFERROR((#REF!*(#REF!/100)+#REF!*(#REF!/100)+#REF!*(#REF!/100)),"") | AY36: =IFERROR(AX36/$AX$8*100,"") | AZ36: =IFERROR((F36*($F$9/100)+I36*($I$9/100)+L36*($L$9/100)+V36*($V$9/100)),"") -> 151.1545 | BA36: =IFERROR(AZ36/$AZ$8*100,"") -> 81.705135 | BB36: =IFERROR((#REF!*(#REF!/100)+#REF!*(#REF!/100)+#REF!*(#REF!/100)),"") | BC36: =IFERROR(BB36/$BB$8*100,"") | BG36: =IF(BF36="","",BF36/$BF$9) | BI36: =IF(BH36="","",BH36/$BH$9) | BM36: =IF(BL36="","",BL36/$BL$9) | BN36: =IF(D36="","",IFERROR(D36*($D$9/100),"")) -> 18.9704 | BO36: =IF(BN36="","",BN36/$BN$9) -> 0.8248 | BQ36: =IF(BP36="","",BP36/$BP$9) | BR36: =IFERROR(IF(E36="","",IFERROR(E36*($E$9/100),"")),"") -> 33.768 | BS36: =IF(BR36="","",BR36/$BR$9) -> 0.804 | BT36: =IFERROR(IF(F36="","",IFERROR(F36*($F$9/100),"")),"") -> 28.4095 | BU36: =IF(BT36="","",BT36/$BT$9) -> 0.8117 | BY36: =IF(BX36="","",BX36/$BX$9) | CB36: =IF(R36="","",IFERROR(R36*($R$9/100),"")) -> 41.5 | CC36: =IF(CB36="","",CB36/$CB$9) -> 0.83 | CD36: =IF(K36="","",IFERROR(K36*($K$9/100),"")) -> 45 | CE36: =IF(CD36="","",CD36/$CD$9) -> 0.9 | CH36: =IF(H36="","",IFERROR(H36*($H$9/100),"")) -> 46 | CI36: =IF(CH36="","",CH36/$CH$9) -> 0.92 | CL36: =IF(I36="","",IFERROR(I36*($I$9/100),"")) -> 43.6 | CM36: =IF(CL36="","",CL36/$CL$9) -> 0.872 | CW36: =IF(CV36="","",CV36/$CV$9) | CY36: =IF(CX36="","",CX36/$CX$9) | DD36: =IF(U36="","",IFERROR(U36*($U$9/100),"")) -> 37.8 | DE36: =IF(DD36="","",DD36/$DD$9) -> 0.756 | DF36: =IF(V36="","",IFERROR(V36*($V$9/100),"")) -> 37.8 | DG36: =IF(DF36="","",DF36/$DF$9) -> 0.756 | DX36: =IF(K36="","",IFERROR(K36*($K$9/100),"")) -> 45 | DY36: =IF(DX36="","",DX36/$DX$9) -> 0.9 | ED36: =IF(L36="","",IFERROR(L36*($L$9/100),"")) -> 41.345 | EE36: =IF(ED36="","",ED36/$ED$9) -> 0.8269 | EI36: =IF(EH36="","",EH36/$EH$9) | EK36: =IF(EJ36="","",EJ36/$EJ$9) | EM36: =IF(EL36="","",EL36/$EL$9) | EN36: =IF(N36="","",IFERROR(N36*($N$9/100),"")) -> 31.7497 | EO36: =IF(EN36="","",EN36/$EN$9) -> 0.8581 | ER36: =IF(O36="","",IFERROR(O36*($O$9/100),"")) -> 28.4988 | ES36: =IF(ER36="","",ER36/$ER$9) -> 0.8636 | ET36: =IF(P36="","",IFERROR(P36*($P$9/100),"")) -> 26.25 | EU36: =IF(ET36="","",ET36/$ET$9) -> 0.875 | EY36: =IF(EX36="","",EX36/$EX$9) | FA36: =IF(EZ36="","",EZ36/$EZ$9) | FB36: =IF(X36="","",IFERROR(X36*($X$9/100),"")) -> 37.8 | FC36: =IF(FB36="","",FB36/$FB$9) -> 0.756 | FD36: =IF(Y36="","",IFERROR(Y36*($Y$9/100),"")) -> 37.8 | FE36: =IF(FD36="","",FD36/$FD$9) -> 0.756 | FJ36: =IFERROR(IF(#REF!="","",IFERROR(#REF!*(#REF!/100),""))+IF(#REF!="","",IFERROR(#REF!*(#REF!/100),"")),"") | FK36: =IF(FJ36="","",FJ36/$FJ$9) | FL36: =IFERROR(IF(F36="","",IFERROR(F36*($F$9/100),""))+IF(I36="","",IFERROR(I36*($I$9/100),""))+IF(L36="","",IFERROR(L36*($L$9/100),""))+IF(V36="","",IFERROR(V36*($V$9/100),"")),"") -> 151.1545 | FM36: =IF(FL36="","",FL36/$FL$9) -> 0.81705135 | FP36: =IFERROR(IF(#REF!="","",IFERROR(#REF!*(#REF!/100),""))+IF(#REF!="","",IFERROR(#REF!*(#REF!/100),"")),"") | FQ36: =IF(FP36="","",FP36/$FP$9) | FR36: =IFERROR(IF(#REF!="","",IFERROR(#REF!*(#REF!/100),"")),"") | FS36: =IF(FR36="","",FR36/$FR$9) | FT36: =SUM(BF36:FR36) -> 746.57305 | FU36: =FT36/$FT$9 -> #REF!
A37: 27 | B37: 24.05.52.3003 | C37: MARETA SARI PURBANINGRUM | D37: ='MK1-TM'!D45 -> 92.26 | E37: ='MK1-TM'!E45 -> 89.45 | F37: ='MK1-TM'!F45 -> 84.6 | G37: =IFERROR((D37*($D$9/100))+(E37*($E$9/100))+(F37*($F$9/100)),"") -> 88.3988 | H37: ='MK2-TO'!D45 -> 92.7 | I37: ='MK2-TO'!E45 -> 86.5 | J37: =IFERROR((H37*($H$9/100))+(I37*($I$9/100)),"") -> 89.6 | K37: ='MK3-PSTI'!D45 -> 77.5 | L37: ='MK3-PSTI'!E45 -> 82.69 | M37: =IFERROR((K37*($K$9/100))+(L37*($L$9/100)),"") -> 80.095 | N37: =IF('MK4-L&A'!D45="","",'MK4-L&A'!D45) -> 84.86 | O37: ='MK4-L&A'!E45 -> 85.45 | P37: ='MK4-L&A'!F45 -> 86.67 | Q37: =IFERROR((N37*($N$9/100))+(O37*($O$9/100))+(P37*($P$9/100)),"") -> 85.5977 | R37: ='MK5-BP'!D45 -> 83 | S37: ='MK5-BP'!E45 -> 73 | T37: =IFERROR((R37*($R$9/100))+(S37*($S$9/100)),"") -> 78 | U37: =IF('MK7-MBD'!D44="","",'MK7-MBD'!D44) -> 83.05 | V37: =IF('MK7-MBD'!E44="","",'MK7-MBD'!E44) -> 83.05 | W37: =IFERROR((U37*($R$9/100))+(V37*($S$9/100)),"") -> 83.05 | X37: =IF(MK8_BID!D45="","",MK8_BID!D45) -> 83.05 | Y37: ='MK7-MBD'!E44 -> 83.05 | Z37: =IFERROR((X37*($X$9/100))+(Y37*($Y$9/100)),"") -> 83.05 | AB37: =IFERROR((D37*($D$9/100)+H37*($H$9/100)+K37*($K$9/100)+U37*($U$9/100)),"") -> 147.8448 | AC37: =IFERROR(AB37/$AB$8*100,"") -> 68.765023 | AD37: =IFERROR((#REF!*(#REF!/100)),"") | AE37: =IFERROR(AD37/$AD$8*100,"") | AF37: =IFERROR((N37*($N$9/100)+R37*($R$9/100)),"") -> 72.8982 | AG37: =IFERROR(AF37/$AF$8*100,"") -> 83.791034 | AH37: =IFERROR((#REF!*(#REF!/100)),"") | AI37: =IFERROR(AH37/$AH$8*100,"") | AR37: =IFERROR((P37*($P$9/100)+S37*($S$9/100)),"") -> 62.501 | AS37: =IFERROR(AR37/$AR$8*100,"") -> 78.12625 | AT37: =IFERROR((X37*($X$9/100)+#REF!*(#REF!/100)+#REF!*(#REF!/100)),"") | AU37: =IFERROR(AT37/$AT$8*100,"") | AX37: =IFERROR((#REF!*(#REF!/100)+#REF!*(#REF!/100)+#REF!*(#REF!/100)),"") | AY37: =IFERROR(AX37/$AX$8*100,"") | AZ37: =IFERROR((F37*($F$9/100)+I37*($I$9/100)+L37*($L$9/100)+V37*($V$9/100)),"") -> 155.73 | BA37: =IFERROR(AZ37/$AZ$8*100,"") -> 84.178378 | BB37: =IFERROR((#REF!*(#REF!/100)+#REF!*(#REF!/100)+#REF!*(#REF!/100)),"") | BC37: =IFERROR(BB37/$BB$8*100,"") | BG37: =IF(BF37="","",BF37/$BF$9) | BI37: =IF(BH37="","",BH37/$BH$9) | BM37: =IF(BL37="","",BL37/$BL$9) | BN37: =IF(D37="","",IFERROR(D37*($D$9/100),"")) -> 21.2198 | BO37: =IF(BN37="","",BN37/$BN$9) -> 0.9226 | BQ37: =IF(BP37="","",BP37/$BP$9) | BR37: =IFERROR(IF(E37="","",IFERROR(E37*($E$9/100),"")),"") -> 37.569 | BS37: =IF(BR37="","",BR37/$BR$9) -> 0.8945 | BT37: =IFERROR(IF(F37="","",IFERROR(F37*($F$9/100),"")),"") -> 29.61 | BU37: =IF(BT37="","",BT37/$BT$9) -> 0.846 | BY37: =IF(BX37="","",BX37/$BX$9) | CB37: =IF(R37="","",IFERROR(R37*($R$9/100),"")) -> 41.5 | CC37: =IF(CB37="","",CB37/$CB$9) -> 0.83 | CD37: =IF(K37="","",IFERROR(K37*($K$9/100),"")) -> 38.75 | CE37: =IF(CD37="","",CD37/$CD$9) -> 0.775 | CH37: =IF(H37="","",IFERROR(H37*($H$9/100),"")) -> 46.35 | CI37: =IF(CH37="","",CH37/$CH$9) -> 0.927 | CL37: =IF(I37="","",IFERROR(I37*($I$9/100),"")) -> 43.25 | CM37: =IF(CL37="","",CL37/$CL$9) -> 0.865 | CW37: =IF(CV37="","",CV37/$CV$9) | CY37: =IF(CX37="","",CX37/$CX$9) | DD37: =IF(U37="","",IFERROR(U37*($U$9/100),"")) -> 41.525 | DE37: =IF(DD37="","",DD37/$DD$9) -> 0.8305 | DF37: =IF(V37="","",IFERROR(V37*($V$9/100),"")) -> 41.525 | DG37: =IF(DF37="","",DF37/$DF$9) -> 0.8305 | DX37: =IF(K37="","",IFERROR(K37*($K$9/100),"")) -> 38.75 | DY37: =IF(DX37="","",DX37/$DX$9) -> 0.775 | ED37: =IF(L37="","",IFERROR(L37*($L$9/100),"")) -> 41.345 | EE37: =IF(ED37="","",ED37/$ED$9) -> 0.8269 | EI37: =IF(EH37="","",EH37/$EH$9) | EK37: =IF(EJ37="","",EJ37/$EJ$9) | EM37: =IF(EL37="","",EL37/$EL$9) | EN37: =IF(N37="","",IFERROR(N37*($N$9/100),"")) -> 31.3982 | EO37: =IF(EN37="","",EN37/$EN$9) -> 0.8486 | ER37: =IF(O37="","",IFERROR(O37*($O$9/100),"")) -> 28.1985 | ES37: =IF(ER37="","",ER37/$ER$9) -> 0.8545 | ET37: =IF(P37="","",IFERROR(P37*($P$9/100),"")) -> 26.001 | EU37: =IF(ET37="","",ET37/$ET$9) -> 0.8667 | EY37: =IF(EX37="","",EX37/$EX$9) | FA37: =IF(EZ37="","",EZ37/$EZ$9) | FB37: =IF(X37="","",IFERROR(X37*($X$9/100),"")) -> 41.525 | FC37: =IF(FB37="","",FB37/$FB$9) -> 0.8305 | FD37: =IF(Y37="","",IFERROR(Y37*($Y$9/100),"")) -> 41.525 | FE37: =IF(FD37="","",FD37/$FD$9) -> 0.8305 | FJ37: =IFERROR(IF(#REF!="","",IFERROR(#REF!*(#REF!/100),""))+IF(#REF!="","",IFERROR(#REF!*(#REF!/100),"")),"") | FK37: =IF(FJ37="","",FJ37/$FJ$9) | FL37: =IFERROR(IF(F37="","",IFERROR(F37*($F$9/100),""))+IF(I37="","",IFERROR(I37*($I$9/100),""))+IF(L37="","",IFERROR(L37*($L$9/100),""))+IF(V37="","",IFERROR(V37*($V$9/100),"")),"") -> 155.73 | FM37: =IF(FL37="","",FL37/$FL$9) -> 0.84178378 | FP37: =IFERROR(IF(#REF!="","",IFERROR(#REF!*(#REF!/100),""))+IF(#REF!="","",IFERROR(#REF!*(#REF!/100),"")),"") | FQ37: =IF(FP37="","",FP37/$FP$9) | FR37: =IFERROR(IF(#REF!="","",IFERROR(#REF!*(#REF!/100),"")),"") | FS37: =IF(FR37="","",FR37/$FR$9) | FT37: =SUM(BF37:FR37) -> 760.16708 | FU37: =FT37/$FT$9 -> #REF!
A38: 28 | B38: 24.05.52.3004 | C38: ARFIANI ARIFAH | D38: ='MK1-TM'!D46 -> 70.96 | E38: ='MK1-TM'!E46 -> 74.33 | F38: ='MK1-TM'!F46 -> 88.17 | G38: =IFERROR((D38*($D$9/100))+(E38*($E$9/100))+(F38*($F$9/100)),"") -> 78.3989 | H38: ='MK2-TO'!D46 -> 85.8 | I38: ='MK2-TO'!E46 -> 82.8 | J38: =IFERROR((H38*($H$9/100))+(I38*($I$9/100)),"") -> 84.3 | K38: ='MK3-PSTI'!D46 -> 90 | L38: ='MK3-PSTI'!E46 -> 82.69 | M38: =IFERROR((K38*($K$9/100))+(L38*($L$9/100)),"") -> 86.345 | N38: =IF('MK4-L&A'!D46="","",'MK4-L&A'!D46) -> 86.76 | O38: ='MK4-L&A'!E46 -> 87.27 | P38: ='MK4-L&A'!F46 -> 88.33 | Q38: =IFERROR((N38*($N$9/100))+(O38*($O$9/100))+(P38*($P$9/100)),"") -> 87.3993 | R38: ='MK5-BP'!D46 -> 83 | S38: ='MK5-BP'!E46 -> 73 | T38: =IFERROR((R38*($R$9/100))+(S38*($S$9/100)),"") -> 78 | U38: =IF('MK7-MBD'!D45="","",'MK7-MBD'!D45) -> 80.6 | V38: =IF('MK7-MBD'!E45="","",'MK7-MBD'!E45) -> 80.6 | W38: =IFERROR((U38*($R$9/100))+(V38*($S$9/100)),"") -> 80.6 | X38: =IF(MK8_BID!D46="","",MK8_BID!D46) -> 80.6 | Y38: ='MK7-MBD'!E45 -> 80.6 | Z38: =IFERROR((X38*($X$9/100))+(Y38*($Y$9/100)),"") -> 80.6 | AB38: =IFERROR((D38*($D$9/100)+H38*($H$9/100)+K38*($K$9/100)+U38*($U$9/100)),"") -> 144.5208 | AC38: =IFERROR(AB38/$AB$8*100,"") -> 67.218977 | AD38: =IFERROR((#REF!*(#REF!/100)),"") | AE38: =IFERROR(AD38/$AD$8*100,"") | AF38: =IFERROR((N38*($N$9/100)+R38*($R$9/100)),"") -> 73.6012 | AG38: =IFERROR(AF38/$AF$8*100,"") -> 84.59908 | AH38: =IFERROR((#REF!*(#REF!/100)),"") | AI38: =IFERROR(AH38/$AH$8*100,"") | AR38: =IFERROR((P38*($P$9/100)+S38*($S$9/100)),"") -> 62.999 | AS38: =IFERROR(AR38/$AR$8*100,"") -> 78.74875 | AT38: =IFERROR((X38*($X$9/100)+#REF!*(#REF!/100)+#REF!*(#REF!/100)),"") | AU38: =IFERROR(AT38/$AT$8*100,"") | AX38: =IFERROR((#REF!*(#REF!/100)+#REF!*(#REF!/100)+#REF!*(#REF!/100)),"") | AY38: =IFERROR(AX38/$AX$8*100,"") | AZ38: =IFERROR((F38*($F$9/100)+I38*($I$9/100)+L38*($L$9/100)+V38*($V$9/100)),"") -> 153.9045 | BA38: =IFERROR(AZ38/$AZ$8*100,"") -> 83.191622 | BB38: =IFERROR((#REF!*(#REF!/100)+#REF!*(#REF!/100)+#REF!*(#REF!/100)),"") | BC38: =IFERROR(BB38/$BB$8*100,"") | BG38: =IF(BF38="","",BF38/$BF$9) | BI38: =IF(BH38="","",BH38/$BH$9) | BM38: =IF(BL38="","",BL38/$BL$9) | BN38: =IF(D38="","",IFERROR(D38*($D$9/100),"")) -> 16.3208 | BO38: =IF(BN38="","",BN38/$BN$9) -> 0.7096 | BQ38: =IF(BP38="","",BP38/$BP$9) | BR38: =IFERROR(IF(E38="","",IFERROR(E38*($E$9/100),"")),"") -> 31.2186 | BS38: =IF(BR38="","",BR38/$BR$9) -> 0.7433 | BT38: =IFERROR(IF(F38="","",IFERROR(F38*($F$9/100),"")),"") -> 30.8595 | BU38: =IF(BT38="","",BT38/$BT$9) -> 0.8817 | BY38: =IF(BX38="","",BX38/$BX$9) | CB38: =IF(R38="","",IFERROR(R38*($R$9/100),"")) -> 41.5 | CC38: =IF(CB38="","",CB38/$CB$9) -> 0.83 | CD38: =IF(K38="","",IFERROR(K38*($K$9/100),"")) -> 45 | CE38: =IF(CD38="","",CD38/$CD$9) -> 0.9 | CH38: =IF(H38="","",IFERROR(H38*($H$9/100),"")) -> 42.9 | CI38: =IF(CH38="","",CH38/$CH$9) -> 0.858 | CL38: =IF(I38="","",IFERROR(I38*($I$9/100),"")) -> 41.4 | CM38: =IF(CL38="","",CL38/$CL$9) -> 0.828 | CW38: =IF(CV38="","",CV38/$CV$9) | CY38: =IF(CX38="","",CX38/$CX$9) | DD38: =IF(U38="","",IFERROR(U38*($U$9/100),"")) -> 40.3 | DE38: =IF(DD38="","",DD38/$DD$9) -> 0.806 | DF38: =IF(V38="","",IFERROR(V38*($V$9/100),"")) -> 40.3 | DG38: =IF(DF38="","",DF38/$DF$9) -> 0.806 | DX38: =IF(K38="","",IFERROR(K38*($K$9/100),"")) -> 45 | DY38: =IF(DX38="","",DX38/$DX$9) -> 0.9 | ED38: =IF(L38="","",IFERROR(L38*($L$9/100),"")) -> 41.345 | EE38: =IF(ED38="","",ED38/$ED$9) -> 0.8269 | EI38: =IF(EH38="","",EH38/$EH$9) | EK38: =IF(EJ38="","",EJ38/$EJ$9) | EM38: =IF(EL38="","",EL38/$EL$9) | EN38: =IF(N38="","",IFERROR(N38*($N$9/100),"")) -> 32.1012 | EO38: =IF(EN38="","",EN38/$EN$9) -> 0.8676 | ER38: =IF(O38="","",IFERROR(O38*($O$9/100),"")) -> 28.7991 | ES38: =IF(ER38="","",ER38/$ER$9) -> 0.8727 | ET38: =IF(P38="","",IFERROR(P38*($P$9/100),"")) -> 26.499 | EU38: =IF(ET38="","",ET38/$ET$9) -> 0.8833 | EY38: =IF(EX38="","",EX38/$EX$9) | FA38: =IF(EZ38="","",EZ38/$EZ$9) | FB38: =IF(X38="","",IFERROR(X38*($X$9/100),"")) -> 40.3 | FC38: =IF(FB38="","",FB38/$FB$9) -> 0.806 | FD38: =IF(Y38="","",IFERROR(Y38*($Y$9/100),"")) -> 40.3 | FE38: =IF(FD38="","",FD38/$FD$9) -> 0.806 | FJ38: =IFERROR(IF(#REF!="","",IFERROR(#REF!*(#REF!/100),""))+IF(#REF!="","",IFERROR(#REF!*(#REF!/100),"")),"") | FK38: =IF(FJ38="","",FJ38/$FJ$9) | FL38: =IFERROR(IF(F38="","",IFERROR(F38*($F$9/100),""))+IF(I38="","",IFERROR(I38*($I$9/100),""))+IF(L38="","",IFERROR(L38*($L$9/100),""))+IF(V38="","",IFERROR(V38*($V$9/100),"")),"") -> 153.9045 | FM38: =IF(FL38="","",FL38/$FL$9) -> 0.83191622 | FP38: =IFERROR(IF(#REF!="","",IFERROR(#REF!*(#REF!/100),""))+IF(#REF!="","",IFERROR(#REF!*(#REF!/100),"")),"") | FQ38: =IF(FP38="","",FP38/$FP$9) | FR38: =IFERROR(IF(#REF!="","",IFERROR(#REF!*(#REF!/100),"")),"") | FS38: =IF(FR38="","",FR38/$FR$9) | FT38: =SUM(BF38:FR38) -> 752.20472 | FU38: =FT38/$FT$9 -> #REF!
A39: 29 | B39: 24.05.52.3006 | C39: FELICITAS DIVA RAHAYUNINGSIH N | D39: ='MK1-TM'!D47 -> 78.7 | E39: ='MK1-TM'!E47 -> 80.12 | F39: ='MK1-TM'!F47 -> 85.71 | G39: =IFERROR((D39*($D$9/100))+(E39*($E$9/100))+(F39*($F$9/100)),"") -> 81.7499 | H39: ='MK2-TO'!D47 -> 90.6 | I39: ='MK2-TO'!E47 -> 85.7 | J39: =IFERROR((H39*($H$9/100))+(I39*($I$9/100)),"") -> 88.15 | K39: ='MK3-PSTI'!D48 -> 90 | L39: ='MK3-PSTI'!E48 -> 82.69 | M39: =IFERROR((K39*($K$9/100))+(L39*($L$9/100)),"") -> 86.345 | N39: =IF('MK4-L&A'!D47="","",'MK4-L&A'!D47) -> 82.03 | O39: ='MK4-L&A'!E47 -> 82.73 | P39: ='MK4-L&A'!F47 -> 84.17 | Q39: =IFERROR((N39*($N$9/100))+(O39*($O$9/100))+(P39*($P$9/100)),"") -> 82.903 | R39: ='MK5-BP'!D48 -> 93 | S39: ='MK5-BP'!E48 -> 83 | T39: =IFERROR((R39*($R$9/100))+(S39*($S$9/100)),"") -> 88 | U39: =IF('MK7-MBD'!D46="","",'MK7-MBD'!D46) -> 81.9 | V39: =IF('MK7-MBD'!E46="","",'MK7-MBD'!E46) -> 81.9 | W39: =IFERROR((U39*($R$9/100))+(V39*($S$9/100)),"") -> 81.9 | X39: =IF(MK8_BID!D48="","",MK8_BID!D48) -> 86.3 | Y39: ='MK7-MBD'!E46 -> 81.9 | Z39: =IFERROR((X39*($X$9/100))+(Y39*($Y$9/100)),"") -> 84.1 | AB39: =IFERROR((D39*($D$9/100)+H39*($H$9/100)+K39*($K$9/100)+U39*($U$9/100)),"") -> 149.351 | AC39: =IFERROR(AB39/$AB$8*100,"") -> 69.465581 | AD39: =IFERROR((#REF!*(#REF!/100)),"") | AE39: =IFERROR(AD39/$AD$8*100,"") | AF39: =IFERROR((N39*($N$9/100)+R39*($R$9/100)),"") -> 76.8511 | AG39: =IFERROR(AF39/$AF$8*100,"") -> 88.334598 | AH39: =IFERROR((#REF!*(#REF!/100)),"") | AI39: =IFERROR(AH39/$AH$8*100,"") | AR39: =IFERROR((P39*($P$9/100)+S39*($S$9/100)),"") -> 66.751 | AS39: =IFERROR(AR39/$AR$8*100,"") -> 83.43875 | AT39: =IFERROR((X39*($X$9/100)+#REF!*(#REF!/100)+#REF!*(#REF!/100)),"") | AU39: =IFERROR(AT39/$AT$8*100,"") | AX39: =IFERROR((#REF!*(#REF!/100)+#REF!*(#REF!/100)+#REF!*(#REF!/100)),"") | AY39: =IFERROR(AX39/$AX$8*100,"") | AZ39: =IFERROR((F39*($F$9/100)+I39*($I$9/100)+L39*($L$9/100)+V39*($V$9/100)),"") -> 155.1435 | BA39: =IFERROR(AZ39/$AZ$8*100,"") -> 83.861351 | BB39: =IFERROR((#REF!*(#REF!/100)+#REF!*(#REF!/100)+#REF!*(#REF!/100)),"") | BC39: =IFERROR(BB39/$BB$8*100,"") | BG39: =IF(BF39="","",BF39/$BF$9) | BI39: =IF(BH39="","",BH39/$BH$9) | BM39: =IF(BL39="","",BL39/$BL$9) | BN39: =IF(D39="","",IFERROR(D39*($D$9/100),"")) -> 18.101 | BO39: =IF(BN39="","",BN39/$BN$9) -> 0.787 | BQ39: =IF(BP39="","",BP39/$BP$9) | BR39: =IFERROR(IF(E39="","",IFERROR(E39*($E$9/100),"")),"") -> 33.6504 | BS39: =IF(BR39="","",BR39/$BR$9) -> 0.8012 | BT39: =IFERROR(IF(F39="","",IFERROR(F39*($F$9/100),"")),"") -> 29.9985 | BU39: =IF(BT39="","",BT39/$BT$9) -> 0.8571 | BY39: =IF(BX39="","",BX39/$BX$9) | CB39: =IF(R39="","",IFERROR(R39*($R$9/100),"")) -> 46.5 | CC39: =IF(CB39="","",CB39/$CB$9) -> 0.93 | CD39: =IF(K39="","",IFERROR(K39*($K$9/100),"")) -> 45 | CE39: =IF(CD39="","",CD39/$CD$9) -> 0.9 | CH39: =IF(H39="","",IFERROR(H39*($H$9/100),"")) -> 45.3 | CI39: =IF(CH39="","",CH39/$CH$9) -> 0.906 | CL39: =IF(I39="","",IFERROR(I39*($I$9/100),"")) -> 42.85 | CM39: =IF(CL39="","",CL39/$CL$9) -> 0.857 | CW39: =IF(CV39="","",CV39/$CV$9) | CY39: =IF(CX39="","",CX39/$CX$9) | DD39: =IF(U39="","",IFERROR(U39*($U$9/100),"")) -> 40.95 | DE39: =IF(DD39="","",DD39/$DD$9) -> 0.819 | DF39: =IF(V39="","",IFERROR(V39*($V$9/100),"")) -> 40.95 | DG39: =IF(DF39="","",DF39/$DF$9) -> 0.819 | DX39: =IF(K39="","",IFERROR(K39*($K$9/100),"")) -> 45 | DY39: =IF(DX39="","",DX39/$DX$9) -> 0.9 | ED39: =IF(L39="","",IFERROR(L39*($L$9/100),"")) -> 41.345 | EE39: =IF(ED39="","",ED39/$ED$9) -> 0.8269 | EI39: =IF(EH39="","",EH39/$EH$9) | EK39: =IF(EJ39="","",EJ39/$EJ$9) | EM39: =IF(EL39="","",EL39/$EL$9) | EN39: =IF(N39="","",IFERROR(N39*($N$9/100),"")) -> 30.3511 | EO39: =IF(EN39="","",EN39/$EN$9) -> 0.8203 | ER39: =IF(O39="","",IFERROR(O39*($O$9/100),"")) -> 27.3009 | ES39: =IF(ER39="","",ER39/$ER$9) -> 0.8273 | ET39: =IF(P39="","",IFERROR(P39*($P$9/100),"")) -> 25.251 | EU39: =IF(ET39="","",ET39/$ET$9) -> 0.8417 | EY39: =IF(EX39="","",EX39/$EX$9) | FA39: =IF(EZ39="","",EZ39/$EZ$9) | FB39: =IF(X39="","",IFERROR(X39*($X$9/100),"")) -> 43.15 | FC39: =IF(FB39="","",FB39/$FB$9) -> 0.863 | FD39: =IF(Y39="","",IFERROR(Y39*($Y$9/100),"")) -> 40.95 | FE39: =IF(FD39="","",FD39/$FD$9) -> 0.819 | FJ39: =IFERROR(IF(#REF!="","",IFERROR(#REF!*(#REF!/100),""))+IF(#REF!="","",IFERROR(#REF!*(#REF!/100),"")),"") | FK39: =IF(FJ39="","",FJ39/$FJ$9) | FL39: =IFERROR(IF(F39="","",IFERROR(F39*($F$9/100),""))+IF(I39="","",IFERROR(I39*($I$9/100),""))+IF(L39="","",IFERROR(L39*($L$9/100),""))+IF(V39="","",IFERROR(V39*($V$9/100),"")),"") -> 155.1435 | FM39: =IF(FL39="","",FL39/$FL$9) -> 0.83861351 | FP39: =IFERROR(IF(#REF!="","",IFERROR(#REF!*(#REF!/100),""))+IF(#REF!="","",IFERROR(#REF!*(#REF!/100),"")),"") | FQ39: =IF(FP39="","",FP39/$FP$9) | FR39: =IFERROR(IF(#REF!="","",IFERROR(#REF!*(#REF!/100),"")),"") | FS39: =IF(FR39="","",FR39/$FR$9) | FT39: =SUM(BF39:FR39) -> 766.20451 | FU39: =FT39/$FT$9 -> #REF!
A40: 30 | B40: 24.05.52.3008 | C40: GRACIELLA NATHANIA KUSUMADEWI | D40: ='MK1-TM'!D48 -> 95.43 | E40: ='MK1-TM'!E48 -> 95.71 | F40: ='MK1-TM'!F48 -> 98.29 | G40: =IFERROR((D40*($D$9/100))+(E40*($E$9/100))+(F40*($F$9/100)),"") -> 96.5486 | H40: ='MK2-TO'!D48 -> 92.7 | I40: ='MK2-TO'!E48 -> 89.2 | J40: =IFERROR((H40*($H$9/100))+(I40*($I$9/100)),"") -> 90.95 | K40: ='MK3-PSTI'!D49 -> 90 | L40: ='MK3-PSTI'!E49 -> 82.69 | M40: =IFERROR((K40*($K$9/100))+(L40*($L$9/100)),"") -> 86.345 | N40: =IF('MK4-L&A'!D48="","",'MK4-L&A'!D48) -> 86.76 | O40: ='MK4-L&A'!E48 -> 87.27 | P40: ='MK4-L&A'!F48 -> 88.33 | Q40: =IFERROR((N40*($N$9/100))+(O40*($O$9/100))+(P40*($P$9/100)),"") -> 87.3993 | R40: ='MK5-BP'!D49 -> 83 | S40: ='MK5-BP'!E49 -> 73 | T40: =IFERROR((R40*($R$9/100))+(S40*($S$9/100)),"") -> 78 | U40: =IF('MK7-MBD'!D47="","",'MK7-MBD'!D47) -> 86.3 | V40: =IF('MK7-MBD'!E47="","",'MK7-MBD'!E47) -> 86.3 | W40: =IFERROR((U40*($R$9/100))+(V40*($S$9/100)),"") -> 86.3 | X40: =IF(MK8_BID!D49="","",MK8_BID!D49) -> 79 | Y40: ='MK7-MBD'!E47 -> 86.3 | Z40: =IFERROR((X40*($X$9/100))+(Y40*($Y$9/100)),"") -> 82.65 | AB40: =IFERROR((D40*($D$9/100)+H40*($H$9/100)+K40*($K$9/100)+U40*($U$9/100)),"") -> 156.4489 | AC40: =IFERROR(AB40/$AB$8*100,"") -> 72.76693 | AD40: =IFERROR((#REF!*(#REF!/100)),"") | AE40: =IFERROR(AD40/$AD$8*100,"") | AF40: =IFERROR((N40*($N$9/100)+R40*($R$9/100)),"") -> 73.6012 | AG40: =IFERROR(AF40/$AF$8*100,"") -> 84.59908 | AH40: =IFERROR((#REF!*(#REF!/100)),"") | AI40: =IFERROR(AH40/$AH$8*100,"") | AR40: =IFERROR((P40*($P$9/100)+S40*($S$9/100)),"") -> 62.999 | AS40: =IFERROR(AR40/$AR$8*100,"") -> 78.74875 | AT40: =IFERROR((X40*($X$9/100)+#REF!*(#REF!/100)+#REF!*(#REF!/100)),"") | AU40: =IFERROR(AT40/$AT$8*100,"") | AX40: =IFERROR((#REF!*(#REF!/100)+#REF!*(#REF!/100)+#REF!*(#REF!/100)),"") | AY40: =IFERROR(AX40/$AX$8*100,"") | AZ40: =IFERROR((F40*($F$9/100)+I40*($I$9/100)+L40*($L$9/100)+V40*($V$9/100)),"") -> 163.4965 | BA40: =IFERROR(AZ40/$AZ$8*100,"") -> 88.376486 | BB40: =IFERROR((#REF!*(#REF!/100)+#REF!*(#REF!/100)+#REF!*(#REF!/100)),"") | BC40: =IFERROR(BB40/$BB$8*100,"") | BG40: =IF(BF40="","",BF40/$BF$9) | BI40: =IF(BH40="","",BH40/$BH$9) | BM40: =IF(BL40="","",BL40/$BL$9) | BN40: =IF(D40="","",IFERROR(D40*($D$9/100),"")) -> 21.9489 | BO40: =IF(BN40="","",BN40/$BN$9) -> 0.9543 | BQ40: =IF(BP40="","",BP40/$BP$9) | BR40: =IFERROR(IF(E40="","",IFERROR(E40*($E$9/100),"")),"") -> 40.1982 | BS40: =IF(BR40="","",BR40/$BR$9) -> 0.9571 | BT40: =IFERROR(IF(F40="","",IFERROR(F40*($F$9/100),"")),"") -> 34.4015 | BU40: =IF(BT40="","",BT40/$BT$9) -> 0.9829 | BY40: =IF(BX40="","",BX40/$BX$9) | CB40: =IF(R40="","",IFERROR(R40*($R$9/100),"")) -> 41.5 | CC40: =IF(CB40="","",CB40/$CB$9) -> 0.83 | CD40: =IF(K40="","",IFERROR(K40*($K$9/100),"")) -> 45 | CE40: =IF(CD40="","",CD40/$CD$9) -> 0.9 | CH40: =IF(H40="","",IFERROR(H40*($H$9/100),"")) -> 46.35 | CI40: =IF(CH40="","",CH40/$CH$9) -> 0.927 | CL40: =IF(I40="","",IFERROR(I40*($I$9/100),"")) -> 44.6 | CM40: =IF(CL40="","",CL40/$CL$9) -> 0.892 | CW40: =IF(CV40="","",CV40/$CV$9) | CY40: =IF(CX40="","",CX40/$CX$9) | DD40: =IF(U40="","",IFERROR(U40*($U$9/100),"")) -> 43.15 | DE40: =IF(DD40="","",DD40/$DD$9) -> 0.863 | DF40: =IF(V40="","",IFERROR(V40*($V$9/100),"")) -> 43.15 | DG40: =IF(DF40="","",DF40/$DF$9) -> 0.863 | DX40: =IF(K40="","",IFERROR(K40*($K$9/100),"")) -> 45 | DY40: =IF(DX40="","",DX40/$DX$9) -> 0.9 | ED40: =IF(L40="","",IFERROR(L40*($L$9/100),"")) -> 41.345 | EE40: =IF(ED40="","",ED40/$ED$9) -> 0.8269 | EI40: =IF(EH40="","",EH40/$EH$9) | EK40: =IF(EJ40="","",EJ40/$EJ$9) | EM40: =IF(EL40="","",EL40/$EL$9) | EN40: =IF(N40="","",IFERROR(N40*($N$9/100),"")) -> 32.1012 | EO40: =IF(EN40="","",EN40/$EN$9) -> 0.8676 | ER40: =IF(O40="","",IFERROR(O40*($O$9/100),"")) -> 28.7991 | ES40: =IF(ER40="","",ER40/$ER$9) -> 0.8727 | ET40: =IF(P40="","",IFERROR(P40*($P$9/100),"")) -> 26.499 | EU40: =IF(ET40="","",ET40/$ET$9) -> 0.8833 | EY40: =IF(EX40="","",EX40/$EX$9) | FA40: =IF(EZ40="","",EZ40/$EZ$9) | FB40: =IF(X40="","",IFERROR(X40*($X$9/100),"")) -> 39.5 | FC40: =IF(FB40="","",FB40/$FB$9) -> 0.79 | FD40: =IF(Y40="","",IFERROR(Y40*($Y$9/100),"")) -> 43.15 | FE40: =IF(FD40="","",FD40/$FD$9) -> 0.863 | FJ40: =IFERROR(IF(#REF!="","",IFERROR(#REF!*(#REF!/100),""))+IF(#REF!="","",IFERROR(#REF!*(#REF!/100),"")),"") | FK40: =IF(FJ40="","",FJ40/$FJ$9) | FL40: =IFERROR(IF(F40="","",IFERROR(F40*($F$9/100),""))+IF(I40="","",IFERROR(I40*($I$9/100),""))+IF(L40="","",IFERROR(L40*($L$9/100),""))+IF(V40="","",IFERROR(V40*($V$9/100),"")),"") -> 163.4965 | FM40: =IF(FL40="","",FL40/$FL$9) -> 0.88376486 | FP40: =IFERROR(IF(#REF!="","",IFERROR(#REF!*(#REF!/100),""))+IF(#REF!="","",IFERROR(#REF!*(#REF!/100),"")),"") | FQ40: =IF(FP40="","",FP40/$FP$9) | FR40: =IFERROR(IF(#REF!="","",IFERROR(#REF!*(#REF!/100),"")),"") | FS40: =IF(FR40="","",FR40/$FR$9) | FT40: =SUM(BF40:FR40) -> 795.24596 | FU40: =FT40/$FT$9 -> #REF!
A41: 31 | B41: 24.05.52.3009 | C41: DEBY KARUNIA ANGGRAENI | D41: ='MK1-TM'!D49 -> 88.48 | E41: ='MK1-TM'!E49 -> 86.31 | F41: ='MK1-TM'!F49 -> 84.86 | G41: =IFERROR((D41*($D$9/100))+(E41*($E$9/100))+(F41*($F$9/100)),"") -> 86.3016 | H41: ='MK2-TO'!D49 -> 91.9 | I41: ='MK2-TO'!E49 -> 92.1 | J41: =IFERROR((H41*($H$9/100))+(I41*($I$9/100)),"") -> 92 | K41: ='MK3-PSTI'!D50 -> 90 | L41: ='MK3-PSTI'!E50 -> 82.05 | M41: =IFERROR((K41*($K$9/100))+(L41*($L$9/100)),"") -> 86.025 | N41: =IF('MK4-L&A'!D49="","",'MK4-L&A'!D49) -> 85.81 | O41: ='MK4-L&A'!E49 -> 86.36 | P41: ='MK4-L&A'!F49 -> 87.5 | Q41: =IFERROR((N41*($N$9/100))+(O41*($O$9/100))+(P41*($P$9/100)),"") -> 86.4985 | R41: ='MK5-BP'!D50 -> 83 | S41: ='MK5-BP'!E50 -> 73 | T41: =IFERROR((R41*($R$9/100))+(S41*($S$9/100)),"") -> 78 | U41: =IF('MK7-MBD'!D48="","",'MK7-MBD'!D48) -> 79 | V41: =IF('MK7-MBD'!E48="","",'MK7-MBD'!E48) -> 79 | W41: =IFERROR((U41*($R$9/100))+(V41*($S$9/100)),"") -> 79 | X41: =IF(MK8_BID!D50="","",MK8_BID!D50) -> 79.2 | Y41: ='MK7-MBD'!E48 -> 79 | Z41: =IFERROR((X41*($X$9/100))+(Y41*($Y$9/100)),"") -> 79.1 | AB41: =IFERROR((D41*($D$9/100)+H41*($H$9/100)+K41*($K$9/100)+U41*($U$9/100)),"") -> 150.8004 | AC41: =IFERROR(AB41/$AB$8*100,"") -> 70.139721 | AD41: =IFERROR((#REF!*(#REF!/100)),"") | AE41: =IFERROR(AD41/$AD$8*100,"") | AF41: =IFERROR((N41*($N$9/100)+R41*($R$9/100)),"") -> 73.2497 | AG41: =IFERROR(AF41/$AF$8*100,"") -> 84.195057 | AH41: =IFERROR((#REF!*(#REF!/100)),"") | AI41: =IFERROR(AH41/$AH$8*100,"") | AR41: =IFERROR((P41*($P$9/100)+S41*($S$9/100)),"") -> 62.75 | AS41: =IFERROR(AR41/$AR$8*100,"") -> 78.4375 | AT41: =IFERROR((X41*($X$9/100)+#REF!*(#REF!/100)+#REF!*(#REF!/100)),"") | AU41: =IFERROR(AT41/$AT$8*100,"") | AX41: =IFERROR((#REF!*(#REF!/100)+#REF!*(#REF!/100)+#REF!*(#REF!/100)),"") | AY41: =IFERROR(AX41/$AX$8*100,"") | AZ41: =IFERROR((F41*($F$9/100)+I41*($I$9/100)+L41*($L$9/100)+V41*($V$9/100)),"") -> 156.276 | BA41: =IFERROR(AZ41/$AZ$8*100,"") -> 84.473514 | BB41: =IFERROR((#REF!*(#REF!/100)+#REF!*(#REF!/100)+#REF!*(#REF!/100)),"") | BC41: =IFERROR(BB41/$BB$8*100,"") | BG41: =IF(BF41="","",BF41/$BF$9) | BI41: =IF(BH41="","",BH41/$BH$9) | BM41: =IF(BL41="","",BL41/$BL$9) | BN41: =IF(D41="","",IFERROR(D41*($D$9/100),"")) -> 20.3504 | BO41: =IF(BN41="","",BN41/$BN$9) -> 0.8848 | BQ41: =IF(BP41="","",BP41/$BP$9) | BR41: =IFERROR(IF(E41="","",IFERROR(E41*($E$9/100),"")),"") -> 36.2502 | BS41: =IF(BR41="","",BR41/$BR$9) -> 0.8631 | BT41: =IFERROR(IF(F41="","",IFERROR(F41*($F$9/100),"")),"") -> 29.701 | BU41: =IF(BT41="","",BT41/$BT$9) -> 0.8486 | BY41: =IF(BX41="","",BX41/$BX$9) | CB41: =IF(R41="","",IFERROR(R41*($R$9/100),"")) -> 41.5 | CC41: =IF(CB41="","",CB41/$CB$9) -> 0.83 | CD41: =IF(K41="","",IFERROR(K41*($K$9/100),"")) -> 45 | CE41: =IF(CD41="","",CD41/$CD$9) -> 0.9 | CH41: =IF(H41="","",IFERROR(H41*($H$9/100),"")) -> 45.95 | CI41: =IF(CH41="","",CH41/$CH$9) -> 0.919 | CL41: =IF(I41="","",IFERROR(I41*($I$9/100),"")) -> 46.05 | CM41: =IF(CL41="","",CL41/$CL$9) -> 0.921 | CW41: =IF(CV41="","",CV41/$CV$9) | CY41: =IF(CX41="","",CX41/$CX$9) | DD41: =IF(U41="","",IFERROR(U41*($U$9/100),"")) -> 39.5 | DE41: =IF(DD41="","",DD41/$DD$9) -> 0.79 | DF41: =IF(V41="","",IFERROR(V41*($V$9/100),"")) -> 39.5 | DG41: =IF(DF41="","",DF41/$DF$9) -> 0.79 | DX41: =IF(K41="","",IFERROR(K41*($K$9/100),"")) -> 45 | DY41: =IF(DX41="","",DX41/$DX$9) -> 0.9 | ED41: =IF(L41="","",IFERROR(L41*($L$9/100),"")) -> 41.025 | EE41: =IF(ED41="","",ED41/$ED$9) -> 0.8205 | EI41: =IF(EH41="","",EH41/$EH$9) | EK41: =IF(EJ41="","",EJ41/$EJ$9) | EM41: =IF(EL41="","",EL41/$EL$9) | EN41: =IF(N41="","",IFERROR(N41*($N$9/100),"")) -> 31.7497 | EO41: =IF(EN41="","",EN41/$EN$9) -> 0.8581 | ER41: =IF(O41="","",IFERROR(O41*($O$9/100),"")) -> 28.4988 | ES41: =IF(ER41="","",ER41/$ER$9) -> 0.8636 | ET41: =IF(P41="","",IFERROR(P41*($P$9/100),"")) -> 26.25 | EU41: =IF(ET41="","",ET41/$ET$9) -> 0.875 | EY41: =IF(EX41="","",EX41/$EX$9) | FA41: =IF(EZ41="","",EZ41/$EZ$9) | FB41: =IF(X41="","",IFERROR(X41*($X$9/100),"")) -> 39.6 | FC41: =IF(FB41="","",FB41/$FB$9) -> 0.792 | FD41: =IF(Y41="","",IFERROR(Y41*($Y$9/100),"")) -> 39.5 | FE41: =IF(FD41="","",FD41/$FD$9) -> 0.79 | FJ41: =IFERROR(IF(#REF!="","",IFERROR(#REF!*(#REF!/100),""))+IF(#REF!="","",IFERROR(#REF!*(#REF!/100),"")),"") | FK41: =IF(FJ41="","",FJ41/$FJ$9) | FL41: =IFERROR(IF(F41="","",IFERROR(F41*($F$9/100),""))+IF(I41="","",IFERROR(I41*($I$9/100),""))+IF(L41="","",IFERROR(L41*($L$9/100),""))+IF(V41="","",IFERROR(V41*($V$9/100),"")),"") -> 156.276 | FM41: =IF(FL41="","",FL41/$FL$9) -> 0.84473514 | FP41: =IFERROR(IF(#REF!="","",IFERROR(#REF!*(#REF!/100),""))+IF(#REF!="","",IFERROR(#REF!*(#REF!/100),"")),"") | FQ41: =IF(FP41="","",FP41/$FP$9) | FR41: =IFERROR(IF(#REF!="","",IFERROR(#REF!*(#REF!/100),"")),"") | FS41: =IF(FR41="","",FR41/$FR$9) | FT41: =SUM(BF41:FR41) -> 766.19154 | FU41: =FT41/$FT$9 -> #REF!
A42: 32 | B42: 24.05.52.3010 | C42: PUTRY MEINERS ELISABET FAHIK | D42: ='MK1-TM'!D50 -> 90.52 | E42: ='MK1-TM'!E50 -> 88.62 | F42: ='MK1-TM'!F50 -> 84.6 | G42: =IFERROR((D42*($D$9/100))+(E42*($E$9/100))+(F42*($F$9/100)),"") -> 87.65 | H42: ='MK2-TO'!D50 -> 89.3 | I42: ='MK2-TO'!E50 -> 88.4 | J42: =IFERROR((H42*($H$9/100))+(I42*($I$9/100)),"") -> 88.85 | K42: ='MK3-PSTI'!D51 -> 90 | L42: ='MK3-PSTI'!E51 -> 82.69 | M42: =IFERROR((K42*($K$9/100))+(L42*($L$9/100)),"") -> 86.345 | N42: =IF('MK4-L&A'!D50="","",'MK4-L&A'!D50) -> 83.92 | O42: ='MK4-L&A'!E50 -> 84.55 | P42: ='MK4-L&A'!F50 -> 85.83 | Q42: =IFERROR((N42*($N$9/100))+(O42*($O$9/100))+(P42*($P$9/100)),"") -> 84.7009 | R42: ='MK5-BP'!D51 -> 84.9 | S42: ='MK5-BP'!E51 -> 65.4 | T42: =IFERROR((R42*($R$9/100))+(S42*($S$9/100)),"") -> 75.15 | U42: =IF('MK7-MBD'!D49="","",'MK7-MBD'!D49) -> 79.2 | V42: =IF('MK7-MBD'!E49="","",'MK7-MBD'!E49) -> 79.2 | W42: =IFERROR((U42*($R$9/100))+(V42*($S$9/100)),"") -> 79.2 | X42: =IF(MK8_BID!D51="","",MK8_BID!D51) -> 89.7 | Y42: ='MK7-MBD'!E49 -> 79.2 | Z42: =IFERROR((X42*($X$9/100))+(Y42*($Y$9/100)),"") -> 84.45 | AB42: =IFERROR((D42*($D$9/100)+H42*($H$9/100)+K42*($K$9/100)+U42*($U$9/100)),"") -> 150.0696 | AC42: =IFERROR(AB42/$AB$8*100,"") -> 69.799814 | AD42: =IFERROR((#REF!*(#REF!/100)),"") | AE42: =IFERROR(AD42/$AD$8*100,"") | AF42: =IFERROR((N42*($N$9/100)+R42*($R$9/100)),"") -> 73.5004 | AG42: =IFERROR(AF42/$AF$8*100,"") -> 84.483218 | AH42: =IFERROR((#REF!*(#REF!/100)),"") | AI42: =IFERROR(AH42/$AH$8*100,"") | AR42: =IFERROR((P42*($P$9/100)+S42*($S$9/100)),"") -> 58.449 | AS42: =IFERROR(AR42/$AR$8*100,"") -> 73.06125 | AT42: =IFERROR((X42*($X$9/100)+#REF!*(#REF!/100)+#REF!*(#REF!/100)),"") | AU42: =IFERROR(AT42/$AT$8*100,"") | AX42: =IFERROR((#REF!*(#REF!/100)+#REF!*(#REF!/100)+#REF!*(#REF!/100)),"") | AY42: =IFERROR(AX42/$AX$8*100,"") | AZ42: =IFERROR((F42*($F$9/100)+I42*($I$9/100)+L42*($L$9/100)+V42*($V$9/100)),"") -> 154.755 | BA42: =IFERROR(AZ42/$AZ$8*100,"") -> 83.651351 | BB42: =IFERROR((#REF!*(#REF!/100)+#REF!*(#REF!/100)+#REF!*(#REF!/100)),"") | BC42: =IFERROR(BB42/$BB$8*100,"") | BG42: =IF(BF42="","",BF42/$BF$9) | BI42: =IF(BH42="","",BH42/$BH$9) | BM42: =IF(BL42="","",BL42/$BL$9) | BN42: =IF(D42="","",IFERROR(D42*($D$9/100),"")) -> 20.8196 | BO42: =IF(BN42="","",BN42/$BN$9) -> 0.9052 | BQ42: =IF(BP42="","",BP42/$BP$9) | BR42: =IFERROR(IF(E42="","",IFERROR(E42*($E$9/100),"")),"") -> 37.2204 | BS42: =IF(BR42="","",BR42/$BR$9) -> 0.8862 | BT42: =IFERROR(IF(F42="","",IFERROR(F42*($F$9/100),"")),"") -> 29.61 | BU42: =IF(BT42="","",BT42/$BT$9) -> 0.846 | BY42: =IF(BX42="","",BX42/$BX$9) | CB42: =IF(R42="","",IFERROR(R42*($R$9/100),"")) -> 42.45 | CC42: =IF(CB42="","",CB42/$CB$9) -> 0.849 | CD42: =IF(K42="","",IFERROR(K42*($K$9/100),"")) -> 45 | CE42: =IF(CD42="","",CD42/$CD$9) -> 0.9 | CH42: =IF(H42="","",IFERROR(H42*($H$9/100),"")) -> 44.65 | CI42: =IF(CH42="","",CH42/$CH$9) -> 0.893 | CL42: =IF(I42="","",IFERROR(I42*($I$9/100),"")) -> 44.2 | CM42: =IF(CL42="","",CL42/$CL$9) -> 0.884 | CW42: =IF(CV42="","",CV42/$CV$9) | CY42: =IF(CX42="","",CX42/$CX$9) | DD42: =IF(U42="","",IFERROR(U42*($U$9/100),"")) -> 39.6 | DE42: =IF(DD42="","",DD42/$DD$9) -> 0.792 | DF42: =IF(V42="","",IFERROR(V42*($V$9/100),"")) -> 39.6 | DG42: =IF(DF42="","",DF42/$DF$9) -> 0.792 | DX42: =IF(K42="","",IFERROR(K42*($K$9/100),"")) -> 45 | DY42: =IF(DX42="","",DX42/$DX$9) -> 0.9 | ED42: =IF(L42="","",IFERROR(L42*($L$9/100),"")) -> 41.345 | EE42: =IF(ED42="","",ED42/$ED$9) -> 0.8269 | EI42: =IF(EH42="","",EH42/$EH$9) | EK42: =IF(EJ42="","",EJ42/$EJ$9) | EM42: =IF(EL42="","",EL42/$EL$9) | EN42: =IF(N42="","",IFERROR(N42*($N$9/100),"")) -> 31.0504 | EO42: =IF(EN42="","",EN42/$EN$9) -> 0.8392 | ER42: =IF(O42="","",IFERROR(O42*($O$9/100),"")) -> 27.9015 | ES42: =IF(ER42="","",ER42/$ER$9) -> 0.8455 | ET42: =IF(P42="","",IFERROR(P42*($P$9/100),"")) -> 25.749 | EU42: =IF(ET42="","",ET42/$ET$9) -> 0.8583 | EY42: =IF(EX42="","",EX42/$EX$9) | FA42: =IF(EZ42="","",EZ42/$EZ$9) | FB42: =IF(X42="","",IFERROR(X42*($X$9/100),"")) -> 44.85 | FC42: =IF(FB42="","",FB42/$FB$9) -> 0.897 | FD42: =IF(Y42="","",IFERROR(Y42*($Y$9/100),"")) -> 39.6 | FE42: =IF(FD42="","",FD42/$FD$9) -> 0.792 | FJ42: =IFERROR(IF(#REF!="","",IFERROR(#REF!*(#REF!/100),""))+IF(#REF!="","",IFERROR(#REF!*(#REF!/100),"")),"") | FK42: =IF(FJ42="","",FJ42/$FJ$9) | FL42: =IFERROR(IF(F42="","",IFERROR(F42*($F$9/100),""))+IF(I42="","",IFERROR(I42*($I$9/100),""))+IF(L42="","",IFERROR(L42*($L$9/100),""))+IF(V42="","",IFERROR(V42*($V$9/100),"")),"") -> 154.755 | FM42: =IF(FL42="","",FL42/$FL$9) -> 0.83651351 | FP42: =IFERROR(IF(#REF!="","",IFERROR(#REF!*(#REF!/100),""))+IF(#REF!="","",IFERROR(#REF!*(#REF!/100),"")),"") | FQ42: =IF(FP42="","",FP42/$FP$9) | FR42: =IFERROR(IF(#REF!="","",IFERROR(#REF!*(#REF!/100),"")),"") | FS42: =IF(FR42="","",FR42/$FR$9) | FT42: =SUM(BF42:FR42) -> 767.94371 | FU42: =FT42/$FT$9 -> #REF!
BF43: =IF(U43="","",IFERROR(U43*($U$9/100),"")) | BH43: =IF(X43="","",IFERROR(X43*($BH$9/100),"")) | BP43: =IF(F43="","",IFERROR(F43*($F$9/100),"")) | BQ43: =IF(BP43="","",BP43/$BP$9) | CV43: =IF(N43="","",IFERROR(N43*($N$9/100),"")) | CW43: =IF(CV43="","",CV43/$CV$9) | CX43: =IF(P43="","",IFERROR(P43*($P$9/100),"")) | CY43: =IF(CX43="","",CX43/$CX$9) | DX43: =IF(K43="","",IFERROR(K43*($K$9/100),"")) | DY43: =IF(DX43="","",DX43/$DX$9) | ED43: =IF(L43="","",IFERROR(L43*($L$9/100),"")) | EU43: =IF(ET43="","",ET43/$ET$9) | EX43: =IF(R43="","",IFERROR(R43*($R$9/100),"")) | EY43: =IF(EX43="","",EX43/$EX$9) | EZ43: =IF(S43="","",IFERROR(S43*($S$9/100),"")) | FA43: =IF(EZ43="","",EZ43/$EZ$9)
D44: =D8 -> CPMK022 | F44: =F8 -> CPMK025 | H44: =H8 -> CPMK44 | I44: =I8 -> CPMK46 | K44: =K8 -> CPMK81 | L44: =L8 -> CPMK91 | N44: =N8 -> CPMK104 | P44: =P8 -> CPMK112 | R44: =R8 -> CPMK41 | S44: =S8 -> CPMK42 | U44: =U8 -> CPMK61 | V44: =V8 -> CPMK62 | X44: =X8 -> CPMK121 | BF44: =IF(U44="","",IFERROR(U44*($U$9/100),"")) | BH44: =IF(X44="","",IFERROR(X44*($BH$9/100),"")) | BP44: =IF(F44="","",IFERROR(F44*($F$9/100),"")) | BQ44: =IF(BP44="","",BP44/$BP$9) | CV44: =IF(N44="","",IFERROR(N44*($N$9/100),"")) | CW44: =IF(CV44="","",CV44/$CV$9) | CX44: =IF(P44="","",IFERROR(P44*($P$9/100),"")) | CY44: =IF(CX44="","",CX44/$CX$9) | DX44: =IF(K44="","",IFERROR(K44*($K$9/100),"")) | DY44: =IF(DX44="","",DX44/$DX$9) | ED44: =IF(L44="","",IFERROR(L44*($L$9/100),"")) | EH44: =IF(H44="","",IFERROR(H44*($H$9/100),"")) | EJ44: =IF(#REF!="","",IFERROR(#REF!*(#REF!/100),"")) -> #REF! | EK44: =IF(EJ44="","",EJ44/$EJ$9) -> #REF! | EL44: =IF(#REF!="","",IFERROR(#REF!*(#REF!/100),"")) -> #REF! | EM44: =IF(EL44="","",EL44/$EL$9) -> #REF! | EN44: =IF(#REF!="","",IFERROR(#REF!*(#REF!/100),"")) -> #REF! | ER44: =IF(I37="","",IFERROR(I44*($I$9/100),"")) | ES44: =IF(EL44="","",EL44/$EL$9) -> #REF! | EU44: =IF(ET44="","",ET44/$ET$9) | EX44: =IF(R44="","",IFERROR(R44*($R$9/100),"")) | EY44: =IF(EX44="","",EX44/$EX$9) | EZ44: =IF(S44="","",IFERROR(S44*($S$9/100),"")) | FA44: =IF(EZ44="","",EZ44/$EZ$9) | FD44: =IF(#REF!="","",IFERROR(#REF!*(#REF!/100),"")) -> #REF! | FE44: =IF(FD44="","",FD44/$FD$9) -> #REF! | FF44: =IF(#REF!="","",IFERROR(#REF!*(#REF!/100),"")) -> #REF! | FG44: =IF(FF44="","",FF44/$FF$9) -> #REF!
C45: <65 | D45: =COUNTIF(D11:D40,$C$45) -> 3 | F45: =COUNTIF(F11:F40,$C$45) -> 6 | G45: =COUNTIF(G11:G40,$C$45) -> 4 | H45: =COUNTIF(H11:H40,$C$45) -> 4 | I45: =COUNTIF(I11:I40,$C$45) -> 3 | J45: =COUNTIF(J11:J40,$C$45) -> 3 | K45: =COUNTIF(K11:K40,$C$45) -> 2 | L45: =COUNTIF(L11:L40,$C$45) -> 2 | M45: =COUNTIF(M11:M40,$C$45) -> 1 | N45: =COUNTIF(N11:N40,$C$45) -> 3 | P45: =COUNTIF(P11:P40,$C$45) -> 4 | Q45: =COUNTIF(Q11:Q40,$C$45) -> 4 | R45: =COUNTIF(R11:R40,$C$45) -> 1 | S45: =COUNTIF(S11:S40,$C$45) -> 1 | T45: =COUNTIF(T11:T40,$C$45) -> 1 | U45: =COUNTIF(U11:U40,$C$45) -> 6 | V45: =COUNTIF(V11:V40,$C$45) -> 1 | W45: =COUNTIF(W11:W40,$C$45) -> 1 | X45: =COUNTIF(X11:X40,$C$45) -> 6 | Z45: =COUNTIF(Z11:Z40,$C$45) -> 1 | BF45: =IF(U45="","",IFERROR(U45*($U$9/100),"")) -> 3 | BH45: =IF(X45="","",IFERROR(X45*($BH$9/100),"")) -> 0 | BP45: =IF(F45="","",IFERROR(F45*($F$9/100),"")) -> 2.1 | BQ45: =IF(BP45="","",BP45/$BP$9) -> #DIV/0! | CV45: =IF(N45="","",IFERROR(N45*($N$9/100),"")) -> 1.11 | CW45: =IF(CV45="","",CV45/$CV$9) -> 0.03 | CX45: =IF(P45="","",IFERROR(P45*($P$9/100),"")) -> 1.2 | CY45: =IF(CX45="","",CX45/$CX$9) -> 0.024 | DX45: =IF(K45="","",IFERROR(K45*($K$9/100),"")) -> 1 | DY45: =IF(DX45="","",DX45/$DX$9) -> 0.02 | ED45: =IF(L45="","",IFERROR(L45*($L$9/100),"")) -> 1 | EH45: =IF(H45="","",IFERROR(H45*($H$9/100),"")) -> 2 | EJ45: =IF(#REF!="","",IFERROR(#REF!*(#REF!/100),"")) -> #REF! | EK45: =IF(EJ45="","",EJ45/$EJ$9) -> #REF! | EL45: =IF(#REF!="","",IFERROR(#REF!*(#REF!/100),"")) -> #REF! | EM45: =IF(EL45="","",EL45/$EL$9) -> #REF! | EN45: =IF(#REF!="","",IFERROR(#REF!*(#REF!/100),"")) -> #REF! | ER45: =IF(I38="","",IFERROR(I45*($I$9/100),"")) -> 1.5 | ES45: =IF(EL45="","",EL45/$EL$9) -> #REF! | EU45: =IF(ET45="","",ET45/$ET$9) | EX45: =IF(R45="","",IFERROR(R45*($R$9/100),"")) -> 0.5 | EY45: =IF(EX45="","",EX45/$EX$9) -> 0.01 | EZ45: =IF(S45="","",IFERROR(S45*($S$9/100),"")) -> 0.5 | FA45: =IF(EZ45="","",EZ45/$EZ$9) -> 0.01 | FD45: =IF(#REF!="","",IFERROR(#REF!*(#REF!/100),"")) -> #REF! | FE45: =IF(FD45="","",FD45/$FD$9) -> #REF! | FF45: =IF(#REF!="","",IFERROR(#REF!*(#REF!/100),"")) -> #REF! | FG45: =IF(FF45="","",FF45/$FF$9) -> #REF!
C46: <85 | D46: =COUNTIF(D11:D40,$C$46)-D45 -> 19 | F46: =COUNTIF(F11:F40,$C$46)-F45 -> 17 | G46: =COUNTIF(G11:G40,$C$46)-G45 -> 21 | H46: =COUNTIF(H11:H40,$C$46)-H45 -> 17 | I46: =COUNTIF(I11:I40,$C$46)-I45 -> 20 | J46: =COUNTIF(J11:J40,$C$46)-J45 -> 20 | K46: =COUNTIF(K11:K40,$C$46)-K45 -> 20 | L46: =COUNTIF(L11:L40,$C$46)-L45 -> 26 | M46: =COUNTIF(M11:M40,$C$46)-M45 -> 23 | N46: =COUNTIF(N11:N40,$C$46)-N45 -> 23 | P46: =COUNTIF(P11:P40,$C$46)-P45 -> 18 | Q46: =COUNTIF(Q11:Q40,$C$46)-Q45 -> 22 | R46: =COUNTIF(R11:R40,$C$46)-R45 -> 17 | S46: =COUNTIF(S11:S40,$C$46)-S45 -> 18 | T46: =COUNTIF(T11:T40,$C$46)-T45 -> 17 | U46: =COUNTIF(U11:U40,$C$46)-U45 -> 22 | V46: =COUNTIF(V11:V40,$C$46)-V45 -> 15 | W46: =COUNTIF(W11:W40,$C$46)-W45 -> 23 | X46: =COUNTIF(X11:X40,$C$46)-X45 -> 22 | Z46: =COUNTIF(Z11:Z40,$C$46)-Z45 -> 24 | BF46: =IF(U46="","",IFERROR(U46*($U$9/100),"")) -> 11 | BH46: =IF(X46="","",IFERROR(X46*($BH$9/100),"")) -> 0 | BP46: =IF(F46="","",IFERROR(F46*($F$9/100),"")) -> 5.95 | BQ46: =IF(BP46="","",BP46/$BP$9) -> #DIV/0! | CV46: =IF(N46="","",IFERROR(N46*($N$9/100),"")) -> 8.51 | CW46: =IF(CV46="","",CV46/$CV$9) -> 0.23 | CX46: =IF(P46="","",IFERROR(P46*($P$9/100),"")) -> 5.4 | CY46: =IF(CX46="","",CX46/$CX$9) -> 0.108 | DX46: =IF(K46="","",IFERROR(K46*($K$9/100),"")) -> 10 | DY46: =IF(DX46="","",DX46/$DX$9) -> 0.2 | ED46: =IF(L46="","",IFERROR(L46*($L$9/100),"")) -> 13 | EH46: =IF(H46="","",IFERROR(H46*($H$9/100),"")) -> 8.5 | EJ46: =IF(#REF!="","",IFERROR(#REF!*(#REF!/100),"")) -> #REF! | EK46: =IF(EJ46="","",EJ46/$EJ$9) -> #REF! | EL46: =IF(#REF!="","",IFERROR(#REF!*(#REF!/100),"")) -> #REF! | EM46: =IF(EL46="","",EL46/$EL$9) -> #REF! | EN46: =IF(#REF!="","",IFERROR(#REF!*(#REF!/100),"")) -> #REF! | ER46: =IF(#REF!="","",IFERROR(I46*($I$9/100),"")) -> #REF! | ES46: =IF(EL46="","",EL46/$EL$9) -> #REF! | EU46: =IF(ET46="","",ET46/$ET$9) | EX46: =IF(R46="","",IFERROR(R46*($R$9/100),"")) -> 8.5 | EY46: =IF(EX46="","",EX46/$EX$9) -> 0.17 | EZ46: =IF(S46="","",IFERROR(S46*($S$9/100),"")) -> 9 | FA46: =IF(EZ46="","",EZ46/$EZ$9) -> 0.18 | FD46: =IF(#REF!="","",IFERROR(#REF!*(#REF!/100),"")) -> #REF! | FE46: =IF(FD46="","",FD46/$FD$9) -> #REF! | FF46: =IF(#REF!="","",IFERROR(#REF!*(#REF!/100),"")) -> #REF! | FG46: =IF(FF46="","",FF46/$FF$9) -> #REF!
C47: >=85 | D47: =COUNTIF(D11:D40,$C$47) -> 8 | F47: =COUNTIF(F11:F40,$C$47) -> 7 | G47: =COUNTIF(G11:G40,$C$47) -> 5 | H47: =COUNTIF(H11:H40,$C$47) -> 9 | I47: =COUNTIF(I11:I40,$C$47) -> 7 | J47: =COUNTIF(J11:J40,$C$47) -> 7 | K47: =COUNTIF(K11:K40,$C$47) -> 8 | L47: =COUNTIF(L11:L40,$C$47) -> 2 | M47: =COUNTIF(M11:M40,$C$47) -> 6 | N47: =COUNTIF(N11:N40,$C$47) -> 4 | P47: =COUNTIF(P11:P40,$C$47) -> 8 | Q47: =COUNTIF(Q11:Q40,$C$47) -> 4 | R47: =COUNTIF(R11:R40,$C$47) -> 12 | S47: =COUNTIF(S11:S40,$C$47) -> 11 | T47: =COUNTIF(T11:T40,$C$47) -> 12 | U47: =COUNTIF(U11:U40,$C$47) -> 2 | V47: =COUNTIF(V11:V40,$C$47) -> 14 | W47: =COUNTIF(W11:W40,$C$47) -> 6 | X47: =COUNTIF(X11:X40,$C$47) -> 2 | Z47: =COUNTIF(Z11:Z40,$C$47) -> 5 | BF47: =IF(U47="","",IFERROR(U47*($U$9/100),"")) -> 1 | BH47: =IF(X47="","",IFERROR(X47*($BH$9/100),"")) -> 0 | BP47: =IF(F47="","",IFERROR(F47*($F$9/100),"")) -> 2.45 | BQ47: =IF(BP47="","",BP47/$BP$9) -> #DIV/0! | CV47: =IF(N47="","",IFERROR(N47*($N$9/100),"")) -> 1.48 | CW47: =IF(CV47="","",CV47/$CV$9) -> 0.04 | CX47: =IF(P47="","",IFERROR(P47*($P$9/100),"")) -> 2.4 | CY47: =IF(CX47="","",CX47/$CX$9) -> 0.048 | DX47: =IF(K47="","",IFERROR(K47*($K$9/100),"")) -> 4 | DY47: =IF(DX47="","",DX47/$DX$9) -> 0.08 | ED47: =IF(L47="","",IFERROR(L47*($L$9/100),"")) -> 1 | EH47: =IF(H47="","",IFERROR(H47*($H$9/100),"")) -> 4.5 | EJ47: =IF(#REF!="","",IFERROR(#REF!*(#REF!/100),"")) -> #REF! | EK47: =IF(EJ47="","",EJ47/$EJ$9) -> #REF! | EL47: =IF(#REF!="","",IFERROR(#REF!*(#REF!/100),"")) -> #REF! | EM47: =IF(EL47="","",EL47/$EL$9) -> #REF! | EN47: =IF(#REF!="","",IFERROR(#REF!*(#REF!/100),"")) -> #REF! | ER47: =IF(I39="","",IFERROR(I47*($I$9/100),"")) -> 3.5 | ES47: =IF(EL47="","",EL47/$EL$9) -> #REF! | EU47: =IF(ET47="","",ET47/$ET$9) | EX47: =IF(R47="","",IFERROR(R47*($R$9/100),"")) -> 6 | EY47: =IF(EX47="","",EX47/$EX$9) -> 0.12 | EZ47: =IF(S47="","",IFERROR(S47*($S$9/100),"")) -> 5.5 | FA47: =IF(EZ47="","",EZ47/$EZ$9) -> 0.11 | FD47: =IF(#REF!="","",IFERROR(#REF!*(#REF!/100),"")) -> #REF! | FE47: =IF(FD47="","",FD47/$FD$9) -> #REF! | FF47: =IF(#REF!="","",IFERROR(#REF!*(#REF!/100),"")) -> #REF! | FG47: =IF(FF47="","",FF47/$FF$9) -> #REF!
C48: Total | D48: =SUM(D45:D47) -> 30 | F48: =SUM(F45:F47) -> 30 | G48: =SUM(G45:G47) -> 30 | H48: =SUM(H45:H47) -> 30 | I48: =SUM(I45:I47) -> 30 | J48: =SUM(J45:J47) -> 30 | K48: =SUM(K45:K47) -> 30 | L48: =SUM(L45:L47) -> 30 | M48: =SUM(M45:M47) -> 30 | N48: =SUM(N45:N47) -> 30 | P48: =SUM(P45:P47) -> 30 | Q48: =SUM(Q45:Q47) -> 30 | R48: =SUM(R45:R47) -> 30 | S48: =SUM(S45:S47) -> 30 | T48: =SUM(T45:T47) -> 30 | U48: =SUM(U45:U47) -> 30 | V48: =SUM(V45:V47) -> 30 | W48: =SUM(W45:W47) -> 30 | X48: =SUM(X45:X47) -> 30 | Z48: =SUM(Z45:Z47) -> 30 | BF48: =IF(U48="","",IFERROR(U48*($U$9/100),"")) -> 15 | BH48: =IF(X48="","",IFERROR(X48*($BH$9/100),"")) -> 0 | BP48: =IF(F48="","",IFERROR(F48*($F$9/100),"")) -> 10.5 | BQ48: =IF(BP48="","",BP48/$BP$9) -> #DIV/0! | CV48: =IF(N48="","",IFERROR(N48*($N$9/100),"")) -> 11.1 | CW48: =IF(CV48="","",CV48/$CV$9) -> 0.3 | CX48: =IF(P48="","",IFERROR(P48*($P$9/100),"")) -> 9 | CY48: =IF(CX48="","",CX48/$CX$9) -> 0.18 | DX48: =IF(K48="","",IFERROR(K48*($K$9/100),"")) -> 15 | DY48: =IF(DX48="","",DX48/$DX$9) -> 0.3 | ED48: =IF(L48="","",IFERROR(L48*($L$9/100),"")) -> 15 | EH48: =IF(H48="","",IFERROR(H48*($H$9/100),"")) -> 15 | EJ48: =IF(#REF!="","",IFERROR(#REF!*(#REF!/100),"")) -> #REF! | EK48: =IF(EJ48="","",EJ48/$EJ$9) -> #REF! | EL48: =IF(#REF!="","",IFERROR(#REF!*(#REF!/100),"")) -> #REF! | EM48: =IF(EL48="","",EL48/$EL$9) -> #REF! | EN48: =IF(#REF!="","",IFERROR(#REF!*(#REF!/100),"")) -> #REF! | ER48: =IF(I40="","",IFERROR(I48*($I$9/100),"")) -> 15 | ES48: =IF(EL48="","",EL48/$EL$9) -> #REF! | EU48: =IF(ET48="","",ET48/$ET$9) | EX48: =IF(R48="","",IFERROR(R48*($R$9/100),"")) -> 15 | EY48: =IF(EX48="","",EX48/$EX$9) -> 0.3 | EZ48: =IF(S48="","",IFERROR(S48*($S$9/100),"")) -> 15 | FA48: =IF(EZ48="","",EZ48/$EZ$9) -> 0.3 | FD48: =IF(#REF!="","",IFERROR(#REF!*(#REF!/100),"")) -> #REF! | FE48: =IF(FD48="","",FD48/$FD$9) -> #REF! | FF48: =IF(#REF!="","",IFERROR(#REF!*(#REF!/100),"")) -> #REF! | FG48: =IF(FF48="","",FF48/$FF$9) -> #REF!
BF49: =IF(U49="","",IFERROR(U49*($U$9/100),"")) | BH49: =IF(X49="","",IFERROR(X49*($BH$9/100),"")) | BP49: =IF(F49="","",IFERROR(F49*($F$9/100),"")) | BQ49: =IF(BP49="","",BP49/$BP$9) | CV49: =IF(N49="","",IFERROR(N49*($N$9/100),"")) | CW49: =IF(CV49="","",CV49/$CV$9) | CX49: =IF(P49="","",IFERROR(P49*($P$9/100),"")) | CY49: =IF(CX49="","",CX49/$CX$9) | DX49: =IF(K49="","",IFERROR(K49*($K$9/100),"")) | DY49: =IF(DX49="","",DX49/$DX$9) | ED49: =IF(L49="","",IFERROR(L49*($L$9/100),"")) | EH49: =IF(H49="","",IFERROR(H49*($H$9/100),"")) | EJ49: =IF(#REF!="","",IFERROR(#REF!*(#REF!/100),"")) -> #REF! | EK49: =IF(EJ49="","",EJ49/$EJ$9) -> #REF! | EL49: =IF(#REF!="","",IFERROR(#REF!*(#REF!/100),"")) -> #REF! | EM49: =IF(EL49="","",EL49/$EL$9) -> #REF! | EN49: =IF(#REF!="","",IFERROR(#REF!*(#REF!/100),"")) -> #REF! | ER49: =IF(I41="","",IFERROR(I49*($I$9/100),"")) -> 0 | ES49: =IF(EL49="","",EL49/$EL$9) -> #REF! | EU49: =IF(ET49="","",ET49/$ET$9) | EX49: =IF(R49="","",IFERROR(R49*($R$9/100),"")) | EY49: =IF(EX49="","",EX49/$EX$9) | EZ49: =IF(S49="","",IFERROR(S49*($S$9/100),"")) | FA49: =IF(EZ49="","",EZ49/$EZ$9) | FD49: =IF(#REF!="","",IFERROR(#REF!*(#REF!/100),"")) -> #REF! | FE49: =IF(FD49="","",FD49/$FD$9) -> #REF! | FF49: =IF(#REF!="","",IFERROR(#REF!*(#REF!/100),"")) -> #REF! | FG49: =IF(FF49="","",FF49/$FF$9) -> #REF!
C50: Jumlah mhsw yg lulus CPMK | D50: =(D46+D47)/D48 -> 0.9 | F50: =(F46+F47)/F48 -> 0.8 | G50: =(G46+G47)/G48 -> 0.86666667 | H50: =(H46+H47)/H48 -> 0.86666667 | I50: =(I46+I47)/I48 -> 0.9 | J50: =(J46+J47)/J48 -> 0.9 | K50: =(K46+K47)/K48 -> 0.93333333 | L50: =(L46+L47)/L48 -> 0.93333333 | M50: =(M46+M47)/M48 -> 0.96666667 | N50: =(N46+N47)/N48 -> 0.9 | P50: =(P46+P47)/P48 -> 0.86666667 | Q50: =(Q46+Q47)/Q48 -> 0.86666667 | R50: =(R46+R47)/R48 -> 0.96666667 | S50: =(S46+S47)/S48 -> 0.96666667 | T50: =(T46+T47)/T48 -> 0.96666667 | U50: =(U46+U47)/U48 -> 0.8 | V50: =(V46+V47)/V48 -> 0.96666667 | W50: =(W46+W47)/W48 -> 0.96666667 | X50: =(X46+X47)/X48 -> 0.8 | Z50: =(Z46+Z47)/Z48 -> 0.96666667 | BF50: =IF(U50="","",IFERROR(U50*($U$9/100),"")) -> 0.4 | BH50: =IF(X50="","",IFERROR(X50*($BH$9/100),"")) -> 0 | BP50: =IF(F50="","",IFERROR(F50*($F$9/100),"")) -> 0.28 | BQ50: =IF(BP50="","",BP50/$BP$9) -> #DIV/0! | CV50: =IF(N50="","",IFERROR(N50*($N$9/100),"")) -> 0.333 | CW50: =IF(CV50="","",CV50/$CV$9) -> 0.009 | CX50: =IF(P50="","",IFERROR(P50*($P$9/100),"")) -> 0.26 | CY50: =IF(CX50="","",CX50/$CX$9) -> 0.0052 | DX50: =IF(K50="","",IFERROR(K50*($K$9/100),"")) -> 0.46666667 | DY50: =IF(DX50="","",DX50/$DX$9) -> 0.0093333333 | ED50: =IF(L50="","",IFERROR(L50*($L$9/100),"")) -> 0.46666667 | EH50: =IF(H50="","",IFERROR(H50*($H$9/100),"")) -> 0.43333333 | EJ50: =IF(#REF!="","",IFERROR(#REF!*(#REF!/100),"")) -> #REF! | EK50: =IF(EJ50="","",EJ50/$EJ$9) -> #REF! | EL50: =IF(#REF!="","",IFERROR(#REF!*(#REF!/100),"")) -> #REF! | EM50: =IF(EL50="","",EL50/$EL$9) -> #REF! | EN50: =IF(#REF!="","",IFERROR(#REF!*(#REF!/100),"")) -> #REF! | ER50: =IF(I42="","",IFERROR(I50*($I$9/100),"")) -> 0.45 | ES50: =IF(EL50="","",EL50/$EL$9) -> #REF! | EU50: =IF(ET50="","",ET50/$ET$9) | EX50: =IF(R50="","",IFERROR(R50*($R$9/100),"")) -> 0.48333333 | EY50: =IF(EX50="","",EX50/$EX$9) -> 0.0096666667 | EZ50: =IF(S50="","",IFERROR(S50*($S$9/100),"")) -> 0.48333333 | FA50: =IF(EZ50="","",EZ50/$EZ$9) -> 0.0096666667 | FD50: =IF(#REF!="","",IFERROR(#REF!*(#REF!/100),"")) -> #REF! | FE50: =IF(FD50="","",FD50/$FD$9) -> #REF! | FF50: =IF(#REF!="","",IFERROR(#REF!*(#REF!/100),"")) -> #REF! | FG50: =IF(FF50="","",FF50/$FF$9) -> #REF!
